LENGTH
(in cm)
WEIGHT-FOR-LENGTH
HEIGHT (in
cm)
WEIGHT-FOR-HEIGHT
DAYS
HEIGHT/LENGTH-FOR-AGE
DAYS
WEIGHT-FOR-AGE
DAYS
MUAC
L M S SD L M S SD L M S SD L M S SD L M S SD
45.0 -0.3833 2.4607 0.0903 0.2222 65.0 -0.3833 7.2402 0.0911 0.6598 0 1 49.1477 0.03790 1.8627 0 0.3809 3.2322 0.14171 0.4580 91 -0.1733 13.0245 0.08262 1.0761
45.1 -0.3833 2.4777 0.0903 0.2237 65.1 -0.3833 7.2627 0.0911 0.6618 1 1 49.3166 0.03783 1.8656 1 0.3259 3.1957 0.14578 0.4659 92 -0.1733 13.0371 0.08264 1.0774
45.2 -0.3833 2.4947 0.0903 0.2253 65.2 -0.3833 7.2852 0.0911 0.6638 2 1 49.4854 0.03776 1.8686 2 0.3101 3.2104 0.14637 0.4699 93 -0.1733 13.0496 0.08265 1.0785
45.3 -0.3833 2.5117 0.0903 0.2268 65.3 -0.3833 7.3076 0.0911 0.6657 3 1 49.6543 0.03770 1.8720 3 0.2986 3.2315 0.14657 0.4736 94 -0.1733 13.062 0.08266 1.0797
45.4 -0.3833 2.5287 0.0903 0.2284 65.4 -0.3833 7.3300 0.0911 0.6677 4 1 49.8232 0.03763 1.8748 4 0.2891 3.2558 0.14658 0.4772 95 -0.1733 13.0744 0.08267 1.0809
45.5 -0.3833 2.5457 0.0903 0.2300 65.5 -0.3833 7.3523 0.0911 0.6697 5 1 49.9921 0.03756 1.8777 5 0.2810 3.2821 0.14646 0.4807 96 -0.1733 13.0866 0.08269 1.0821
45.6 -0.3833 2.5627 0.0903 0.2315 65.6 -0.3833 7.3745 0.0911 0.6717 6 1 50.1609 0.03749 1.8805 6 0.2737 3.3099 0.14626 0.4841 97 -0.1733 13.0987 0.0827 1.0833
45.7 -0.3833 2.5797 0.0903 0.2331 65.7 -0.3833 7.3967 0.0911 0.6736 7 1 50.3298 0.03742 1.8833 7 0.2671 3.3388 0.14600 0.4875 98 -0.1733 13.1107 0.08271 1.0844
45.8 -0.3833 2.5967 0.0904 0.2346 65.8 -0.3833 7.4189 0.0911 0.6756 8 1 50.4987 0.03735 1.8861 8 0.2609 3.3687 0.14569 0.4908 99 -0.1733 13.1226 0.08273 1.0856
45.9 -0.3833 2.6137 0.0904 0.2362 65.9 -0.3833 7.4410 0.0911 0.6775 9 1 50.6676 0.03728 1.8889 9 0.2551 3.3995 0.14534 0.4941 100 -0.1733 13.1345 0.08274 1.0867
46.0 -0.3833 2.6306 0.0904 0.2377 66.0 -0.3833 7.4630 0.0910 0.6794 10 1 50.8365 0.03722 1.8921 10 0.2497 3.4314 0.14498 0.4975 101 -0.1733 13.1462 0.08275 1.0878
46.1 -0.3833 2.6476 0.0904 0.2393 66.1 -0.3833 7.4850 0.0910 0.6814 11 1 51.0053 0.03715 1.8948 11 0.2446 3.4643 0.14459 0.5009 102 -0.1733 13.1578 0.08276 1.0889
46.2 -0.3833 2.6646 0.0904 0.2408 66.2 -0.3833 7.5069 0.0910 0.6833 12 1 51.1742 0.03708 1.8975 12 0.2397 3.4983 0.14420 0.5045 103 -0.1733 13.1693 0.08277 1.0900
46.3 -0.3833 2.6816 0.0904 0.2424 66.3 -0.3833 7.5288 0.0910 0.6852 13 1 51.3431 0.03701 1.9002 13 0.2349 3.5333 0.14380 0.5081 104 -0.1733 13.1806 0.08279 1.0912
46.4 -0.3833 2.6986 0.0904 0.2440 66.4 -0.3833 7.5507 0.0910 0.6871 14 1 51.5120 0.03694 1.9029 14 0.2304 3.5693 0.14339 0.5118 105 -0.1733 13.1919 0.0828 1.0923
46.5 -0.3833 2.7155 0.0904 0.2455 66.5 -0.3833 7.5724 0.0910 0.6890 15 1 51.6510 0.03690 1.9059 15 0.2260 3.6063 0.14299 0.5157 106 -0.1733 13.2031 0.08281 1.0933
46.6 -0.3833 2.7326 0.0904 0.2471 66.6 -0.3833 7.5942 0.0910 0.6909 16 1 51.7895 0.03687 1.9095 16 0.2218 3.6438 0.14258 0.5195 107 -0.1733 13.2142 0.08282 1.0944
46.7 -0.3833 2.7496 0.0904 0.2486 66.7 -0.3833 7.6158 0.0910 0.6928 17 1 51.9272 0.03683 1.9125 17 0.2177 3.6818 0.14218 0.5235 108 -0.1733 13.2251 0.08283 1.0954
46.8 -0.3833 2.7666 0.0904 0.2502 66.8 -0.3833 7.6375 0.0910 0.6947 18 1 52.0641 0.03680 1.9160 18 0.2137 3.7201 0.14177 0.5274 109 -0.1733 13.236 0.08284 1.0965
46.9 -0.3833 2.7837 0.0904 0.2518 66.9 -0.3833 7.6590 0.0910 0.6966 19 1 52.2002 0.03676 1.9189 19 0.2099 3.7584 0.14138 0.5314 110 -0.1733 13.2467 0.08286 1.0976
47.0 -0.3833 2.8007 0.0904 0.2533 67.0 -0.3833 7.6806 0.0909 0.6985 20 1 52.3353 0.03673 1.9223 20 0.2061 3.7968 0.14098 0.5353 111 -0.1733 13.2574 0.08287 1.0986
47.1 -0.3833 2.8179 0.0905 0.2549 67.1 -0.3833 7.7020 0.0909 0.7003 21 1 52.4695 0.03669 1.9251 21 0.2024 3.8352 0.14060 0.5392 112 -0.1733 13.2679 0.08288 1.0996
47.2 -0.3833 2.8350 0.0905 0.2565 67.2 -0.3833 7.7234 0.0909 0.7021 22 1 52.6027 0.03666 1.9284 22 0.1989 3.8735 0.14021 0.5431 113 -0.1733 13.2783 0.08289 1.1006
47.3 -0.3833 2.8522 0.0905 0.2580 67.3 -0.3833 7.7448 0.0909 0.7040 23 1 52.7349 0.03663 1.9317 23 0.1954 3.9116 0.13984 0.5470 114 -0.1733 13.2886 0.0829 1.1016
47.4 -0.3833 2.8694 0.0905 0.2596 67.4 -0.3833 7.7661 0.0909 0.7059 24 1 52.8661 0.03660 1.9349 24 0.1919 3.9495 0.13947 0.5508 115 -0.1733 13.2988 0.08291 1.1026
47.5 -0.3833 2.8867 0.0905 0.2612 67.5 -0.3833 7.7874 0.0909 0.7077 25 1 52.9963 0.03656 1.9375 25 0.1886 3.9872 0.13910 0.5546 116 -0.1733 13.3089 0.08292 1.1036
47.6 -0.3833 2.9041 0.0905 0.2628 67.6 -0.3833 7.8086 0.0909 0.7096 26 1 53.1255 0.03653 1.9407 26 0.1853 4.0247 0.13875 0.5584 117 -0.1733 13.3189 0.08293 1.1045
47.7 -0.3833 2.9215 0.0905 0.2644 67.7 -0.3833 7.8298 0.0909 0.7114 27 1 53.2537 0.03650 1.9438 27 0.1821 4.0618 0.13840 0.5622 118 -0.1733 13.3288 0.08294 1.1055
47.8 -0.3833 2.9390 0.0905 0.2660 67.8 -0.3833 7.8509 0.0909 0.7133 28 1 53.3809 0.03647 1.9468 28 0.1789 4.0987 0.13805 0.5658 119 -0.1733 13.3386 0.08296 1.1066
47.9 -0.3833 2.9565 0.0905 0.2676 67.9 -0.3833 7.8720 0.0908 0.7151 29 1 53.5072 0.03644 1.9498 29 0.1758 4.1353 0.13771 0.5695 120 -0.1733 13.3482 0.08297 1.1075
48.0 -0.3833 2.9741 0.0905 0.2692 68.0 -0.3833 7.8930 0.0908 0.7169 30 1 53.6326 0.03641 1.9528 30 0.1727 4.1716 0.13738 0.5731 121 -0.1733 13.3578 0.08298 1.1084
48.1 -0.3833 2.9918 0.0905 0.2708 68.1 -0.3833 7.9140 0.0908 0.7187 31 1 53.7571 0.03638 1.9557 31 0.1697 4.2075 0.13706 0.5767 122 -0.1733 13.3672 0.08299 1.1093
48.2 -0.3833 3.0096 0.0905 0.2725 68.2 -0.3833 7.9350 0.0908 0.7205 32 1 53.8806 0.03636 1.9591 32 0.1668 4.2431 0.13674 0.5802 123 -0.1733 13.3766 0.083 1.1103
48.3 -0.3833 3.0275 0.0905 0.2741 68.3 -0.3833 7.9559 0.0908 0.7223 33 1 54.0031 0.03633 1.9619 33 0.1638 4.2783 0.13643 0.5837 124 -0.1733 13.3858 0.08301 1.1112
48.4 -0.3833 3.0455 0.0906 0.2758 68.4 -0.3833 7.9768 0.0908 0.7241 34 1 54.1247 0.03630 1.9647 34 0.1610 4.3131 0.13613 0.5871 125 -0.1733 13.3949 0.08302 1.1120
48.5 -0.3833 3.0636 0.0906 0.2774 68.5 -0.3833 7.9976 0.0908 0.7259 35 1 54.2454 0.03627 1.9675 35 0.1582 4.3476 0.13583 0.5905 126 -0.1733 13.4039 0.08303 1.1129
48.6 -0.3833 3.0818 0.0906 0.2791 68.6 -0.3833 8.0184 0.0908 0.7277 36 1 54.3651 0.03625 1.9707 36 0.1554 4.3818 0.13554 0.5939 127 -0.1733 13.4129 0.08304 1.1138
48.7 -0.3833 3.1001 0.0906 0.2808 68.7 -0.3833 8.0392 0.0908 0.7296 37 1 54.4839 0.03622 1.9734 37 0.1526 4.4155 0.13526 0.5972 128 -0.1733 13.4217 0.08305 1.1147
48.8 -0.3833 3.1186 0.0906 0.2825 68.8 -0.3833 8.0599 0.0907 0.7314 38 1 54.6018 0.03619 1.9760 38 0.1499 4.4490 0.13498 0.6005 129 -0.1733 13.4304 0.08306 1.1155
48.9 -0.3833 3.1372 0.0906 0.2842 68.9 -0.3833 8.0806 0.0907 0.7331 39 1 54.7187 0.03617 1.9792 39 0.1473 4.4820 0.13470 0.6037 130 -0.1733 13.439 0.08307 1.1164
49.0 -0.3833 3.1560 0.0906 0.2859 69.0 -0.3833 8.1012 0.0907 0.7349 40 1 54.8348 0.03614 1.9817 40 0.1446 4.5148 0.13444 0.6070 131 -0.1733 13.4475 0.08308 1.1172
49.1 -0.3833 3.1749 0.0906 0.2877 69.1 -0.3833 8.1218 0.0907 0.7366 41 1 54.9499 0.03612 1.9848 41 0.1420 4.5472 0.13418 0.6101 132 -0.1733 13.4559 0.08308 1.1179
49.2 -0.3833 3.1939 0.0906 0.2894 69.2 -0.3833 8.1424 0.0907 0.7384 42 1 55.0642 0.03609 1.9873 42 0.1395 4.5793 0.13392 0.6133 133 -0.1733 13.4642 0.08309 1.1187
49.3 -0.3833 3.2131 0.0906 0.2912 69.3 -0.3833 8.1630 0.0907 0.7402 43 1 55.1777 0.03607 1.9903 43 0.1369 4.6110 0.13367 0.6164 134 -0.1733 13.4724 0.0831 1.1196
49.4 -0.3833 3.2325 0.0906 0.2930 69.4 -0.3833 8.1835 0.0907 0.7420 44 1 55.2903 0.03604 1.9927 44 0.1344 4.6425 0.13342 0.6194 135 -0.1733 13.4805 0.08311 1.1204
49.5 -0.3833 3.2520 0.0906 0.2948 69.5 -0.3833 8.2039 0.0907 0.7437 45 1 55.4021 0.03602 1.9956 45 0.1320 4.6736 0.13318 0.6224 136 -0.1733 13.4886 0.08312 1.1212
49.6 -0.3833 3.2717 0.0907 0.2966 69.6 -0.3833 8.2244 0.0906 0.7455 46 1 55.5130 0.03600 1.9985 46 0.1295 4.7044 0.13295 0.6254 137 -0.1733 13.4965 0.08313 1.1220
49.7 -0.3833 3.2915 0.0907 0.2984 69.7 -0.3833 8.2448 0.0906 0.7472 47 1 55.6230 0.03597 2.0008 47 0.1271 4.7349 0.13272 0.6284 138 -0.1733 13.5043 0.08314 1.1227
49.8 -0.3833 3.3114 0.0907 0.3002 69.8 -0.3833 8.2651 0.0906 0.7490 48 1 55.7322 0.03595 2.0036 48 0.1247 4.7651 0.13250 0.6314 139 -0.1733 13.5121 0.08315 1.1235
49.9 -0.3833 3.3316 0.0907 0.3021 69.9 -0.3833 8.2855 0.0906 0.7507 49 1 55.8406 0.03593 2.0064 49 0.1224 4.7950 0.13228 0.6343 140 -0.1733 13.5197 0.08316 1.1243
50.0 -0.3833 3.3518 0.0907 0.3039 70.0 -0.3833 8.3058 0.0906 0.7524 50 1 55.9482 0.03591 2.0091 50 0.1200 4.8245 0.13206 0.6371 141 -0.1733 13.5273 0.08316 1.1249
LENGTH
(in cm)
WEIGHT-FOR-LENGTH
HEIGHT (in
cm)
WEIGHT-FOR-HEIGHT
DAYS
HEIGHT/LENGTH-FOR-AGE
DAYS
WEIGHT-FOR-AGE
DAYS
MUAC
L M S SD L M S SD L M S SD L M S SD L M S SD
50.1 -0.3833 3.3723 0.0907 0.3058 70.1 -0.3833 8.3261 0.0906 0.7542 51 1 56.0549 0.03588 2.0112 51 0.1177 4.8538 0.13185 0.6400 142 -0.1733 13.5348 0.08317 1.1257
50.2 -0.3833 3.3929 0.0907 0.3077 70.2 -0.3833 8.3464 0.0906 0.7559 52 1 56.1609 0.03586 2.0139 52 0.1154 4.8828 0.13165 0.6428 143 -0.1733 13.5422 0.08318 1.1264
50.3 -0.3833 3.4136 0.0907 0.3096 70.3 -0.3833 8.3666 0.0906 0.7577 53 1 56.2660 0.03584 2.0166 53 0.1132 4.9115 0.13145 0.6456 144 -0.1733 13.5495 0.08319 1.1272
50.4 -0.3833 3.4346 0.0907 0.3116 70.4 -0.3833 8.3869 0.0906 0.7594 54 1 56.3704 0.03582 2.0192 54 0.1109 4.9399 0.13125 0.6484 145 -0.1733 13.5567 0.0832 1.1279
50.5 -0.3833 3.4557 0.0907 0.3135 70.5 -0.3833 8.4071 0.0905 0.7611 55 1 56.4739 0.03580 2.0218 55 0.1087 4.9680 0.13106 0.6511 146 -0.1733 13.5638 0.08321 1.1286
50.6 -0.3833 3.4769 0.0907 0.3155 70.6 -0.3833 8.4273 0.0905 0.7628 56 1 56.5767 0.03578 2.0243 56 0.1065 4.9959 0.13087 0.6538 147 -0.1733 13.5709 0.08321 1.1292
50.7 -0.3833 3.4983 0.0907 0.3174 70.7 -0.3833 8.4474 0.0905 0.7646 57 1 56.6788 0.03576 2.0268 57 0.1044 5.0235 0.13068 0.6565 148 -0.1733 13.5778 0.08322 1.1299
50.8 -0.3833 3.5199 0.0907 0.3194 70.8 -0.3833 8.4676 0.0905 0.7663 58 1 56.7800 0.03574 2.0293 58 0.1022 5.0509 0.13050 0.6591 149 -0.1733 13.5847 0.08323 1.1307
50.9 -0.3833 3.5417 0.0908 0.3214 70.9 -0.3833 8.4877 0.0905 0.7680 59 1 56.8806 0.03572 2.0318 59 0.1001 5.0780 0.13033 0.6618 150 -0.1733 13.5915 0.08324 1.1314
51.0 -0.3833 3.5636 0.0908 0.3234 71.0 -0.3833 8.5078 0.0905 0.7697 60 1 56.9805 0.03570 2.0342 60 0.0980 5.1049 0.13015 0.6644 151 -0.1733 13.5983 0.08324 1.1319
51.1 -0.3833 3.5856 0.0908 0.3255 71.1 -0.3833 8.5278 0.0905 0.7714 61 1 57.0796 0.03568 2.0366 61 0.0959 5.1315 0.12998 0.6670 152 -0.1733 13.6049 0.08325 1.1326
51.2 -0.3833 3.6078 0.0908 0.3275 71.2 -0.3833 8.5479 0.0905 0.7732 62 1 57.1782 0.03566 2.0390 62 0.0938 5.1580 0.12982 0.6696 153 -0.1733 13.6115 0.08326 1.1333
51.3 -0.3833 3.6302 0.0908 0.3296 71.3 -0.3833 8.5679 0.0904 0.7748 63 1 57.2761 0.03564 2.0413 63 0.0918 5.1842 0.12966 0.6722 154 -0.1733 13.618 0.08327 1.1340
51.4 -0.3833 3.6527 0.0908 0.3317 71.4 -0.3833 8.5879 0.0904 0.7765 64 1 57.3733 0.03562 2.0436 64 0.0897 5.2102 0.12950 0.6747 155 -0.1733 13.6244 0.08327 1.1345
51.5 -0.3833 3.6754 0.0908 0.3337 71.5 -0.3833 8.6078 0.0904 0.7782 65 1 57.4699 0.03561 2.0465 65 0.0877 5.2360 0.12934 0.6772 156 -0.1733 13.6308 0.08328 1.1352
51.6 -0.3833 3.6982 0.0908 0.3358 71.6 -0.3833 8.6277 0.0904 0.7799 66 1 57.5659 0.03559 2.0488 66 0.0857 5.2616 0.12919 0.6797 157 -0.1733 13.6371 0.08329 1.1358
51.7 -0.3833 3.7212 0.0908 0.3380 71.7 -0.3833 8.6476 0.0904 0.7817 67 1 57.6613 0.03557 2.0510 67 0.0838 5.2870 0.12904 0.6822 158 -0.1733 13.6433 0.08329 1.1364
51.8 -0.3833 3.7444 0.0908 0.3401 71.8 -0.3833 8.6674 0.0904 0.7833 68 1 57.7560 0.03555 2.0532 68 0.0818 5.3121 0.12889 0.6847 159 -0.1733 13.6494 0.0833 1.1370
51.9 -0.3833 3.7677 0.0908 0.3423 71.9 -0.3833 8.6872 0.0904 0.7850 69 1 57.8501 0.03553 2.0554 69 0.0798 5.3370 0.12875 0.6871 160 -0.1733 13.6555 0.08331 1.1376
52.0 -0.3833 3.7911 0.0909 0.3444 72.0 -0.3833 8.7070 0.0904 0.7867 70 1 57.9436 0.03552 2.0582 70 0.0779 5.3618 0.12861 0.6896 161 -0.1733 13.6616 0.08331 1.1381
52.1 -0.3833 3.8147 0.0909 0.3466 72.1 -0.3833 8.7267 0.0903 0.7884 71 1 58.0365 0.03550 2.0603 71 0.0760 5.3863 0.12847 0.6920 162 -0.1733 13.6675 0.08332 1.1388
52.2 -0.3833 3.8385 0.0909 0.3488 72.2 -0.3833 8.7464 0.0903 0.7900 72 1 58.1288 0.03548 2.0624 72 0.0741 5.4107 0.12834 0.6944 163 -0.1733 13.6734 0.08333 1.1394
52.3 -0.3833 3.8623 0.0909 0.3510 72.3 -0.3833 8.7661 0.0903 0.7917 73 1 58.2206 0.03547 2.0651 73 0.0722 5.4348 0.12821 0.6968 164 -0.1733 13.6792 0.08333 1.1399
52.4 -0.3833 3.8863 0.0909 0.3532 72.4 -0.3833 8.7857 0.0903 0.7933 74 1 58.3117 0.03545 2.0671 74 0.0704 5.4587 0.12808 0.6992 165 -0.1733 13.685 0.08334 1.1405
52.5 -0.3833 3.9105 0.0909 0.3554 72.5 -0.3833 8.8053 0.0903 0.7949 75 1 58.4022 0.03543 2.0692 75 0.0685 5.4825 0.12795 0.7015 166 -0.1733 13.6907 0.08335 1.1411
52.6 -0.3833 3.9348 0.0909 0.3577 72.6 -0.3833 8.8248 0.0903 0.7966 76 1 58.4922 0.03542 2.0718 76 0.0667 5.5061 0.12783 0.7038 167 -0.1733 13.6963 0.08335 1.1416
52.7 -0.3833 3.9592 0.0909 0.3599 72.7 -0.3833 8.8443 0.0903 0.7983 77 1 58.5816 0.03540 2.0738 77 0.0648 5.5295 0.12770 0.7061 168 -0.1733 13.7019 0.08336 1.1422
52.8 -0.3833 3.9837 0.0909 0.3622 72.8 -0.3833 8.8638 0.0903 0.8000 78 1 58.6705 0.03539 2.0763 78 0.0630 5.5527 0.12758 0.7084 169 -0.1733 13.7074 0.08336 1.1426
52.9 -0.3833 4.0084 0.0909 0.3645 72.9 -0.3833 8.8831 0.0902 0.8015 79 1 58.7588 0.03537 2.0783 79 0.0612 5.5757 0.12747 0.7107 170 -0.1733 13.7129 0.08337 1.1432
53.0 -0.3833 4.0332 0.0909 0.3667 73.0 -0.3833 8.9025 0.0902 0.8032 80 1 58.8465 0.03536 2.0808 80 0.0595 5.5986 0.12735 0.7130 171 -0.1733 13.7183 0.08337 1.1437
53.1 -0.3833 4.0581 0.0909 0.3690 73.1 -0.3833 8.9217 0.0902 0.8048 81 1 58.9337 0.03534 2.0827 81 0.0577 5.6213 0.12724 0.7153 172 -0.1733 13.7237 0.08338 1.1443
53.2 -0.3833 4.0832 0.0910 0.3714 73.2 -0.3833 8.9410 0.0902 0.8065 82 1 59.0204 0.03533 2.0852 82 0.0559 5.6438 0.12713 0.7175 173 -0.1733 13.7289 0.08339 1.1449
53.3 -0.3833 4.1084 0.0910 0.3737 73.3 -0.3833 8.9601 0.0902 0.8080 83 1 59.1066 0.03531 2.0871 83 0.0542 5.6662 0.12702 0.7197 174 -0.1733 13.7342 0.08339 1.1453
53.4 -0.3833 4.1337 0.0910 0.3760 73.4 -0.3833 8.9792 0.0902 0.8097 84 1 59.1922 0.03530 2.0895 84 0.0525 5.6883 0.12691 0.7219 175 -0.1733 13.7394 0.0834 1.1459
53.5 -0.3833 4.1591 0.0910 0.3784 73.5 -0.3833 8.9983 0.0902 0.8113 85 1 59.2773 0.03528 2.0913 85 0.0508 5.7104 0.12681 0.7241 176 -0.1733 13.7445 0.0834 1.1463
53.6 -0.3833 4.1846 0.0910 0.3808 73.6 -0.3833 9.0173 0.0901 0.8128 86 1 59.3619 0.03527 2.0937 86 0.0490 5.7322 0.12671 0.7263 177 -0.1733 13.7496 0.08341 1.1469
53.7 -0.3833 4.2102 0.0910 0.3831 73.7 -0.3833 9.0363 0.0901 0.8144 87 1 59.4459 0.03526 2.0961 87 0.0474 5.7539 0.12660 0.7284 178 -0.1733 13.7546 0.08341 1.1473
53.8 -0.3833 4.2359 0.0910 0.3855 73.8 -0.3833 9.0552 0.0901 0.8161 88 1 59.5295 0.03524 2.0978 88 0.0457 5.7755 0.12651 0.7307 179 -0.1733 13.7595 0.08342 1.1478
53.9 -0.3833 4.2617 0.0910 0.3879 73.9 -0.3833 9.0740 0.0901 0.8177 89 1 59.6126 0.03523 2.1002 89 0.0440 5.7969 0.12641 0.7328 180 -0.1733 13.7645 0.08342 1.1482
54.0 -0.3833 4.2875 0.0910 0.3902 74.0 -0.3833 9.0928 0.0901 0.8192 90 1 59.6952 0.03521 2.1019 90 0.0424 5.8181 0.12631 0.7349 181 -0.1733 13.7693 0.08343 1.1488
54.1 -0.3833 4.3135 0.0910 0.3927 74.1 -0.3833 9.1116 0.0901 0.8208 91 1 59.7773 0.03520 2.1042 91 0.0407 5.8393 0.12622 0.7370 182 -0.1733 13.7741 0.08343 1.1492
54.2 -0.3833 4.3395 0.0910 0.3951 74.2 -0.3833 9.1303 0.0901 0.8224 92 1 59.8589 0.03519 2.1064 92 0.0391 5.8602 0.12613 0.7391 183 -0.1733 13.7789 0.08343 1.1496
54.3 -0.3833 4.3655 0.0911 0.3975 74.3 -0.3833 9.1490 0.0901 0.8239 93 1 59.9401 0.03517 2.1081 93 0.0375 5.8810 0.12604 0.7412 184 -0.1733 13.7836 0.08344 1.1501
54.4 -0.3833 4.3917 0.0911 0.3999 74.4 -0.3833 9.1676 0.0900 0.8255 94 1 60.0209 0.03516 2.1103 94 0.0358 5.9017 0.12595 0.7433 185 -0.1733 13.7883 0.08344 1.1505
54.5 -0.3833 4.4179 0.0911 0.4023 74.5 -0.3833 9.1862 0.0900 0.8270 95 1 60.1011 0.03515 2.1126 95 0.0342 5.9223 0.12586 0.7454 186 -0.1733 13.7929 0.08345 1.1510
54.6 -0.3833 4.4442 0.0911 0.4047 74.6 -0.3833 9.2048 0.0900 0.8285 96 1 60.1810 0.03514 2.1148 96 0.0327 5.9427 0.12577 0.7474 187 -0.1733 13.7975 0.08345 1.1514
54.7 -0.3833 4.4705 0.0911 0.4072 74.7 -0.3833 9.2233 0.0900 0.8301 97 1 60.2603 0.03512 2.1163 97 0.0311 5.9629 0.12569 0.7495 188 -0.1733 13.802 0.08345 1.1518
54.8 -0.3833 4.4969 0.0911 0.4096 74.8 -0.3833 9.2418 0.0900 0.8317 98 1 60.3393 0.03511 2.1185 98 0.0295 5.9831 0.12561 0.7515 189 -0.1733 13.8065 0.08346 1.1523
54.9 -0.3833 4.5233 0.0911 0.4120 74.9 -0.3833 9.2602 0.0900 0.8331 99 1 60.4178 0.03510 2.1207 99 0.0279 6.0031 0.12553 0.7536 190 -0.1733 13.8109 0.08346 1.1527
55.0 -0.3833 4.5498 0.0911 0.4145 75.0 -0.3833 9.2786 0.0900 0.8347 100 1 60.4958 0.03509 2.1228 100 0.0264 6.0229 0.12545 0.7556 191 -0.1733 13.8153 0.08347 1.1532
55.1 -0.3833 4.5763 0.0911 0.4169 75.1 -0.3833 9.2970 0.0900 0.8363 101 1 60.5734 0.03508 2.1249 101 0.0249 6.0426 0.12537 0.7576 192 -0.1733 13.8197 0.08347 1.1535
LENGTH
(in cm)
WEIGHT-FOR-LENGTH
HEIGHT (in
cm)
WEIGHT-FOR-HEIGHT
DAYS
HEIGHT/LENGTH-FOR-AGE
DAYS
WEIGHT-FOR-AGE
DAYS
MUAC
L M S SD L M S SD L M S SD L M S SD L M S SD
55.2 -0.3833 4.6029 0.0911 0.4194 75.2 -0.3833 9.3154 0.0899 0.8377 102 1 60.6506 0.03506 2.1264 102 0.0233 6.0622 0.12529 0.7595 193 -0.1733 13.824 0.08347 1.1539
55.3 -0.3833 4.6295 0.0911 0.4219 75.3 -0.3833 9.3337 0.0899 0.8393 103 1 60.7273 0.03505 2.1285 103 0.0218 6.0817 0.12522 0.7616 194 -0.1733 13.8282 0.08348 1.1544
55.4 -0.3833 4.6561 0.0911 0.4243 75.4 -0.3833 9.3520 0.0899 0.8408 104 1 60.8036 0.03504 2.1306 104 0.0203 6.1010 0.12514 0.7635 195 -0.1733 13.8324 0.08348 1.1547
55.5 -0.3833 4.6827 0.0911 0.4268 75.5 -0.3833 9.3703 0.0899 0.8423 105 1 60.8795 0.03503 2.1326 105 0.0188 6.1202 0.12507 0.7655 196 -0.1733 13.8366 0.08348 1.1551
55.6 -0.3833 4.7094 0.0912 0.4293 75.6 -0.3833 9.3886 0.0899 0.8438 106 1 60.9550 0.03502 2.1346 106 0.0173 6.1393 0.12500 0.7674 197 -0.1733 13.8407 0.08348 1.1554
55.7 -0.3833 4.7361 0.0912 0.4317 75.7 -0.3833 9.4069 0.0899 0.8454 107 1 61.0301 0.03501 2.1367 107 0.0158 6.1582 0.12493 0.7693 198 -0.1733 13.8448 0.08349 1.1559
55.8 -0.3833 4.7628 0.0912 0.4342 75.8 -0.3833 9.4252 0.0899 0.8469 108 1 61.1047 0.03500 2.1387 108 0.0144 6.1771 0.12486 0.7713 199 -0.1733 13.8489 0.08349 1.1562
55.9 -0.3833 4.7895 0.0912 0.4367 75.9 -0.3833 9.4435 0.0898 0.8484 109 1 61.1789 0.03499 2.1406 109 0.0129 6.1958 0.12479 0.7732 200 -0.1733 13.8529 0.08349 1.1566
56.0 -0.3833 4.8162 0.0912 0.4391 76.0 -0.3833 9.4617 0.0898 0.8499 110 1 61.2527 0.03497 2.1420 110 0.0114 6.2143 0.12472 0.7750 201 -0.1733 13.8569 0.08349 1.1569
56.1 -0.3833 4.8430 0.0912 0.4416 76.1 -0.3833 9.4800 0.0898 0.8514 111 1 61.3261 0.03496 2.1440 111 0.0100 6.2328 0.12466 0.7770 202 -0.1733 13.8608 0.0835 1.1574
56.2 -0.3833 4.8697 0.0912 0.4441 76.2 -0.3833 9.4983 0.0898 0.8529 112 1 61.3991 0.03495 2.1459 112 0.0086 6.2511 0.12459 0.7788 203 -0.1733 13.8647 0.0835 1.1577
56.3 -0.3833 4.8964 0.0912 0.4466 76.3 -0.3833 9.5166 0.0898 0.8545 113 1 61.4717 0.03494 2.1478 113 0.0071 6.2693 0.12453 0.7807 204 -0.1733 13.8685 0.0835 1.1580
56.4 -0.3833 4.9232 0.0912 0.4490 76.4 -0.3833 9.5350 0.0898 0.8560 114 1 61.5439 0.03493 2.1497 114 0.0057 6.2874 0.12447 0.7826 205 -0.1733 13.8723 0.0835 1.1583
56.5 -0.3833 4.9500 0.0912 0.4515 76.5 -0.3833 9.5533 0.0898 0.8575 115 1 61.6156 0.03492 2.1516 115 0.0043 6.3054 0.12441 0.7845 206 -0.1733 13.8761 0.08351 1.1588
56.6 -0.3833 4.9767 0.0912 0.4540 76.6 -0.3833 9.5717 0.0898 0.8591 116 1 61.6870 0.03491 2.1535 116 0.0029 6.3232 0.12435 0.7863 207 -0.1733 13.8799 0.08351 1.1591
56.7 -0.3833 5.0034 0.0912 0.4565 76.7 -0.3833 9.5901 0.0897 0.8605 117 1 61.7580 0.03490 2.1554 117 0.0015 6.3410 0.12429 0.7881 208 -0.1733 13.8836 0.08351 1.1594
56.8 -0.3833 5.0302 0.0912 0.4589 76.8 -0.3833 9.6086 0.0897 0.8621 118 1 61.8286 0.03489 2.1572 118 0.0001 6.3586 0.12423 0.7899 209 -0.1733 13.8872 0.08351 1.1597
56.9 -0.3833 5.0569 0.0912 0.4614 76.9 -0.3833 9.6271 0.0897 0.8636 119 1 61.8988 0.03488 2.1590 119 -0.0013 6.3761 0.12417 0.7917 210 -0.1733 13.8909 0.08351 1.1600
57.0 -0.3833 5.0837 0.0913 0.4639 77.0 -0.3833 9.6456 0.0897 0.8651 120 1 61.9686 0.03487 2.1608 120 -0.0026 6.3935 0.12412 0.7936 211 -0.1733 13.8945 0.08351 1.1603
57.1 -0.3833 5.1104 0.0913 0.4663 77.1 -0.3833 9.6642 0.0897 0.8667 121 1 62.0381 0.03487 2.1633 121 -0.0040 6.4108 0.12406 0.7953 212 -0.1733 13.898 0.08352 1.1608
57.2 -0.3833 5.1371 0.0913 0.4688 77.2 -0.3833 9.6828 0.0897 0.8682 122 1 62.1071 0.03486 2.1651 122 -0.0053 6.4280 0.12401 0.7971 213 -0.1733 13.9016 0.08352 1.1611
57.3 -0.3833 5.1639 0.0913 0.4713 77.3 -0.3833 9.7015 0.0897 0.8697 123 1 62.1758 0.03485 2.1668 123 -0.0067 6.4450 0.12395 0.7989 214 -0.1733 13.9051 0.08352 1.1614
57.4 -0.3833 5.1906 0.0913 0.4737 77.4 -0.3833 9.7202 0.0896 0.8713 124 1 62.2441 0.03484 2.1686 124 -0.0080 6.4620 0.12390 0.8006 215 -0.1733 13.9085 0.08352 1.1616
57.5 -0.3833 5.2173 0.0913 0.4762 77.5 -0.3833 9.7390 0.0896 0.8729 125 1 62.3120 0.03483 2.1703 125 -0.0094 6.4788 0.12385 0.8024 216 -0.1733 13.912 0.08352 1.1619
57.6 -0.3833 5.2440 0.0913 0.4787 77.6 -0.3833 9.7578 0.0896 0.8744 126 1 62.3795 0.03482 2.1721 126 -0.0107 6.4956 0.12380 0.8042 217 -0.1733 13.9154 0.08352 1.1622
57.7 -0.3833 5.2707 0.0913 0.4812 77.7 -0.3833 9.7767 0.0896 0.8760 127 1 62.4467 0.03481 2.1738 127 -0.0120 6.5122 0.12375 0.8059 218 -0.1733 13.9187 0.08352 1.1625
57.8 -0.3833 5.2974 0.0913 0.4836 77.8 -0.3833 9.7957 0.0896 0.8776 128 1 62.5135 0.03480 2.1755 128 -0.0133 6.5288 0.12370 0.8076 219 -0.1733 13.9221 0.08352 1.1628
57.9 -0.3833 5.3240 0.0913 0.4861 77.9 -0.3833 9.8147 0.0896 0.8791 129 1 62.5800 0.03479 2.1772 129 -0.0146 6.5452 0.12365 0.8093 220 -0.1733 13.9254 0.08352 1.1630
58.0 -0.3833 5.3507 0.0913 0.4885 78.0 -0.3833 9.8338 0.0896 0.8807 130 1 62.6461 0.03479 2.1795 130 -0.0159 6.5615 0.12360 0.8110 221 -0.1733 13.9287 0.08352 1.1633
58.1 -0.3833 5.3773 0.0913 0.4910 78.1 -0.3833 9.8530 0.0896 0.8823 131 1 62.7118 0.03478 2.1811 131 -0.0172 6.5777 0.12355 0.8127 222 -0.1733 13.9319 0.08352 1.1636
58.2 -0.3833 5.4039 0.0913 0.4934 78.2 -0.3833 9.8722 0.0895 0.8839 132 1 62.7772 0.03477 2.1828 132 -0.0185 6.5939 0.12351 0.8144 223 -0.1733 13.9351 0.08352 1.1639
58.3 -0.3833 5.4304 0.0913 0.4958 78.3 -0.3833 9.8915 0.0895 0.8855 133 1 62.8423 0.03476 2.1844 133 -0.0198 6.6099 0.12346 0.8161 224 -0.1733 13.9383 0.08352 1.1641
58.4 -0.3833 5.4569 0.0913 0.4983 78.4 -0.3833 9.9109 0.0895 0.8871 134 1 62.9070 0.03475 2.1860 134 -0.0210 6.6258 0.12342 0.8178 225 -0.1733 13.9415 0.08352 1.1644
58.5 -0.3833 5.4834 0.0913 0.5007 78.5 -0.3833 9.9303 0.0895 0.8888 135 1 62.9714 0.03475 2.1883 135 -0.0223 6.6416 0.12337 0.8194 226 -0.1733 13.9446 0.08352 1.1647
58.6 -0.3833 5.5098 0.0913 0.5032 78.6 -0.3833 9.9499 0.0895 0.8903 136 1 63.0354 0.03474 2.1898 136 -0.0235 6.6573 0.12333 0.8210 227 -0.1733 13.9477 0.08352 1.1649
58.7 -0.3833 5.5362 0.0913 0.5056 78.7 -0.3833 9.9695 0.0895 0.8920 137 1 63.0991 0.03473 2.1914 137 -0.0248 6.6729 0.12329 0.8227 228 -0.1733 13.9508 0.08352 1.1652
58.8 -0.3833 5.5625 0.0913 0.5080 78.8 -0.3833 9.9892 0.0895 0.8936 138 1 63.1626 0.03472 2.1930 138 -0.0260 6.6884 0.12325 0.8243 229 -0.1733 13.9539 0.08352 1.1654
58.9 -0.3833 5.5888 0.0913 0.5105 78.9 -0.3833 10.0090 0.0895 0.8953 139 1 63.2257 0.03471 2.1946 139 -0.0273 6.7039 0.12321 0.8260 230 -0.1733 13.9569 0.08352 1.1657
59.0 -0.3833 5.6151 0.0913 0.5129 79.0 -0.3833 10.0289 0.0894 0.8969 140 1 63.2884 0.03471 2.1967 140 -0.0285 6.7192 0.12317 0.8276 231 -0.1733 13.9599 0.08352 1.1659
59.1 -0.3833 5.6413 0.0913 0.5153 79.1 -0.3833 10.0489 0.0894 0.8986 141 1 63.3509 0.03470 2.1983 141 -0.0297 6.7344 0.12313 0.8292 232 -0.1733 13.9628 0.08352 1.1662
59.2 -0.3833 5.6674 0.0914 0.5177 79.2 -0.3833 10.0690 0.0894 0.9003 142 1 63.4131 0.03469 2.1998 142 -0.0309 6.7495 0.12309 0.8308 233 -0.1733 13.9658 0.08352 1.1664
59.3 -0.3833 5.6935 0.0914 0.5201 79.3 -0.3833 10.0891 0.0894 0.9020 143 1 63.4750 0.03469 2.2019 143 -0.0321 6.7646 0.12305 0.8324 234 -0.1733 13.9687 0.08352 1.1667
59.4 -0.3833 5.7195 0.0914 0.5225 79.4 -0.3833 10.1094 0.0894 0.9037 144 1 63.5365 0.03468 2.2034 144 -0.0333 6.7795 0.12301 0.8339 235 -0.1733 13.9716 0.08352 1.1669
59.5 -0.3833 5.7454 0.0914 0.5248 79.5 -0.3833 10.1298 0.0894 0.9053 145 1 63.5978 0.03467 2.2049 145 -0.0345 6.7944 0.12298 0.8356 236 -0.1733 13.9744 0.08352 1.1671
59.6 -0.3833 5.7713 0.0914 0.5273 79.6 -0.3833 10.1503 0.0894 0.9070 146 1 63.6588 0.03467 2.2071 146 -0.0357 6.8091 0.12294 0.8371 237 -0.1733 13.9773 0.08352 1.1674
59.7 -0.3833 5.7971 0.0914 0.5296 79.7 -0.3833 10.1709 0.0894 0.9088 147 1 63.7196 0.03466 2.2085 147 -0.0369 6.8238 0.12291 0.8387 238 -0.1733 13.9801 0.08352 1.1676
59.8 -0.3833 5.8229 0.0914 0.5320 79.8 -0.3833 10.1916 0.0893 0.9105 148 1 63.7800 0.03465 2.2100 148 -0.0381 6.8384 0.12287 0.8402 239 -0.1733 13.9829 0.08351 1.1677
59.9 -0.3833 5.8485 0.0914 0.5343 79.9 -0.3833 10.2123 0.0893 0.9123 149 1 63.8402 0.03465 2.2121 149 -0.0393 6.8529 0.12284 0.8418 240 -0.1733 13.9857 0.08351 1.1679
60.0 -0.3833 5.8742 0.0914 0.5367 80.0 -0.3833 10.2332 0.0893 0.9140 150 1 63.9000 0.03464 2.2135 150 -0.0404 6.8673 0.12281 0.8434 241 -0.1733 13.9884 0.08351 1.1682
60.1 -0.3833 5.8997 0.0914 0.5390 80.1 -0.3833 10.2542 0.0893 0.9157 151 1 63.9597 0.03463 2.2149 151 -0.0416 6.8816 0.12277 0.8449 242 -0.1733 13.9911 0.08351 1.1684
60.2 -0.3833 5.9252 0.0914 0.5414 80.2 -0.3833 10.2753 0.0893 0.9175 152 1 64.0190 0.03463 2.2170 152 -0.0428 6.8959 0.12274 0.8464 243 -0.1733 13.9938 0.08351 1.1686
LENGTH
(in cm)
WEIGHT-FOR-LENGTH
HEIGHT (in
cm)
WEIGHT-FOR-HEIGHT
DAYS
HEIGHT/LENGTH-FOR-AGE
DAYS
WEIGHT-FOR-AGE
DAYS
MUAC
L M S SD L M S SD L M S SD L M S SD L M S SD
60.3 -0.3833 5.9507 0.0914 0.5437 80.3 -0.3833 10.2965 0.0893 0.9193 153 1 64.0781 0.03462 2.2184 153 -0.0439 6.9100 0.12271 0.8479 244 -0.1733 13.9965 0.08351 1.1688
60.4 -0.3833 5.9761 0.0914 0.5460 80.4 -0.3833 10.3178 0.0893 0.9211 154 1 64.1370 0.03461 2.2198 154 -0.0450 6.9241 0.12268 0.8494 245 -0.1733 13.9991 0.0835 1.1689
60.5 -0.3833 6.0014 0.0914 0.5483 80.5 -0.3833 10.3393 0.0893 0.9229 155 1 64.1956 0.03461 2.2218 155 -0.0462 6.9381 0.12265 0.8510 246 -0.1733 14.0018 0.0835 1.1692
60.6 -0.3833 6.0266 0.0914 0.5507 80.6 -0.3833 10.3608 0.0893 0.9247 156 1 64.2539 0.03460 2.2232 156 -0.0473 6.9520 0.12262 0.8525 247 -0.1733 14.0044 0.0835 1.1694
60.7 -0.3833 6.0518 0.0914 0.5530 80.7 -0.3833 10.3824 0.0892 0.9265 157 1 64.3120 0.03460 2.2252 157 -0.0484 6.9659 0.12259 0.8539 248 -0.1733 14.007 0.0835 1.1696
60.8 -0.3833 6.0769 0.0914 0.5552 80.8 -0.3833 10.4041 0.0892 0.9284 158 1 64.3699 0.03459 2.2266 158 -0.0496 6.9797 0.12256 0.8554 249 -0.1733 14.0095 0.0835 1.1698
60.9 -0.3833 6.1020 0.0914 0.5575 80.9 -0.3833 10.4258 0.0892 0.9302 159 1 64.4276 0.03459 2.2286 159 -0.0507 6.9934 0.12254 0.8570 250 -0.1733 14.012 0.08349 1.1699
61.0 -0.3833 6.1270 0.0914 0.5598 81.0 -0.3833 10.4477 0.0892 0.9320 160 1 64.4850 0.03458 2.2299 160 -0.0518 7.0070 0.12251 0.8584 251 -0.1733 14.0146 0.08349 1.1701
61.1 -0.3833 6.1519 0.0914 0.5621 81.1 -0.3833 10.4697 0.0892 0.9339 161 1 64.5422 0.03457 2.2312 161 -0.0529 7.0205 0.12248 0.8599 252 -0.1733 14.017 0.08349 1.1703
61.2 -0.3833 6.1768 0.0914 0.5643 81.2 -0.3833 10.4918 0.0892 0.9358 162 1 64.5991 0.03457 2.2332 162 -0.0540 7.0340 0.12246 0.8614 253 -0.1733 14.0195 0.08349 1.1705
61.3 -0.3833 6.2017 0.0914 0.5666 81.3 -0.3833 10.5140 0.0892 0.9376 163 1 64.6559 0.03456 2.2345 163 -0.0551 7.0474 0.12243 0.8628 254 -0.1733 14.022 0.08348 1.1706
61.4 -0.3833 6.2264 0.0914 0.5688 81.4 -0.3833 10.5363 0.0892 0.9395 164 1 64.7124 0.03456 2.2365 164 -0.0562 7.0607 0.12241 0.8643 255 -0.1733 14.0244 0.08348 1.1708
61.5 -0.3833 6.2511 0.0914 0.5711 81.5 -0.3833 10.5586 0.0892 0.9414 165 1 64.7688 0.03455 2.2378 165 -0.0573 7.0740 0.12238 0.8657 256 -0.1733 14.0268 0.08348 1.1710
61.6 -0.3833 6.2758 0.0914 0.5734 81.6 -0.3833 10.5811 0.0892 0.9433 166 1 64.8249 0.03455 2.2397 166 -0.0583 7.0872 0.12236 0.8672 257 -0.1733 14.0292 0.08348 1.1712
61.7 -0.3833 6.3004 0.0914 0.5756 81.7 -0.3833 10.6037 0.0892 0.9453 167 1 64.8808 0.03454 2.2410 167 -0.0594 7.1003 0.12234 0.8687 258 -0.1733 14.0315 0.08347 1.1712
61.8 -0.3833 6.3249 0.0914 0.5778 81.8 -0.3833 10.6263 0.0891 0.9472 168 1 64.9366 0.03454 2.2429 168 -0.0605 7.1133 0.12231 0.8700 259 -0.1733 14.0339 0.08347 1.1714
61.9 -0.3833 6.3494 0.0914 0.5800 81.9 -0.3833 10.6491 0.0891 0.9492 169 1 64.9921 0.03453 2.2442 169 -0.0615 7.1263 0.12229 0.8715 260 -0.1733 14.0362 0.08347 1.1716
62.0 -0.3833 6.3738 0.0914 0.5822 82.0 -0.3833 10.6719 0.0891 0.9511 170 1 65.0474 0.03453 2.2461 170 -0.0626 7.1393 0.12227 0.8729 261 -0.1733 14.0385 0.08346 1.1717
62.1 -0.3833 6.3981 0.0914 0.5845 82.1 -0.3833 10.6948 0.0891 0.9530 171 1 65.1026 0.03453 2.2480 171 -0.0637 7.1521 0.12225 0.8743 262 -0.1733 14.0408 0.08346 1.1718
62.2 -0.3833 6.4224 0.0913 0.5866 82.2 -0.3833 10.7178 0.0891 0.9550 172 1 65.1576 0.03452 2.2492 172 -0.0647 7.1649 0.12223 0.8758 263 -0.1733 14.043 0.08346 1.1720
62.3 -0.3833 6.4466 0.0913 0.5888 82.3 -0.3833 10.7410 0.0891 0.9570 173 1 65.2123 0.03452 2.2511 173 -0.0658 7.1776 0.12221 0.8772 264 -0.1733 14.0453 0.08345 1.1721
62.4 -0.3833 6.4708 0.0913 0.5910 82.4 -0.3833 10.7641 0.0891 0.9590 174 1 65.2670 0.03451 2.2524 174 -0.0668 7.1903 0.12219 0.8786 265 -0.1733 14.0475 0.08345 1.1723
62.5 -0.3833 6.4948 0.0913 0.5932 82.5 -0.3833 10.7874 0.0891 0.9609 175 1 65.3214 0.03451 2.2542 175 -0.0678 7.2029 0.12217 0.8800 266 -0.1733 14.0497 0.08345 1.1724
62.6 -0.3833 6.5189 0.0913 0.5954 82.6 -0.3833 10.8108 0.0891 0.9629 176 1 65.3757 0.03450 2.2555 176 -0.0689 7.2154 0.12215 0.8814 267 -0.1733 14.0519 0.08344 1.1725
62.7 -0.3833 6.5429 0.0913 0.5976 82.7 -0.3833 10.8343 0.0891 0.9650 177 1 65.4298 0.03450 2.2573 177 -0.0699 7.2279 0.12214 0.8828 268 -0.1733 14.054 0.08344 1.1727
62.8 -0.3833 6.5668 0.0913 0.5997 82.8 -0.3833 10.8578 0.0891 0.9670 178 1 65.4837 0.03450 2.2592 178 -0.0709 7.2403 0.12212 0.8842 269 -0.1733 14.0562 0.08344 1.1728
62.9 -0.3833 6.5906 0.0913 0.6019 82.9 -0.3833 10.8814 0.0891 0.9690 179 1 65.5375 0.03449 2.2604 179 -0.0719 7.2527 0.12210 0.8856 270 -0.1733 14.0583 0.08343 1.1729
63.0 -0.3833 6.6144 0.0913 0.6040 83.0 -0.3833 10.9051 0.0891 0.9711 180 1 65.5911 0.03449 2.2622 180 -0.0729 7.2650 0.12208 0.8869 271 -0.1733 14.0604 0.08343 1.1731
63.1 -0.3833 6.6382 0.0913 0.6061 83.1 -0.3833 10.9289 0.0890 0.9731 181 1 65.6445 0.03449 2.2641 181 -0.0739 7.2772 0.12207 0.8883 272 -0.1733 14.0625 0.08342 1.1731
63.2 -0.3833 6.6619 0.0913 0.6082 83.2 -0.3833 10.9527 0.0890 0.9751 182 1 65.6978 0.03448 2.2653 182 -0.0749 7.2894 0.12205 0.8897 273 -0.1733 14.0646 0.08342 1.1733
63.3 -0.3833 6.6856 0.0913 0.6104 83.3 -0.3833 10.9767 0.0890 0.9773 183 1 65.7510 0.03448 2.2671 183 -0.0759 7.3016 0.12204 0.8911 274 -0.1733 14.0666 0.08342 1.1734
63.4 -0.3833 6.7092 0.0913 0.6125 83.4 -0.3833 11.0007 0.0890 0.9793 184 1 65.8040 0.03447 2.2683 184 -0.0769 7.3136 0.12202 0.8924 275 -0.1733 14.0687 0.08341 1.1735
63.5 -0.3833 6.7328 0.0913 0.6146 83.5 -0.3833 11.0248 0.0890 0.9814 185 1 65.8568 0.03447 2.2701 185 -0.0779 7.3256 0.12201 0.8938 276 -0.1733 14.0707 0.08341 1.1736
63.6 -0.3833 6.7563 0.0913 0.6167 83.6 -0.3833 11.0489 0.0890 0.9835 186 1 65.9095 0.03447 2.2719 186 -0.0789 7.3376 0.12200 0.8952 277 -0.1733 14.0727 0.0834 1.1737
63.7 -0.3833 6.7798 0.0913 0.6189 83.7 -0.3833 11.0731 0.0890 0.9856 187 1 65.9621 0.03447 2.2737 187 -0.0799 7.3495 0.12198 0.8965 278 -0.1733 14.0747 0.0834 1.1738
63.8 -0.3833 6.8033 0.0913 0.6209 83.8 -0.3833 11.0974 0.0890 0.9877 188 1 66.0145 0.03446 2.2749 188 -0.0808 7.3614 0.12197 0.8979 279 -0.1733 14.0766 0.08339 1.1738
63.9 -0.3833 6.8267 0.0913 0.6231 83.9 -0.3833 11.1218 0.0890 0.9898 189 1 66.0668 0.03446 2.2767 189 -0.0818 7.3732 0.12196 0.8992 280 -0.1733 14.0786 0.08339 1.1740
64.0 -0.3833 6.8501 0.0913 0.6251 84.0 -0.3833 11.1462 0.0890 0.9919 190 1 66.1189 0.03446 2.2785 190 -0.0828 7.3849 0.12195 0.9006 281 -0.1733 14.0805 0.08338 1.1740
64.1 -0.3833 6.8734 0.0913 0.6272 84.1 -0.3833 11.1707 0.0890 0.9941 191 1 66.1709 0.03445 2.2796 191 -0.0837 7.3966 0.12194 0.9019 282 -0.1733 14.0824 0.08338 1.1742
64.2 -0.3833 6.8967 0.0913 0.6293 84.2 -0.3833 11.1952 0.0890 0.9963 192 1 66.2228 0.03445 2.2814 192 -0.0847 7.4082 0.12192 0.9032 283 -0.1733 14.0844 0.08337 1.1742
64.3 -0.3833 6.9199 0.0912 0.6314 84.3 -0.3833 11.2198 0.0890 0.9983 193 1 66.2745 0.03445 2.2832 193 -0.0857 7.4198 0.12191 0.9045 284 -0.1733 14.0862 0.08337 1.1744
64.4 -0.3833 6.9431 0.0912 0.6334 84.4 -0.3833 11.2444 0.0890 1.0005 194 1 66.3261 0.03444 2.2843 194 -0.0866 7.4314 0.12190 0.9059 285 -0.1733 14.0881 0.08336 1.1744
64.5 -0.3833 6.9662 0.0912 0.6355 84.5 -0.3833 11.2691 0.0890 1.0026 195 1 66.3776 0.03444 2.2860 195 -0.0875 7.4429 0.12189 0.9072 286 -0.1733 14.09 0.08336 1.1745
64.6 -0.3833 6.9893 0.0912 0.6376 84.6 -0.3833 11.2939 0.0890 1.0048 196 1 66.4290 0.03444 2.2878 196 -0.0885 7.4543 0.12188 0.9085 287 -0.1733 14.0918 0.08335 1.1746
64.7 -0.3833 7.0124 0.0912 0.6396 84.7 -0.3833 11.3187 0.0890 1.0070 197 1 66.4802 0.03444 2.2896 197 -0.0894 7.4657 0.12188 0.9099 288 -0.1733 14.0937 0.08335 1.1747
64.8 -0.3833 7.0354 0.0912 0.6416 84.8 -0.3833 11.3435 0.0890 1.0092 198 1 66.5313 0.03444 2.2913 198 -0.0904 7.4770 0.12187 0.9112 289 -0.1733 14.0955 0.08334 1.1747
64.9 -0.3833 7.0583 0.0912 0.6437 84.9 -0.3833 11.3684 0.0890 1.0113 199 1 66.5823 0.03443 2.2924 199 -0.0913 7.4883 0.12186 0.9125 290 -0.1733 14.0973 0.08334 1.1749
65.0 -0.3833 7.0812 0.0912 0.6457 85.0 -0.3833 11.3934 0.0890 1.0136 200 1 66.6331 0.03443 2.2942 200 -0.0922 7.4995 0.12185 0.9138 291 -0.1733 14.0991 0.08333 1.1749
65.1 -0.3833 7.1041 0.0912 0.6478 85.1 -0.3833 11.4183 0.0890 1.0158 201 1 66.6839 0.03443 2.2959 201 -0.0931 7.5107 0.12184 0.9151 292 -0.1733 14.1008 0.08333 1.1750
65.2 -0.3833 7.1269 0.0912 0.6498 85.2 -0.3833 11.4434 0.0890 1.0180 202 1 66.7345 0.03443 2.2977 202 -0.0940 7.5219 0.12184 0.9165 293 -0.1733 14.1026 0.08332 1.1750
65.3 -0.3833 7.1497 0.0912 0.6518 85.3 -0.3833 11.4684 0.0890 1.0201 203 1 66.7850 0.03442 2.2987 203 -0.0950 7.5330 0.12183 0.9177 294 -0.1733 14.1043 0.08332 1.1752
LENGTH
(in cm)
WEIGHT-FOR-LENGTH
HEIGHT (in
cm)
WEIGHT-FOR-HEIGHT
DAYS
HEIGHT/LENGTH-FOR-AGE
DAYS
WEIGHT-FOR-AGE
DAYS
MUAC
L M S SD L M S SD L M S SD L M S SD L M S SD
65.4 -0.3833 7.1724 0.0912 0.6538 85.4 -0.3833 11.4935 0.0890 1.0223 204 1 66.8354 0.03442 2.3005 204 -0.0959 7.5440 0.12182 0.9190 295 -0.1733 14.1061 0.08331 1.1752
65.5 -0.3833 7.1950 0.0912 0.6558 85.5 -0.3833 11.5186 0.0890 1.0246 205 1 66.8857 0.03442 2.3022 205 -0.0968 7.5551 0.12182 0.9204 296 -0.1733 14.1078 0.08331 1.1753
65.6 -0.3833 7.2177 0.0911 0.6578 85.6 -0.3833 11.5437 0.0890 1.0268 206 1 66.9359 0.03442 2.3039 206 -0.0977 7.5660 0.12181 0.9216 297 -0.1733 14.1095 0.0833 1.1753
65.7 -0.3833 7.2402 0.0911 0.6598 85.7 -0.3833 11.5689 0.0890 1.0291 207 1 66.9859 0.03442 2.3057 207 -0.0986 7.5769 0.12181 0.9229 298 -0.1733 14.1112 0.08329 1.1753
65.8 -0.3833 7.2627 0.0911 0.6618 85.8 -0.3833 11.5940 0.0890 1.0313 208 1 67.0359 0.03442 2.3074 208 -0.0995 7.5878 0.12180 0.9242 299 -0.1733 14.1129 0.08329 1.1755
65.9 -0.3833 7.2852 0.0911 0.6638 85.9 -0.3833 11.6192 0.0890 1.0335 209 1 67.0858 0.03441 2.3084 209 -0.1003 7.5986 0.12180 0.9255 300 -0.1733 14.1146 0.08328 1.1755
66.0 -0.3833 7.3076 0.0911 0.6657 86.0 -0.3833 11.6444 0.0890 1.0358 210 1 67.1355 0.03441 2.3101 210 -0.1012 7.6094 0.12179 0.9267 301 -0.1733 14.1162 0.08328 1.1756
66.1 -0.3833 7.3300 0.0911 0.6677 86.1 -0.3833 11.6696 0.0890 1.0380 211 1 67.1852 0.03441 2.3118 211 -0.1021 7.6202 0.12179 0.9281 302 -0.1733 14.1179 0.08327 1.1756
66.2 -0.3833 7.3523 0.0911 0.6697 86.2 -0.3833 11.6948 0.0890 1.0403 212 1 67.2347 0.03441 2.3135 212 -0.1030 7.6309 0.12179 0.9294 303 -0.1733 14.1195 0.08326 1.1756
66.3 -0.3833 7.3745 0.0911 0.6717 86.3 -0.3833 11.7201 0.0890 1.0425 213 1 67.2842 0.03441 2.3152 213 -0.1039 7.6416 0.12178 0.9306 304 -0.1733 14.1211 0.08326 1.1757
66.4 -0.3833 7.3967 0.0911 0.6736 86.4 -0.3833 11.7453 0.0890 1.0447 214 1 67.3335 0.03441 2.3169 214 -0.1047 7.6522 0.12178 0.9319 305 -0.1733 14.1228 0.08325 1.1757
66.5 -0.3833 7.4189 0.0911 0.6756 86.5 -0.3833 11.7705 0.0890 1.0470 215 1 67.3828 0.03441 2.3186 215 -0.1056 7.6628 0.12178 0.9332 306 -0.1733 14.1244 0.08325 1.1759
66.6 -0.3833 7.4410 0.0911 0.6775 86.6 -0.3833 11.7957 0.0890 1.0492 216 1 67.4320 0.03441 2.3203 216 -0.1065 7.6733 0.12177 0.9344 307 -0.1733 14.126 0.08324 1.1758
66.7 -0.3833 7.4630 0.0910 0.6794 86.7 -0.3833 11.8209 0.0890 1.0515 217 1 67.4810 0.03440 2.3213 217 -0.1073 7.6838 0.12177 0.9357 308 -0.1733 14.1275 0.08323 1.1758
66.8 -0.3833 7.4850 0.0910 0.6814 86.8 -0.3833 11.8461 0.0890 1.0537 218 1 67.5300 0.03440 2.3230 218 -0.1082 7.6943 0.12177 0.9369 309 -0.1733 14.1291 0.08323 1.1760
66.9 -0.3833 7.5069 0.0910 0.6833 86.9 -0.3833 11.8713 0.0890 1.0561 219 1 67.5789 0.03440 2.3247 219 -0.1090 7.7047 0.12177 0.9382 310 -0.1733 14.1307 0.08322 1.1760
67.0 -0.3833 7.5288 0.0910 0.6852 87.0 -0.3833 11.8965 0.0890 1.0583 220 1 67.6277 0.03440 2.3264 220 -0.1099 7.7151 0.12177 0.9395 311 -0.1733 14.1322 0.08321 1.1759
67.1 -0.3833 7.5507 0.0910 0.6871 87.1 -0.3833 11.9217 0.0890 1.0606 221 1 67.6764 0.03440 2.3281 221 -0.1107 7.7254 0.12177 0.9407 312 -0.1733 14.1338 0.08321 1.1761
67.2 -0.3833 7.5724 0.0910 0.6890 87.2 -0.3833 11.9468 0.0890 1.0628 222 1 67.7250 0.03440 2.3297 222 -0.1116 7.7357 0.12177 0.9420 313 -0.1733 14.1353 0.0832 1.1761
67.3 -0.3833 7.5942 0.0910 0.6909 87.3 -0.3833 11.9720 0.0890 1.0650 223 1 67.7735 0.03440 2.3314 223 -0.1124 7.7460 0.12176 0.9432 314 -0.1733 14.1368 0.08319 1.1760
67.4 -0.3833 7.6158 0.0910 0.6928 87.4 -0.3833 11.9971 0.0890 1.0674 224 1 67.8219 0.03440 2.3331 224 -0.1132 7.7562 0.12176 0.9444 315 -0.1733 14.1383 0.08319 1.1762
67.5 -0.3833 7.6375 0.0910 0.6947 87.5 -0.3833 12.0223 0.0890 1.0696 225 1 67.8703 0.03440 2.3347 225 -0.1141 7.7664 0.12176 0.9456 316 -0.1733 14.1398 0.08318 1.1761
67.6 -0.3833 7.6590 0.0910 0.6966 87.6 -0.3833 12.0474 0.0890 1.0719 226 1 67.9185 0.03440 2.3364 226 -0.1149 7.7766 0.12176 0.9469 317 -0.1733 14.1413 0.08317 1.1761
67.7 -0.3833 7.6806 0.0909 0.6985 87.7 -0.3833 12.0725 0.0890 1.0742 227 1 67.9667 0.03440 2.3381 227 -0.1157 7.7867 0.12177 0.9482 318 -0.1733 14.1428 0.08317 1.1763
67.8 -0.3833 7.7020 0.0909 0.7003 87.8 -0.3833 12.0976 0.0890 1.0764 228 1 68.0148 0.03440 2.3397 228 -0.1165 7.7968 0.12177 0.9494 319 -0.1733 14.1443 0.08316 1.1762
67.9 -0.3833 7.7234 0.0909 0.7021 87.9 -0.3833 12.1227 0.0890 1.0787 229 1 68.0628 0.03440 2.3414 229 -0.1173 7.8068 0.12177 0.9506 320 -0.1733 14.1458 0.08315 1.1762
68.0 -0.3833 7.7448 0.0909 0.7040 88.0 -0.3833 12.1478 0.0890 1.0810 230 1 68.1107 0.03440 2.3430 230 -0.1181 7.8169 0.12177 0.9519 321 -0.1733 14.1472 0.08315 1.1763
68.1 -0.3833 7.7661 0.0909 0.7059 88.1 -0.3833 12.1728 0.0890 1.0833 231 1 68.1585 0.03440 2.3447 231 -0.1190 7.8268 0.12177 0.9531 322 -0.1733 14.1487 0.08314 1.1763
68.2 -0.3833 7.7874 0.0909 0.7077 88.2 -0.3833 12.1978 0.0890 1.0856 232 1 68.2063 0.03440 2.3463 232 -0.1198 7.8368 0.12177 0.9543 323 -0.1733 14.1501 0.08313 1.1763
68.3 -0.3833 7.8086 0.0909 0.7096 88.3 -0.3833 12.2229 0.0890 1.0878 233 1 68.2540 0.03440 2.3479 233 -0.1206 7.8467 0.12177 0.9555 324 -0.1733 14.1516 0.08313 1.1764
68.4 -0.3833 7.8298 0.0909 0.7114 88.4 -0.3833 12.2479 0.0890 1.0902 234 1 68.3016 0.03440 2.3496 234 -0.1214 7.8566 0.12178 0.9568 325 -0.1733 14.153 0.08312 1.1764
68.5 -0.3833 7.8509 0.0909 0.7133 88.5 -0.3833 12.2729 0.0890 1.0924 235 1 68.3491 0.03440 2.3512 235 -0.1222 7.8664 0.12178 0.9580 326 -0.1733 14.1544 0.08311 1.1764
68.6 -0.3833 7.8720 0.0908 0.7151 88.6 -0.3833 12.2978 0.0890 1.0948 236 1 68.3965 0.03440 2.3528 236 -0.1229 7.8762 0.12178 0.9592 327 -0.1733 14.1558 0.0831 1.1763
68.7 -0.3833 7.8930 0.0908 0.7169 88.7 -0.3833 12.3228 0.0890 1.0970 237 1 68.4439 0.03440 2.3545 237 -0.1237 7.8860 0.12178 0.9604 328 -0.1733 14.1572 0.0831 1.1765
68.8 -0.3833 7.9140 0.0908 0.7187 88.8 -0.3833 12.3477 0.0890 1.0993 238 1 68.4911 0.03440 2.3561 238 -0.1245 7.8957 0.12179 0.9616 329 -0.1733 14.1586 0.08309 1.1764
68.9 -0.3833 7.9350 0.0908 0.7205 88.9 -0.3833 12.3727 0.0890 1.1015 239 1 68.5383 0.03440 2.3577 239 -0.1253 7.9054 0.12179 0.9628 330 -0.1733 14.16 0.08308 1.1764
69.0 -0.3833 7.9559 0.0908 0.7223 89.0 -0.3833 12.3976 0.0890 1.1039 240 1 68.5855 0.03440 2.3593 240 -0.1261 7.9151 0.12179 0.9640 331 -0.1733 14.1614 0.08307 1.1764
69.1 -0.3833 7.9768 0.0908 0.7241 89.1 -0.3833 12.4225 0.0890 1.1061 241 1 68.6325 0.03440 2.3610 241 -0.1269 7.9247 0.12180 0.9652 332 -0.1733 14.1628 0.08307 1.1765
69.2 -0.3833 7.9976 0.0908 0.7259 89.2 -0.3833 12.4474 0.0891 1.1084 242 1 68.6795 0.03440 2.3626 242 -0.1276 7.9343 0.12180 0.9664 333 -0.1733 14.1642 0.08306 1.1765
69.3 -0.3833 8.0184 0.0908 0.7277 89.3 -0.3833 12.4723 0.0891 1.1108 243 1 68.7264 0.03440 2.3642 243 -0.1284 7.9439 0.12180 0.9676 334 -0.1733 14.1656 0.08305 1.1765
69.4 -0.3833 8.0392 0.0908 0.7296 89.4 -0.3833 12.4971 0.0891 1.1130 244 1 68.7732 0.03440 2.3658 244 -0.1292 7.9534 0.12181 0.9688 335 -0.1733 14.1669 0.08304 1.1764
69.5 -0.3833 8.0599 0.0907 0.7314 89.5 -0.3833 12.5220 0.0891 1.1153 245 1 68.8200 0.03440 2.3674 245 -0.1299 7.9629 0.12181 0.9700 336 -0.1733 14.1683 0.08304 1.1765
69.6 -0.3833 8.0806 0.0907 0.7331 89.6 -0.3833 12.5468 0.0891 1.1177 246 1 68.8666 0.03440 2.3690 246 -0.1307 7.9724 0.12182 0.9712 337 -0.1733 14.1696 0.08303 1.1765
69.7 -0.3833 8.1012 0.0907 0.7349 89.7 -0.3833 12.5717 0.0891 1.1200 247 1 68.9133 0.03440 2.3706 247 -0.1314 7.9819 0.12182 0.9724 338 -0.1733 14.171 0.08302 1.1765
69.8 -0.3833 8.1218 0.0907 0.7366 89.8 -0.3833 12.5965 0.0891 1.1222 248 1 68.9598 0.03440 2.3722 248 -0.1322 7.9913 0.12182 0.9735 339 -0.1733 14.1723 0.08301 1.1764
69.9 -0.3833 8.1424 0.0907 0.7384 89.9 -0.3833 12.6213 0.0891 1.1246 249 1 69.0063 0.03440 2.3738 249 -0.1329 8.0007 0.12183 0.9747 340 -0.1733 14.1737 0.08301 1.1766
70.0 -0.3833 8.1630 0.0907 0.7402 90.0 -0.3833 12.6461 0.0891 1.1269 250 1 69.0527 0.03440 2.3754 250 -0.1337 8.0100 0.12183 0.9759 341 -0.1733 14.175 0.083 1.1765
70.1 -0.3833 8.1835 0.0907 0.7420 90.1 -0.3833 12.6709 0.0891 1.1292 251 1 69.0990 0.03441 2.3777 251 -0.1344 8.0193 0.12184 0.9771 342 -0.1733 14.1763 0.08299 1.1765
70.2 -0.3833 8.2039 0.0907 0.7437 90.2 -0.3833 12.6957 0.0891 1.1314 252 1 69.1452 0.03441 2.3793 252 -0.1352 8.0286 0.12185 0.9783 343 -0.1733 14.1777 0.08298 1.1765
70.3 -0.3833 8.2244 0.0906 0.7455 90.3 -0.3833 12.7205 0.0891 1.1338 253 1 69.1914 0.03441 2.3809 253 -0.1359 8.0379 0.12185 0.9794 344 -0.1733 14.179 0.08297 1.1764
70.4 -0.3833 8.2448 0.0906 0.7472 90.4 -0.3833 12.7453 0.0891 1.1361 254 1 69.2376 0.03441 2.3825 254 -0.1367 8.0471 0.12186 0.9806 345 -0.1733 14.1803 0.08297 1.1765
LENGTH
(in cm)
WEIGHT-FOR-LENGTH
HEIGHT (in
cm)
WEIGHT-FOR-HEIGHT
DAYS
HEIGHT/LENGTH-FOR-AGE
DAYS
WEIGHT-FOR-AGE
DAYS
MUAC
L M S SD L M S SD L M S SD L M S SD L M S SD
70.5 -0.3833 8.2651 0.0906 0.7490 90.5 -0.3833 12.7700 0.0892 1.1384 255 1 69.2836 0.03441 2.3840 255 -0.1374 8.0563 0.12186 0.9817 346 -0.1733 14.1816 0.08296 1.1765
70.6 -0.3833 8.2855 0.0906 0.7507 90.6 -0.3833 12.7948 0.0892 1.1408 256 1 69.3296 0.03441 2.3856 256 -0.1381 8.0655 0.12187 0.9829 347 -0.1733 14.1829 0.08295 1.1765
70.7 -0.3833 8.3058 0.0906 0.7524 90.7 -0.3833 12.8196 0.0892 1.1431 257 1 69.3755 0.03441 2.3872 257 -0.1388 8.0746 0.12187 0.9841 348 -0.1733 14.1842 0.08294 1.1764
70.8 -0.3833 8.3261 0.0906 0.7542 90.8 -0.3833 12.8443 0.0892 1.1455 258 1 69.4214 0.03441 2.3888 258 -0.1396 8.0837 0.12188 0.9852 349 -0.1733 14.1855 0.08293 1.1764
70.9 -0.3833 8.3464 0.0906 0.7559 90.9 -0.3833 12.8691 0.0892 1.1478 259 1 69.4672 0.03441 2.3904 259 -0.1403 8.0928 0.12189 0.9864 350 -0.1733 14.1869 0.08293 1.1765
71.0 -0.3833 8.3666 0.0906 0.7577 91.0 -0.3833 12.8939 0.0892 1.1501 260 1 69.5129 0.03442 2.3926 260 -0.1410 8.1019 0.12189 0.9875 351 -0.1733 14.1882 0.08292 1.1765
71.1 -0.3833 8.3869 0.0906 0.7594 91.1 -0.3833 12.9186 0.0892 1.1525 261 1 69.5585 0.03442 2.3942 261 -0.1417 8.1109 0.12190 0.9887 352 -0.1733 14.1894 0.08291 1.1764
71.2 -0.3833 8.4071 0.0905 0.7611 91.2 -0.3833 12.9434 0.0892 1.1548 262 1 69.6041 0.03442 2.3958 262 -0.1424 8.1199 0.12190 0.9898 353 -0.1733 14.1907 0.0829 1.1764
71.3 -0.3833 8.4273 0.0905 0.7628 91.3 -0.3833 12.9681 0.0892 1.1571 263 1 69.6496 0.03442 2.3973 263 -0.1431 8.1289 0.12191 0.9910 354 -0.1733 14.192 0.08289 1.1764
71.4 -0.3833 8.4474 0.0905 0.7646 91.4 -0.3833 12.9929 0.0892 1.1595 264 1 69.6951 0.03442 2.3989 264 -0.1438 8.1378 0.12192 0.9922 355 -0.1733 14.1933 0.08289 1.1765
71.5 -0.3833 8.4676 0.0905 0.7663 91.5 -0.3833 13.0177 0.0893 1.1618 265 1 69.7405 0.03442 2.4005 265 -0.1445 8.1468 0.12192 0.9933 356 -0.1733 14.1946 0.08288 1.1764
71.6 -0.3833 8.4877 0.0905 0.7680 91.6 -0.3833 13.0424 0.0893 1.1642 266 1 69.7858 0.03443 2.4027 266 -0.1452 8.1557 0.12193 0.9944 357 -0.1733 14.1959 0.08287 1.1764
71.7 -0.3833 8.5078 0.0905 0.7697 91.7 -0.3833 13.0672 0.0893 1.1665 267 1 69.8311 0.03443 2.4043 267 -0.1459 8.1645 0.12194 0.9956 358 -0.1733 14.1972 0.08286 1.1764
71.8 -0.3833 8.5278 0.0905 0.7714 91.8 -0.3833 13.0920 0.0893 1.1689 268 1 69.8763 0.03443 2.4058 268 -0.1466 8.1734 0.12194 0.9967 359 -0.1733 14.1985 0.08285 1.1763
71.9 -0.3833 8.5479 0.0905 0.7732 91.9 -0.3833 13.1167 0.0893 1.1713 269 1 69.9215 0.03443 2.4074 269 -0.1473 8.1822 0.12195 0.9978 360 -0.1733 14.1998 0.08284 1.1763
72.0 -0.3833 8.5679 0.0904 0.7748 92.0 -0.3833 13.1415 0.0893 1.1737 270 1 69.9666 0.03443 2.4090 270 -0.1480 8.1910 0.12196 0.9990 361 -0.1733 14.201 0.08284 1.1764
72.1 -0.3833 8.5879 0.0904 0.7765 92.1 -0.3833 13.1663 0.0893 1.1760 271 1 70.0116 0.03444 2.4112 271 -0.1487 8.1998 0.12197 1.0001 362 -0.1733 14.2023 0.08283 1.1764
72.2 -0.3833 8.6078 0.0904 0.7782 92.2 -0.3833 13.1911 0.0893 1.1784 272 1 70.0566 0.03444 2.4127 272 -0.1494 8.2085 0.12197 1.0012 363 -0.1733 14.2036 0.08282 1.1763
72.3 -0.3833 8.6277 0.0904 0.7799 92.3 -0.3833 13.2158 0.0893 1.1807 273 1 70.1015 0.03444 2.4143 273 -0.1501 8.2172 0.12198 1.0023 364 -0.1733 14.2049 0.08281 1.1763
72.4 -0.3833 8.6476 0.0904 0.7817 92.4 -0.3833 13.2406 0.0894 1.1832 274 1 70.1463 0.03444 2.4158 274 -0.1507 8.2259 0.12199 1.0035 365 -0.1733 14.2062 0.0828 1.1763
72.5 -0.3833 8.6674 0.0904 0.7833 92.5 -0.3833 13.2654 0.0894 1.1855 275 1 70.1911 0.03444 2.4174 275 -0.1514 8.2346 0.12199 1.0045 366 -0.1733 14.2074 0.08279 1.1762
72.6 -0.3833 8.6872 0.0904 0.7850 92.6 -0.3833 13.2902 0.0894 1.1879 276 1 70.2358 0.03445 2.4196 276 -0.1521 8.2432 0.12200 1.0057 367 -0.1733 14.2087 0.08279 1.1763
72.7 -0.3833 8.7070 0.0904 0.7867 92.7 -0.3833 13.3151 0.0894 1.1904 277 1 70.2805 0.03445 2.4212 277 -0.1528 8.2519 0.12201 1.0068 368 -0.1733 14.21 0.08278 1.1763
72.8 -0.3833 8.7267 0.0903 0.7884 92.8 -0.3833 13.3399 0.0894 1.1927 278 1 70.3251 0.03445 2.4227 278 -0.1534 8.2605 0.12202 1.0079 369 -0.1733 14.2113 0.08277 1.1763
72.9 -0.3833 8.7464 0.0903 0.7900 92.9 -0.3833 13.3647 0.0894 1.1951 279 1 70.3697 0.03445 2.4242 279 -0.1541 8.2690 0.12202 1.0090 370 -0.1733 14.2126 0.08276 1.1762
73.0 -0.3833 8.7661 0.0903 0.7917 93.0 -0.3833 13.3896 0.0894 1.1976 280 1 70.4142 0.03445 2.4258 280 -0.1547 8.2776 0.12203 1.0101 371 -0.1733 14.2138 0.08275 1.1762
73.1 -0.3833 8.7857 0.0903 0.7933 93.1 -0.3833 13.4145 0.0895 1.1999 281 1 70.4586 0.03446 2.4280 281 -0.1554 8.2861 0.12204 1.0112 372 -0.1733 14.2151 0.08274 1.1762
73.2 -0.3833 8.8053 0.0903 0.7949 93.2 -0.3833 13.4394 0.0895 1.2024 282 1 70.5030 0.03446 2.4295 282 -0.1561 8.2946 0.12205 1.0124 373 -0.1733 14.2164 0.08274 1.1763
73.3 -0.3833 8.8248 0.0903 0.7966 93.3 -0.3833 13.4643 0.0895 1.2048 283 1 70.5474 0.03446 2.4311 283 -0.1567 8.3031 0.12206 1.0135 374 -0.1733 14.2177 0.08273 1.1762
73.4 -0.3833 8.8443 0.0903 0.7983 93.4 -0.3833 13.4892 0.0895 1.2071 284 1 70.5917 0.03446 2.4326 284 -0.1574 8.3116 0.12206 1.0145 375 -0.1733 14.2189 0.08272 1.1762
73.5 -0.3833 8.8638 0.0903 0.8000 93.5 -0.3833 13.5142 0.0895 1.2097 285 1 70.6359 0.03447 2.4348 285 -0.1580 8.3201 0.12207 1.0156 376 -0.1733 14.2202 0.08271 1.1762
73.6 -0.3833 8.8831 0.0902 0.8015 93.6 -0.3833 13.5391 0.0895 1.2120 286 1 70.6800 0.03447 2.4363 286 -0.1587 8.3285 0.12208 1.0167 377 -0.1733 14.2215 0.0827 1.1761
73.7 -0.3833 8.9025 0.0902 0.8032 93.7 -0.3833 13.5641 0.0895 1.2145 287 1 70.7241 0.03447 2.4379 287 -0.1593 8.3369 0.12209 1.0179 378 -0.1733 14.2228 0.08269 1.1761
73.8 -0.3833 8.9217 0.0902 0.8048 93.8 -0.3833 13.5892 0.0896 1.2169 288 1 70.7682 0.03448 2.4401 288 -0.1599 8.3453 0.12209 1.0189 379 -0.1733 14.224 0.08268 1.1760
73.9 -0.3833 8.9410 0.0902 0.8065 93.9 -0.3833 13.6142 0.0896 1.2194 289 1 70.8122 0.03448 2.4416 289 -0.1606 8.3536 0.12210 1.0200 380 -0.1733 14.2253 0.08267 1.1760
74.0 -0.3833 8.9601 0.0902 0.8080 94.0 -0.3833 13.6393 0.0896 1.2219 290 1 70.8561 0.03448 2.4431 290 -0.1612 8.3620 0.12211 1.0211 381 -0.1733 14.2266 0.08267 1.1761
74.1 -0.3833 8.9792 0.0902 0.8097 94.1 -0.3833 13.6644 0.0896 1.2243 291 1 70.9000 0.03448 2.4446 291 -0.1618 8.3703 0.12212 1.0222 382 -0.1733 14.2279 0.08266 1.1761
74.2 -0.3833 8.9983 0.0902 0.8113 94.2 -0.3833 13.6895 0.0896 1.2269 292 1 70.9439 0.03449 2.4469 292 -0.1625 8.3786 0.12213 1.0233 383 -0.1733 14.2292 0.08265 1.1760
74.3 -0.3833 9.0173 0.0901 0.8128 94.3 -0.3833 13.7146 0.0896 1.2292 293 1 70.9876 0.03449 2.4484 293 -0.1631 8.3869 0.12213 1.0243 384 -0.1733 14.2304 0.08264 1.1760
74.4 -0.3833 9.0363 0.0901 0.8144 94.4 -0.3833 13.7398 0.0897 1.2318 294 1 71.0314 0.03449 2.4499 294 -0.1637 8.3952 0.12214 1.0254 385 -0.1733 14.2317 0.08263 1.1760
74.5 -0.3833 9.0552 0.0901 0.8161 94.5 -0.3833 13.7650 0.0897 1.2343 295 1 71.0750 0.03450 2.4521 295 -0.1643 8.4035 0.12215 1.0265 386 -0.1733 14.233 0.08262 1.1759
74.6 -0.3833 9.0740 0.0901 0.8177 94.6 -0.3833 13.7902 0.0897 1.2367 296 1 71.1187 0.03450 2.4536 296 -0.1650 8.4117 0.12216 1.0276 387 -0.1733 14.2343 0.08261 1.1759
74.7 -0.3833 9.0928 0.0901 0.8192 94.7 -0.3833 13.8155 0.0897 1.2393 297 1 71.1622 0.03450 2.4551 297 -0.1656 8.4199 0.12217 1.0287 388 -0.1733 14.2356 0.08261 1.1760
74.8 -0.3833 9.1116 0.0901 0.8208 94.8 -0.3833 13.8408 0.0897 1.2418 298 1 71.2057 0.03450 2.4566 298 -0.1662 8.4281 0.12218 1.0297 389 -0.1733 14.2369 0.0826 1.1760
74.9 -0.3833 9.1303 0.0901 0.8224 94.9 -0.3833 13.8661 0.0897 1.2443 299 1 71.2492 0.03451 2.4588 299 -0.1668 8.4363 0.12218 1.0307 390 -0.1733 14.2381 0.08259 1.1759
75.0 -0.3833 9.1490 0.0901 0.8239 95.0 -0.3833 13.8914 0.0898 1.2468 300 1 71.2926 0.03451 2.4603 300 -0.1674 8.4445 0.12219 1.0318 391 -0.1733 14.2394 0.08258 1.1759
75.1 -0.3833 9.1676 0.0900 0.8255 95.1 -0.3833 13.9168 0.0898 1.2493 301 1 71.3359 0.03451 2.4618 301 -0.1680 8.4526 0.12220 1.0329 392 -0.1733 14.2407 0.08257 1.1759
75.2 -0.3833 9.1862 0.0900 0.8270 95.2 -0.3833 13.9422 0.0898 1.2519 302 1 71.3792 0.03452 2.4640 302 -0.1686 8.4607 0.12221 1.0340 393 -0.1733 14.242 0.08256 1.1758
75.3 -0.3833 9.2048 0.0900 0.8285 95.3 -0.3833 13.9676 0.0898 1.2544 303 1 71.4224 0.03452 2.4655 303 -0.1692 8.4688 0.12222 1.0351 394 -0.1733 14.2433 0.08255 1.1758
75.4 -0.3833 9.2233 0.0900 0.8301 95.4 -0.3833 13.9931 0.0898 1.2570 304 1 71.4656 0.03452 2.4670 304 -0.1698 8.4769 0.12222 1.0360 395 -0.1733 14.2446 0.08254 1.1757
75.5 -0.3833 9.2418 0.0900 0.8317 95.5 -0.3833 14.0186 0.0898 1.2594 305 1 71.5088 0.03453 2.4692 305 -0.1704 8.4850 0.12223 1.0371 396 -0.1733 14.2459 0.08254 1.1759
LENGTH
(in cm)
WEIGHT-FOR-LENGTH
HEIGHT (in
cm)
WEIGHT-FOR-HEIGHT
DAYS
HEIGHT/LENGTH-FOR-AGE
DAYS
WEIGHT-FOR-AGE
DAYS
MUAC
L M S SD L M S SD L M S SD L M S SD L M S SD
75.6 -0.3833 9.2602 0.0900 0.8331 95.6 -0.3833 14.0441 0.0899 1.2620 306 1 71.5518 0.03453 2.4707 306 -0.1710 8.4931 0.12224 1.0382 397 -0.1733 14.2472 0.08253 1.1758
75.7 -0.3833 9.2786 0.0900 0.8347 95.7 -0.3833 14.0697 0.0899 1.2646 307 1 71.5949 0.03453 2.4722 307 -0.1716 8.5011 0.12225 1.0393 398 -0.1733 14.2485 0.08252 1.1758
75.8 -0.3833 9.2970 0.0900 0.8363 95.8 -0.3833 14.0953 0.0899 1.2672 308 1 71.6378 0.03454 2.4744 308 -0.1722 8.5092 0.12226 1.0403 399 -0.1733 14.2498 0.08251 1.1758
75.9 -0.3833 9.3154 0.0899 0.8377 95.9 -0.3833 14.1209 0.0899 1.2698 309 1 71.6808 0.03454 2.4759 309 -0.1728 8.5172 0.12227 1.0414 400 -0.1733 14.2511 0.0825 1.1757
76.0 -0.3833 9.3337 0.0899 0.8393 96.0 -0.3833 14.1466 0.0899 1.2723 310 1 71.7236 0.03454 2.4773 310 -0.1734 8.5252 0.12227 1.0424 401 -0.1733 14.2524 0.08249 1.1757
76.1 -0.3833 9.3520 0.0899 0.8408 96.1 -0.3833 14.1724 0.0900 1.2749 311 1 71.7664 0.03455 2.4795 311 -0.1740 8.5332 0.12228 1.0434 402 -0.1733 14.2537 0.08248 1.1756
76.2 -0.3833 9.3703 0.0899 0.8423 96.2 -0.3833 14.1981 0.0900 1.2775 312 1 71.8092 0.03455 2.4810 312 -0.1745 8.5411 0.12229 1.0445 403 -0.1733 14.255 0.08247 1.1756
76.3 -0.3833 9.3886 0.0899 0.8438 96.3 -0.3833 14.2239 0.0900 1.2802 313 1 71.8519 0.03456 2.4832 313 -0.1751 8.5491 0.12230 1.0456 404 -0.1733 14.2563 0.08247 1.1757
76.4 -0.3833 9.4069 0.0899 0.8454 96.4 -0.3833 14.2498 0.0900 1.2828 314 1 71.8946 0.03456 2.4847 314 -0.1757 8.5570 0.12231 1.0466 405 -0.1733 14.2576 0.08246 1.1757
76.5 -0.3833 9.4252 0.0899 0.8469 96.5 -0.3833 14.2757 0.0900 1.2854 315 1 71.9372 0.03456 2.4861 315 -0.1763 8.5650 0.12231 1.0476 406 -0.1733 14.2589 0.08245 1.1756
76.6 -0.3833 9.4435 0.0898 0.8484 96.6 -0.3833 14.3016 0.0901 1.2880 316 1 71.9798 0.03457 2.4883 316 -0.1768 8.5729 0.12232 1.0486 407 -0.1733 14.2602 0.08244 1.1756
76.7 -0.3833 9.4617 0.0898 0.8499 96.7 -0.3833 14.3276 0.0901 1.2906 317 1 72.0223 0.03457 2.4898 317 -0.1774 8.5808 0.12233 1.0497 408 -0.1733 14.2615 0.08243 1.1756
76.8 -0.3833 9.4800 0.0898 0.8514 96.8 -0.3833 14.3537 0.0901 1.2933 318 1 72.0647 0.03457 2.4913 318 -0.1780 8.5887 0.12234 1.0507 409 -0.1733 14.2629 0.08242 1.1755
76.9 -0.3833 9.4983 0.0898 0.8529 96.9 -0.3833 14.3798 0.0901 1.2959 319 1 72.1071 0.03458 2.4935 319 -0.1785 8.5965 0.12235 1.0518 410 -0.1733 14.2642 0.08241 1.1755
77.0 -0.3833 9.5166 0.0898 0.8545 97.0 -0.3833 14.4059 0.0902 1.2987 320 1 72.1495 0.03458 2.4949 320 -0.1791 8.6044 0.12235 1.0527 411 -0.1733 14.2655 0.0824 1.1755
77.1 -0.3833 9.5350 0.0898 0.8560 97.1 -0.3833 14.4321 0.0902 1.3013 321 1 72.1918 0.03459 2.4971 321 -0.1797 8.6122 0.12236 1.0538 412 -0.1733 14.2668 0.0824 1.1756
77.2 -0.3833 9.5533 0.0898 0.8575 97.2 -0.3833 14.4584 0.0902 1.3040 322 1 72.2340 0.03459 2.4986 322 -0.1802 8.6201 0.12237 1.0548 413 -0.1733 14.2682 0.08239 1.1756
77.3 -0.3833 9.5717 0.0898 0.8591 97.3 -0.3833 14.4848 0.0902 1.3067 323 1 72.2762 0.03459 2.5000 323 -0.1808 8.6279 0.12238 1.0559 414 -0.1733 14.2695 0.08238 1.1755
77.4 -0.3833 9.5901 0.0897 0.8605 97.4 -0.3833 14.5112 0.0902 1.3093 324 1 72.3184 0.03460 2.5022 324 -0.1813 8.6357 0.12239 1.0569 415 -0.1733 14.2708 0.08237 1.1755
77.5 -0.3833 9.6086 0.0897 0.8621 97.5 -0.3833 14.5376 0.0903 1.3122 325 1 72.3605 0.03460 2.5037 325 -0.1819 8.6435 0.12239 1.0579 416 -0.1733 14.2722 0.08236 1.1755
77.6 -0.3833 9.6271 0.0897 0.8636 97.6 -0.3833 14.5642 0.0903 1.3149 326 1 72.4025 0.03461 2.5059 326 -0.1824 8.6512 0.12240 1.0589 417 -0.1733 14.2735 0.08235 1.1754
77.7 -0.3833 9.6456 0.0897 0.8651 97.7 -0.3833 14.5908 0.0903 1.3175 327 1 72.4445 0.03461 2.5073 327 -0.1830 8.6590 0.12241 1.0599 418 -0.1733 14.2749 0.08234 1.1754
77.8 -0.3833 9.6642 0.0897 0.8667 97.8 -0.3833 14.6174 0.0903 1.3204 328 1 72.4865 0.03461 2.5088 328 -0.1835 8.6667 0.12242 1.0610 419 -0.1733 14.2762 0.08233 1.1754
77.9 -0.3833 9.6828 0.0897 0.8682 97.9 -0.3833 14.6442 0.0904 1.3231 329 1 72.5284 0.03462 2.5109 329 -0.1841 8.6745 0.12243 1.0620 420 -0.1733 14.2775 0.08233 1.1755
78.0 -0.3833 9.7015 0.0897 0.8697 98.0 -0.3833 14.6710 0.0904 1.3258 330 1 72.5702 0.03462 2.5124 330 -0.1846 8.6822 0.12243 1.0630 421 -0.1733 14.2789 0.08232 1.1754
78.1 -0.3833 9.7202 0.0896 0.8713 98.1 -0.3833 14.6979 0.0904 1.3287 331 1 72.6120 0.03463 2.5146 331 -0.1851 8.6899 0.12244 1.0640 422 -0.1733 14.2803 0.08231 1.1754
78.2 -0.3833 9.7390 0.0896 0.8729 98.2 -0.3833 14.7248 0.0904 1.3314 332 1 72.6538 0.03463 2.5160 332 -0.1857 8.6976 0.12245 1.0650 423 -0.1733 14.2816 0.0823 1.1754
78.3 -0.3833 9.7578 0.0896 0.8744 98.3 -0.3833 14.7519 0.0904 1.3342 333 1 72.6955 0.03464 2.5182 333 -0.1862 8.7053 0.12246 1.0661 424 -0.1733 14.283 0.08229 1.1753
78.4 -0.3833 9.7767 0.0896 0.8760 98.4 -0.3833 14.7790 0.0905 1.3371 334 1 72.7372 0.03464 2.5196 334 -0.1867 8.7130 0.12246 1.0670 425 -0.1733 14.2843 0.08228 1.1753
78.5 -0.3833 9.7957 0.0896 0.8776 98.5 -0.3833 14.8062 0.0905 1.3398 335 1 72.7788 0.03464 2.5211 335 -0.1873 8.7207 0.12247 1.0680 426 -0.1733 14.2857 0.08227 1.1753
78.6 -0.3833 9.8147 0.0896 0.8791 98.6 -0.3833 14.8334 0.0905 1.3427 336 1 72.8203 0.03465 2.5232 336 -0.1878 8.7283 0.12248 1.0690 427 -0.1733 14.2871 0.08227 1.1754
78.7 -0.3833 9.8338 0.0896 0.8807 98.7 -0.3833 14.8608 0.0905 1.3455 337 1 72.8618 0.03465 2.5247 337 -0.1883 8.7360 0.12249 1.0701 428 -0.1733 14.2884 0.08226 1.1754
78.8 -0.3833 9.8530 0.0896 0.8823 98.8 -0.3833 14.8882 0.0906 1.3484 338 1 72.9033 0.03466 2.5268 338 -0.1889 8.7436 0.12249 1.0710 429 -0.1733 14.2898 0.08225 1.1753
78.9 -0.3833 9.8722 0.0895 0.8839 98.9 -0.3833 14.9157 0.0906 1.3512 339 1 72.9447 0.03466 2.5283 339 -0.1894 8.7512 0.12250 1.0720 430 -0.1733 14.2912 0.08224 1.1753
79.0 -0.3833 9.8915 0.0895 0.8855 99.0 -0.3833 14.9434 0.0906 1.3542 340 1 72.9861 0.03467 2.5304 340 -0.1899 8.7588 0.12251 1.0730 431 -0.1733 14.2926 0.08223 1.1753
79.1 -0.3833 9.9109 0.0895 0.8871 99.1 -0.3833 14.9711 0.0906 1.3570 341 1 73.0274 0.03467 2.5319 341 -0.1904 8.7664 0.12252 1.0741 432 -0.1733 14.294 0.08222 1.1753
79.2 -0.3833 9.9303 0.0895 0.8888 99.2 -0.3833 14.9989 0.0907 1.3600 342 1 73.0686 0.03468 2.5340 342 -0.1909 8.7740 0.12252 1.0750 433 -0.1733 14.2953 0.08222 1.1754
79.3 -0.3833 9.9499 0.0895 0.8903 99.3 -0.3833 15.0267 0.0907 1.3628 343 1 73.1099 0.03468 2.5355 343 -0.1914 8.7816 0.12253 1.0760 434 -0.1733 14.2967 0.08221 1.1753
79.4 -0.3833 9.9695 0.0895 0.8920 99.4 -0.3833 15.0547 0.0907 1.3658 344 1 73.1510 0.03469 2.5376 344 -0.1920 8.7892 0.12254 1.0770 435 -0.1733 14.2981 0.0822 1.1753
79.5 -0.3833 9.9892 0.0895 0.8936 99.5 -0.3833 15.0828 0.0908 1.3688 345 1 73.1922 0.03469 2.5390 345 -0.1925 8.7968 0.12254 1.0780 436 -0.1733 14.2995 0.08219 1.1753
79.6 -0.3833 10.0090 0.0895 0.8953 99.6 -0.3833 15.1109 0.0908 1.3716 346 1 73.2332 0.03469 2.5405 346 -0.1930 8.8043 0.12255 1.0790 437 -0.1733 14.3009 0.08218 1.1752
79.7 -0.3833 10.0289 0.0894 0.8969 99.7 -0.3833 15.1392 0.0908 1.3746 347 1 73.2743 0.03470 2.5426 347 -0.1935 8.8119 0.12256 1.0800 438 -0.1733 14.3023 0.08217 1.1752
79.8 -0.3833 10.0489 0.0894 0.8986 99.8 -0.3833 15.1676 0.0908 1.3777 348 1 73.3152 0.03470 2.5440 348 -0.1940 8.8194 0.12256 1.0809 439 -0.1733 14.3037 0.08217 1.1753
79.9 -0.3833 10.0690 0.0894 0.9003 99.9 -0.3833 15.1960 0.0909 1.3806 349 1 73.3562 0.03471 2.5462 349 -0.1945 8.8269 0.12257 1.0819 440 -0.1733 14.3051 0.08216 1.1753
80.0 -0.3833 10.0891 0.0894 0.9020 100.0 -0.3833 15.2246 0.0909 1.3836 350 1 73.3971 0.03471 2.5476 350 -0.1950 8.8344 0.12258 1.0829 441 -0.1733 14.3065 0.08215 1.1753
80.1 -0.3833 10.1094 0.0894 0.9037 100.1 -0.3833 15.2532 0.0909 1.3867 351 1 73.4379 0.03472 2.5498 351 -0.1955 8.8420 0.12259 1.0839 442 -0.1733 14.308 0.08214 1.1753
80.2 -0.3833 10.1298 0.0894 0.9053 100.2 -0.3833 15.2819 0.0909 1.3896 352 1 73.4787 0.03472 2.5512 352 -0.1960 8.8495 0.12259 1.0849 443 -0.1733 14.3094 0.08213 1.1752
80.3 -0.3833 10.1503 0.0894 0.9070 100.3 -0.3833 15.3108 0.0910 1.3927 353 1 73.5195 0.03473 2.5533 353 -0.1965 8.8569 0.12260 1.0859 444 -0.1733 14.3108 0.08212 1.1752
80.4 -0.3833 10.1709 0.0894 0.9088 100.4 -0.3833 15.3397 0.0910 1.3958 354 1 73.5602 0.03473 2.5547 354 -0.1970 8.8644 0.12261 1.0869 445 -0.1733 14.3122 0.08212 1.1753
80.5 -0.3833 10.1916 0.0893 0.9105 100.5 -0.3833 15.3687 0.0910 1.3989 355 1 73.6008 0.03474 2.5569 355 -0.1974 8.8719 0.12261 1.0878 446 -0.1733 14.3136 0.08211 1.1753
80.6 -0.3833 10.2123 0.0893 0.9123 100.6 -0.3833 15.3979 0.0911 1.4020 356 1 73.6414 0.03474 2.5583 356 -0.1979 8.8794 0.12262 1.0888 447 -0.1733 14.3151 0.0821 1.1753
LENGTH
(in cm)
WEIGHT-FOR-LENGTH
HEIGHT (in
cm)
WEIGHT-FOR-HEIGHT
DAYS
HEIGHT/LENGTH-FOR-AGE
DAYS
WEIGHT-FOR-AGE
DAYS
MUAC
L M S SD L M S SD L M S SD L M S SD L M S SD
80.7 -0.3833 10.2332 0.0893 0.9140 100.7 -0.3833 15.4271 0.0911 1.4049 357 1 73.6820 0.03475 2.5604 357 -0.1984 8.8868 0.12262 1.0897 448 -0.1733 14.3165 0.08209 1.1752
80.8 -0.3833 10.2542 0.0893 0.9157 100.8 -0.3833 15.4564 0.0911 1.4081 358 1 73.7225 0.03475 2.5619 358 -0.1989 8.8943 0.12263 1.0907 449 -0.1733 14.3179 0.08208 1.1752
80.9 -0.3833 10.2753 0.0893 0.9175 100.9 -0.3833 15.4858 0.0911 1.4112 359 1 73.7630 0.03476 2.5640 359 -0.1994 8.9017 0.12264 1.0917 450 -0.1733 14.3194 0.08208 1.1753
81.0 -0.3833 10.2965 0.0893 0.9193 101.0 -0.3833 15.5154 0.0912 1.4144 360 1 73.8034 0.03476 2.5654 360 -0.1999 8.9092 0.12264 1.0926 451 -0.1733 14.3208 0.08207 1.1753
81.1 -0.3833 10.3178 0.0893 0.9211 101.1 -0.3833 15.5450 0.0912 1.4175 361 1 73.8438 0.03477 2.5675 361 -0.2003 8.9166 0.12265 1.0936 452 -0.1733 14.3223 0.08206 1.1753
81.2 -0.3833 10.3393 0.0893 0.9229 101.2 -0.3833 15.5747 0.0912 1.4207 362 1 73.8842 0.03477 2.5690 362 -0.2008 8.9240 0.12266 1.0946 453 -0.1733 14.3237 0.08205 1.1753
81.3 -0.3833 10.3608 0.0893 0.9247 101.3 -0.3833 15.6046 0.0913 1.4239 363 1 73.9245 0.03478 2.5711 363 -0.2013 8.9314 0.12266 1.0955 454 -0.1733 14.3252 0.08204 1.1752
81.4 -0.3833 10.3824 0.0892 0.9265 101.4 -0.3833 15.6345 0.0913 1.4271 364 1 73.9647 0.03478 2.5725 364 -0.2018 8.9388 0.12267 1.0965 455 -0.1733 14.3266 0.08204 1.1754
81.5 -0.3833 10.4041 0.0892 0.9284 101.5 -0.3833 15.6646 0.0913 1.4303 365 1 74.0049 0.03479 2.5746 365 -0.2022 8.9462 0.12267 1.0974 456 -0.1733 14.3281 0.08203 1.1753
81.6 -0.3833 10.4258 0.0892 0.9302 101.6 -0.3833 15.6947 0.0913 1.4334 366 1 74.0451 0.03479 2.5760 366 -0.2027 8.9536 0.12268 1.0984 457 -0.1733 14.3295 0.08202 1.1753
81.7 -0.3833 10.4477 0.0892 0.9320 101.7 -0.3833 15.7250 0.0914 1.4366 367 1 74.0852 0.03480 2.5782 367 -0.2032 8.9610 0.12269 1.0994 458 -0.1733 14.331 0.08201 1.1753
81.8 -0.3833 10.4697 0.0892 0.9339 101.8 -0.3833 15.7553 0.0914 1.4399 368 1 74.1253 0.03480 2.5796 368 -0.2036 8.9684 0.12269 1.1003 459 -0.1733 14.3325 0.082 1.1753
81.9 -0.3833 10.4918 0.0892 0.9358 101.9 -0.3833 15.7858 0.0914 1.4431 369 1 74.1653 0.03481 2.5817 369 -0.2041 8.9757 0.12270 1.1013 460 -0.1733 14.3339 0.082 1.1754
82.0 -0.3833 10.5140 0.0892 0.9376 102.0 -0.3833 15.8164 0.0915 1.4466 370 1 74.2053 0.03482 2.5838 370 -0.2046 8.9831 0.12270 1.1022 461 -0.1733 14.3354 0.08199 1.1754
82.1 -0.3833 10.5363 0.0892 0.9395 102.1 -0.3833 15.8470 0.0915 1.4498 371 1 74.2452 0.03482 2.5852 371 -0.2050 8.9904 0.12271 1.1032 462 -0.1733 14.3369 0.08198 1.1753
82.2 -0.3833 10.5586 0.0892 0.9414 102.2 -0.3833 15.8778 0.0915 1.4531 372 1 74.2851 0.03483 2.5874 372 -0.2055 8.9978 0.12272 1.1042 463 -0.1733 14.3384 0.08197 1.1753
82.3 -0.3833 10.5811 0.0892 0.9433 102.3 -0.3833 15.9087 0.0916 1.4564 373 1 74.3250 0.03483 2.5887 373 -0.2059 9.0051 0.12272 1.1051 464 -0.1733 14.3399 0.08196 1.1753
82.4 -0.3833 10.6037 0.0892 0.9453 102.4 -0.3833 15.9396 0.0916 1.4597 374 1 74.3648 0.03484 2.5909 374 -0.2064 9.0125 0.12273 1.1061 465 -0.1733 14.3414 0.08196 1.1754
82.5 -0.3833 10.6263 0.0891 0.9472 102.5 -0.3833 15.9707 0.0916 1.4631 375 1 74.4045 0.03484 2.5923 375 -0.2068 9.0198 0.12273 1.1070 466 -0.1733 14.3429 0.08195 1.1754
82.6 -0.3833 10.6491 0.0891 0.9492 102.6 -0.3833 16.0019 0.0916 1.4664 376 1 74.4443 0.03485 2.5944 376 -0.2073 9.0271 0.12274 1.1080 467 -0.1733 14.3444 0.08194 1.1754
82.7 -0.3833 10.6719 0.0891 0.9511 102.7 -0.3833 16.0332 0.0917 1.4698 377 1 74.4839 0.03485 2.5958 377 -0.2077 9.0344 0.12274 1.1089 468 -0.1733 14.3459 0.08193 1.1754
82.8 -0.3833 10.6948 0.0891 0.9530 102.8 -0.3833 16.0645 0.0917 1.4731 378 1 74.5236 0.03486 2.5979 378 -0.2082 9.0417 0.12275 1.1099 469 -0.1733 14.3474 0.08193 1.1755
82.9 -0.3833 10.7178 0.0891 0.9550 102.9 -0.3833 16.0960 0.0917 1.4765 379 1 74.5632 0.03486 2.5993 379 -0.2086 9.0490 0.12275 1.1108 470 -0.1733 14.3489 0.08192 1.1755
83.0 -0.3833 10.7410 0.0891 0.9570 103.0 -0.3833 16.1276 0.0918 1.4800 380 1 74.6027 0.03487 2.6014 380 -0.2091 9.0563 0.12276 1.1118 471 -0.1733 14.3504 0.08191 1.1754
83.1 -0.3833 10.7641 0.0891 0.9590 103.1 -0.3833 16.1593 0.0918 1.4834 381 1 74.6422 0.03488 2.6035 381 -0.2095 9.0636 0.12276 1.1126 472 -0.1733 14.3519 0.0819 1.1754
83.2 -0.3833 10.7874 0.0891 0.9609 103.2 -0.3833 16.1910 0.0918 1.4868 382 1 74.6817 0.03488 2.6049 382 -0.2100 9.0709 0.12277 1.1136 473 -0.1733 14.3534 0.0819 1.1755
83.3 -0.3833 10.8108 0.0891 0.9629 103.3 -0.3833 16.2229 0.0919 1.4902 383 1 74.7211 0.03489 2.6070 383 -0.2104 9.0782 0.12277 1.1145 474 -0.1733 14.355 0.08189 1.1755
83.4 -0.3833 10.8343 0.0891 0.9650 103.4 -0.3833 16.2549 0.0919 1.4938 384 1 74.7605 0.03489 2.6084 384 -0.2108 9.0854 0.12278 1.1155 475 -0.1733 14.3565 0.08188 1.1755
83.5 -0.3833 10.8578 0.0891 0.9670 103.5 -0.3833 16.2870 0.0919 1.4973 385 1 74.7998 0.03490 2.6105 385 -0.2113 9.0927 0.12278 1.1164 476 -0.1733 14.358 0.08187 1.1755
83.6 -0.3833 10.8814 0.0891 0.9690 103.6 -0.3833 16.3191 0.0920 1.5007 386 1 74.8391 0.03490 2.6119 386 -0.2117 9.0999 0.12279 1.1174 477 -0.1733 14.3596 0.08187 1.1756
83.7 -0.3833 10.9051 0.0891 0.9711 103.7 -0.3833 16.3514 0.0920 1.5042 387 1 74.8784 0.03491 2.6140 387 -0.2121 9.1072 0.12279 1.1183 478 -0.1733 14.3611 0.08186 1.1756
83.8 -0.3833 10.9289 0.0890 0.9731 103.8 -0.3833 16.3837 0.0920 1.5078 388 1 74.9176 0.03491 2.6154 388 -0.2126 9.1144 0.12280 1.1192 479 -0.1733 14.3627 0.08185 1.1756
83.9 -0.3833 10.9527 0.0890 0.9751 103.9 -0.3833 16.4162 0.0921 1.5113 389 1 74.9567 0.03492 2.6175 389 -0.2130 9.1217 0.12280 1.1201 480 -0.1733 14.3642 0.08184 1.1756
84.0 -0.3833 10.9767 0.0890 0.9773 104.0 -0.3833 16.4488 0.0921 1.5148 390 1 74.9959 0.03493 2.6196 390 -0.2134 9.1289 0.12281 1.1211 481 -0.1733 14.3658 0.08184 1.1757
84.1 -0.3833 11.0007 0.0890 0.9793 104.1 -0.3833 16.4814 0.0921 1.5184 391 1 75.0349 0.03493 2.6210 391 -0.2139 9.1361 0.12281 1.1220 482 -0.1733 14.3673 0.08183 1.1757
84.2 -0.3833 11.0248 0.0890 0.9814 104.2 -0.3833 16.5142 0.0922 1.5219 392 1 75.0740 0.03494 2.6231 392 -0.2143 9.1434 0.12282 1.1230 483 -0.1733 14.3689 0.08182 1.1757
84.3 -0.3833 11.0489 0.0890 0.9835 104.3 -0.3833 16.5470 0.0922 1.5255 393 1 75.1130 0.03494 2.6244 393 -0.2147 9.1506 0.12282 1.1239 484 -0.1733 14.3705 0.08182 1.1758
84.4 -0.3833 11.0731 0.0890 0.9856 104.4 -0.3833 16.5800 0.0922 1.5292 394 1 75.1519 0.03495 2.6266 394 -0.2151 9.1578 0.12282 1.1248 485 -0.1733 14.372 0.08181 1.1758
84.5 -0.3833 11.0974 0.0890 0.9877 104.5 -0.3833 16.6131 0.0923 1.5327 395 1 75.1908 0.03495 2.6279 395 -0.2155 9.1650 0.12283 1.1257 486 -0.1733 14.3736 0.0818 1.1758
84.6 -0.3833 11.1218 0.0890 0.9898 104.6 -0.3833 16.6462 0.0923 1.5363 396 1 75.2297 0.03496 2.6300 396 -0.2160 9.1722 0.12283 1.1266 487 -0.1733 14.3752 0.08179 1.1757
84.7 -0.3833 11.1462 0.0890 0.9919 104.7 -0.3833 16.6795 0.0923 1.5400 397 1 75.2686 0.03497 2.6321 397 -0.2164 9.1794 0.12284 1.1276 488 -0.1733 14.3768 0.08179 1.1759
84.8 -0.3833 11.1707 0.0890 0.9941 104.8 -0.3833 16.7129 0.0924 1.5436 398 1 75.3073 0.03497 2.6335 398 -0.2168 9.1866 0.12284 1.1285 489 -0.1733 14.3784 0.08178 1.1759
84.9 -0.3833 11.1952 0.0890 0.9963 104.9 -0.3833 16.7464 0.0924 1.5474 399 1 75.3461 0.03498 2.6356 399 -0.2172 9.1938 0.12285 1.1295 490 -0.1733 14.38 0.08177 1.1759
85.0 -0.3833 11.2198 0.0890 0.9983 105.0 -0.3833 16.7800 0.0924 1.5510 400 1 75.3848 0.03498 2.6370 400 -0.2176 9.2009 0.12285 1.1303 491 -0.1733 14.3816 0.08177 1.1760
85.1 -0.3833 11.2444 0.0890 1.0005 105.1 -0.3833 16.8137 0.0925 1.5548 401 1 75.4235 0.03499 2.6391 401 -0.2180 9.2081 0.12285 1.1312 492 -0.1733 14.3832 0.08176 1.1760
85.2 -0.3833 11.2691 0.0890 1.0026 105.2 -0.3833 16.8475 0.0925 1.5584 402 1 75.4621 0.03500 2.6412 402 -0.2184 9.2153 0.12286 1.1322 493 -0.1733 14.3848 0.08175 1.1760
85.3 -0.3833 11.2939 0.0890 1.0048 105.3 -0.3833 16.8814 0.0925 1.5622 403 1 75.5007 0.03500 2.6425 403 -0.2188 9.2225 0.12286 1.1331 494 -0.1733 14.3864 0.08175 1.1761
85.4 -0.3833 11.3187 0.0890 1.0070 105.4 -0.3833 16.9154 0.0926 1.5659 404 1 75.5392 0.03501 2.6446 404 -0.2192 9.2296 0.12287 1.1340 495 -0.1733 14.388 0.08174 1.1761
85.5 -0.3833 11.3435 0.0890 1.0092 105.5 -0.3833 16.9496 0.0926 1.5697 405 1 75.5777 0.03501 2.6460 405 -0.2196 9.2368 0.12287 1.1349 496 -0.1733 14.3896 0.08173 1.1761
85.6 -0.3833 11.3684 0.0890 1.0113 105.6 -0.3833 16.9838 0.0926 1.5734 406 1 75.6162 0.03502 2.6481 406 -0.2200 9.2439 0.12287 1.1358 497 -0.1733 14.3913 0.08173 1.1762
85.7 -0.3833 11.3934 0.0890 1.0136 105.7 -0.3833 17.0182 0.0927 1.5772 407 1 75.6546 0.03503 2.6502 407 -0.2204 9.2511 0.12288 1.1368 498 -0.1733 14.3929 0.08172 1.1762
LENGTH
(in cm)
WEIGHT-FOR-LENGTH
HEIGHT (in
cm)
WEIGHT-FOR-HEIGHT
DAYS
HEIGHT/LENGTH-FOR-AGE
DAYS
WEIGHT-FOR-AGE
DAYS
MUAC
L M S SD L M S SD L M S SD L M S SD L M S SD
85.8 -0.3833 11.4183 0.0890 1.0158 105.8 -0.3833 17.0527 0.0927 1.5810 408 1 75.6930 0.03503 2.6515 408 -0.2208 9.2582 0.12288 1.1376 499 -0.1733 14.3945 0.08171 1.1762
85.9 -0.3833 11.4434 0.0890 1.0180 105.9 -0.3833 17.0873 0.0928 1.5848 409 1 75.7313 0.03504 2.6536 409 -0.2212 9.2654 0.12288 1.1385 500 -0.1733 14.3962 0.08171 1.1763
86.0 -0.3833 11.4684 0.0890 1.0201 106.0 -0.3833 17.1220 0.0928 1.5886 410 1 75.7696 0.03504 2.6550 410 -0.2216 9.2725 0.12289 1.1395 501 -0.1733 14.3978 0.0817 1.1763
86.1 -0.3833 11.4935 0.0890 1.0223 106.1 -0.3833 17.1569 0.0928 1.5925 411 1 75.8079 0.03505 2.6571 411 -0.2220 9.2796 0.12289 1.1404 502 -0.1733 14.3995 0.08169 1.1763
86.2 -0.3833 11.5186 0.0890 1.0246 106.2 -0.3833 17.1918 0.0929 1.5964 412 1 75.8461 0.03506 2.6592 412 -0.2224 9.2867 0.12289 1.1412 503 -0.1733 14.4011 0.08169 1.1764
86.3 -0.3833 11.5437 0.0890 1.0268 106.3 -0.3833 17.2269 0.0929 1.6002 413 1 75.8843 0.03506 2.6605 413 -0.2228 9.2939 0.12290 1.1422 504 -0.1733 14.4028 0.08168 1.1764
86.4 -0.3833 11.5689 0.0890 1.0291 106.4 -0.3833 17.2620 0.0929 1.6042 414 1 75.9224 0.03507 2.6626 414 -0.2232 9.3010 0.12290 1.1431 505 -0.1733 14.4044 0.08167 1.1764
86.5 -0.3833 11.5940 0.0890 1.0313 106.5 -0.3833 17.2973 0.0930 1.6080 415 1 75.9605 0.03507 2.6639 415 -0.2236 9.3081 0.12290 1.1440 506 -0.1733 14.4061 0.08167 1.1765
86.6 -0.3833 11.6192 0.0890 1.0335 106.6 -0.3833 17.3327 0.0930 1.6119 416 1 75.9986 0.03508 2.6660 416 -0.2240 9.3152 0.12291 1.1449 507 -0.1733 14.4078 0.08166 1.1765
86.7 -0.3833 11.6444 0.0890 1.0358 106.7 -0.3833 17.3683 0.0930 1.6159 417 1 76.0366 0.03509 2.6681 417 -0.2243 9.3223 0.12291 1.1458 508 -0.1733 14.4094 0.08165 1.1765
86.8 -0.3833 11.6696 0.0890 1.0380 106.8 -0.3833 17.4039 0.0931 1.6198 418 1 76.0746 0.03509 2.6695 418 -0.2247 9.3294 0.12291 1.1467 509 -0.1733 14.4111 0.08165 1.1767
86.9 -0.3833 11.6948 0.0890 1.0403 106.9 -0.3833 17.4397 0.0931 1.6238 419 1 76.1125 0.03510 2.6715 419 -0.2251 9.3365 0.12292 1.1476 510 -0.1733 14.4128 0.08164 1.1767
87.0 -0.3833 11.7201 0.0890 1.0425 107.0 -0.3833 17.4755 0.0932 1.6278 420 1 76.1504 0.03511 2.6736 420 -0.2255 9.3436 0.12292 1.1485 511 -0.1733 14.4145 0.08164 1.1768
87.1 -0.3833 11.7453 0.0890 1.0447 107.1 -0.3833 17.5115 0.0932 1.6317 421 1 76.1883 0.03511 2.6750 421 -0.2259 9.3507 0.12292 1.1494 512 -0.1733 14.4162 0.08163 1.1768
87.2 -0.3833 11.7705 0.0890 1.0470 107.2 -0.3833 17.5476 0.0932 1.6358 422 1 76.2261 0.03512 2.6771 422 -0.2262 9.3578 0.12292 1.1503 513 -0.1733 14.4179 0.08162 1.1768
87.3 -0.3833 11.7957 0.0890 1.0492 107.3 -0.3833 17.5839 0.0933 1.6399 423 1 76.2639 0.03512 2.6784 423 -0.2266 9.3649 0.12293 1.1512 514 -0.1733 14.4196 0.08162 1.1769
87.4 -0.3833 11.8209 0.0890 1.0515 107.4 -0.3833 17.6202 0.0933 1.6438 424 1 76.3016 0.03513 2.6805 424 -0.2270 9.3720 0.12293 1.1521 515 -0.1733 14.4213 0.08161 1.1769
87.5 -0.3833 11.8461 0.0890 1.0537 107.5 -0.3833 17.6567 0.0933 1.6479 425 1 76.3393 0.03514 2.6826 425 -0.2274 9.3790 0.12293 1.1530 516 -0.1733 14.423 0.08161 1.1771
87.6 -0.3833 11.8713 0.0890 1.0561 107.6 -0.3833 17.6932 0.0934 1.6520 426 1 76.3770 0.03514 2.6839 426 -0.2277 9.3861 0.12294 1.1539 517 -0.1733 14.4247 0.0816 1.1771
87.7 -0.3833 11.8965 0.0890 1.0583 107.7 -0.3833 17.7299 0.0934 1.6561 427 1 76.4146 0.03515 2.6860 427 -0.2281 9.3932 0.12294 1.1548 518 -0.1733 14.4264 0.08159 1.1770
87.8 -0.3833 11.9217 0.0890 1.0606 107.8 -0.3833 17.7668 0.0934 1.6601 428 1 76.4522 0.03516 2.6881 428 -0.2285 9.4002 0.12294 1.1557 519 -0.1733 14.4281 0.08159 1.1772
87.9 -0.3833 11.9468 0.0890 1.0628 107.9 -0.3833 17.8037 0.0935 1.6643 429 1 76.4897 0.03516 2.6894 429 -0.2288 9.4073 0.12294 1.1565 520 -0.1733 14.4298 0.08158 1.1772
88.0 -0.3833 11.9720 0.0890 1.0650 108.0 -0.3833 17.8407 0.0935 1.6685 430 1 76.5272 0.03517 2.6915 430 -0.2292 9.4144 0.12295 1.1575 521 -0.1733 14.4316 0.08158 1.1773
88.1 -0.3833 11.9971 0.0890 1.0674 108.1 -0.3833 17.8779 0.0936 1.6727 431 1 76.5647 0.03518 2.6935 431 -0.2296 9.4214 0.12295 1.1584 522 -0.1733 14.4333 0.08157 1.1773
88.2 -0.3833 12.0223 0.0890 1.0696 108.2 -0.3833 17.9152 0.0936 1.6767 432 1 76.6021 0.03518 2.6949 432 -0.2299 9.4285 0.12295 1.1592 523 -0.1733 14.435 0.08156 1.1773
88.3 -0.3833 12.0474 0.0890 1.0719 108.3 -0.3833 17.9526 0.0936 1.6809 433 1 76.6395 0.03519 2.6969 433 -0.2303 9.4355 0.12295 1.1601 524 -0.1733 14.4368 0.08156 1.1775
88.4 -0.3833 12.0725 0.0890 1.0742 108.4 -0.3833 17.9901 0.0937 1.6851 434 1 76.6769 0.03519 2.6983 434 -0.2307 9.4426 0.12295 1.1610 525 -0.1733 14.4385 0.08155 1.1775
88.5 -0.3833 12.0976 0.0890 1.0764 108.5 -0.3833 18.0277 0.0937 1.6894 435 1 76.7142 0.03520 2.7003 435 -0.2310 9.4496 0.12296 1.1619 526 -0.1733 14.4403 0.08155 1.1776
88.6 -0.3833 12.1227 0.0890 1.0787 108.6 -0.3833 18.0654 0.0938 1.6936 436 1 76.7515 0.03521 2.7024 436 -0.2314 9.4567 0.12296 1.1628 527 -0.1733 14.442 0.08154 1.1776
88.7 -0.3833 12.1478 0.0890 1.0810 108.7 -0.3833 18.1033 0.0938 1.6977 437 1 76.7887 0.03521 2.7037 437 -0.2317 9.4637 0.12296 1.1637 528 -0.1733 14.4438 0.08154 1.1777
88.8 -0.3833 12.1728 0.0890 1.0833 108.8 -0.3833 18.1412 0.0938 1.7020 438 1 76.8259 0.03522 2.7058 438 -0.2321 9.4707 0.12296 1.1645 529 -0.1733 14.4455 0.08153 1.1777
88.9 -0.3833 12.1978 0.0890 1.0856 108.9 -0.3833 18.1792 0.0939 1.7063 439 1 76.8631 0.03523 2.7079 439 -0.2324 9.4778 0.12296 1.1654 530 -0.1733 14.4473 0.08153 1.1779
89.0 -0.3833 12.2229 0.0890 1.0878 109.0 -0.3833 18.2174 0.0939 1.7106 440 1 76.9002 0.03523 2.7092 440 -0.2328 9.4848 0.12297 1.1663 531 -0.1733 14.4491 0.08152 1.1779
89.1 -0.3833 12.2479 0.0890 1.0902 109.1 -0.3833 18.2556 0.0939 1.7149 441 1 76.9373 0.03524 2.7113 441 -0.2331 9.4918 0.12297 1.1672 532 -0.1733 14.4508 0.08151 1.1779
89.2 -0.3833 12.2729 0.0890 1.0924 109.2 -0.3833 18.2940 0.0940 1.7191 442 1 76.9744 0.03525 2.7133 442 -0.2335 9.4988 0.12297 1.1681 533 -0.1733 14.4526 0.08151 1.1780
89.3 -0.3833 12.2978 0.0890 1.0948 109.3 -0.3833 18.3324 0.0940 1.7234 443 1 77.0114 0.03525 2.7147 443 -0.2338 9.5058 0.12297 1.1689 534 -0.1733 14.4544 0.0815 1.1780
89.4 -0.3833 12.3228 0.0890 1.0970 109.4 -0.3833 18.3710 0.0941 1.7278 444 1 77.0484 0.03526 2.7167 444 -0.2342 9.5129 0.12297 1.1698 535 -0.1733 14.4562 0.0815 1.1782
89.5 -0.3833 12.3477 0.0890 1.0993 109.5 -0.3833 18.4096 0.0941 1.7322 445 1 77.0853 0.03527 2.7188 445 -0.2345 9.5199 0.12298 1.1708 536 -0.1733 14.458 0.08149 1.1782
89.6 -0.3833 12.3727 0.0890 1.1015 109.6 -0.3833 18.4484 0.0941 1.7365 446 1 77.1222 0.03527 2.7201 446 -0.2349 9.5269 0.12298 1.1716 537 -0.1733 14.4597 0.08149 1.1783
89.7 -0.3833 12.3976 0.0890 1.1039 109.7 -0.3833 18.4872 0.0942 1.7409 447 1 77.1591 0.03528 2.7222 447 -0.2352 9.5339 0.12298 1.1725 538 -0.1733 14.4615 0.08148 1.1783
89.8 -0.3833 12.4225 0.0890 1.1061 109.8 -0.3833 18.5262 0.0942 1.7454 448 1 77.1959 0.03529 2.7242 448 -0.2355 9.5409 0.12298 1.1733 539 -0.1733 14.4633 0.08148 1.1785
89.9 -0.3833 12.4474 0.0891 1.1084 109.9 -0.3833 18.5652 0.0942 1.7496 449 1 77.2327 0.03529 2.7255 449 -0.2359 9.5479 0.12298 1.1742 540 -0.1733 14.4651 0.08147 1.1785
90.0 -0.3833 12.4723 0.0891 1.1108 110.0 -0.3833 18.6043 0.0943 1.7540 450 1 77.2695 0.03530 2.7276 450 -0.2362 9.5549 0.12298 1.1751 541 -0.1733 14.4669 0.08147 1.1786
90.1 -0.3833 12.4971 0.0891 1.1130 110.1 -0.3833 18.6436 0.0943 1.7585 451 1 77.3062 0.03530 2.7289 451 -0.2366 9.5619 0.12299 1.1760 542 -0.1733 14.4688 0.08146 1.1786
90.2 -0.3833 12.5220 0.0891 1.1153 110.2 -0.3833 18.6829 0.0944 1.7629 452 1 77.3429 0.03531 2.7310 452 -0.2369 9.5689 0.12299 1.1769 543 -0.1733 14.4706 0.08146 1.1788
90.3 -0.3833 12.5468 0.0891 1.1177 110.3 -0.3833 18.7223 0.0944 1.7674 453 1 77.3796 0.03532 2.7330 453 -0.2372 9.5759 0.12299 1.1777 544 -0.1733 14.4724 0.08145 1.1788
90.4 -0.3833 12.5717 0.0891 1.1200 110.4 -0.3833 18.7618 0.0944 1.7719 454 1 77.4162 0.03532 2.7343 454 -0.2376 9.5829 0.12299 1.1786 545 -0.1733 14.4742 0.08145 1.1789
90.5 -0.3833 12.5965 0.0891 1.1222 110.5 -0.3833 18.8015 0.0945 1.7764 455 1 77.4528 0.03533 2.7364 455 -0.2379 9.5898 0.12299 1.1794 546 -0.1733 14.476 0.08144 1.1789
90.6 -0.3833 12.6213 0.0891 1.1246 110.6 -0.3833 18.8412 0.0945 1.7809 456 1 77.4893 0.03534 2.7385 456 -0.2382 9.5968 0.12299 1.1803 547 -0.1733 14.4779 0.08144 1.1791
90.7 -0.3833 12.6461 0.0891 1.1269 110.7 -0.3833 18.8809 0.0946 1.7854 457 1 77.5258 0.03534 2.7398 457 -0.2385 9.6038 0.12299 1.1812 548 -0.1733 14.4797 0.08143 1.1791
90.8 -0.3833 12.6709 0.0891 1.1292 110.8 -0.3833 18.9208 0.0946 1.7899 458 1 77.5623 0.03535 2.7418 458 -0.2389 9.6108 0.12300 1.1821 549 -0.1733 14.4815 0.08143 1.1792
LENGTH
(in cm)
WEIGHT-FOR-LENGTH
HEIGHT (in
cm)
WEIGHT-FOR-HEIGHT
DAYS
HEIGHT/LENGTH-FOR-AGE
DAYS
WEIGHT-FOR-AGE
DAYS
MUAC
L M S SD L M S SD L M S SD L M S SD L M S SD
90.9 -0.3833 12.6957 0.0891 1.1314 110.9 -0.3833 18.9608 0.0946 1.7945 459 1 77.5988 0.03536 2.7439 459 -0.2392 9.6178 0.12300 1.1830 550 -0.1733 14.4834 0.08142 1.1792
91.0 -0.3833 12.7205 0.0891 1.1338 111.0 -0.3833 19.0009 0.0947 1.7988 460 1 77.6352 0.03536 2.7452 460 -0.2395 9.6247 0.12300 1.1838 551 -0.1733 14.4852 0.08142 1.1794
91.1 -0.3833 12.7453 0.0891 1.1361 111.1 -0.3833 19.0410 0.0947 1.8034 461 1 77.6716 0.03537 2.7472 461 -0.2398 9.6317 0.12300 1.1847 552 -0.1733 14.4871 0.08142 1.1795
91.2 -0.3833 12.7700 0.0892 1.1384 111.2 -0.3833 19.0812 0.0948 1.8079 462 1 77.7079 0.03538 2.7493 462 -0.2402 9.6387 0.12300 1.1856 553 -0.1733 14.4889 0.08141 1.1795
91.3 -0.3833 12.7948 0.0892 1.1408 111.3 -0.3833 19.1215 0.0948 1.8125 463 1 77.7442 0.03538 2.7506 463 -0.2405 9.6457 0.12300 1.1864 554 -0.1733 14.4908 0.08141 1.1797
91.4 -0.3833 12.8196 0.0892 1.1431 111.4 -0.3833 19.1619 0.0948 1.8171 464 1 77.7805 0.03539 2.7527 464 -0.2408 9.6526 0.12300 1.1873 555 -0.1733 14.4926 0.0814 1.1797
91.5 -0.3833 12.8443 0.0892 1.1455 111.5 -0.3833 19.2024 0.0949 1.8217 465 1 77.8167 0.03540 2.7547 465 -0.2411 9.6596 0.12300 1.1881 556 -0.1733 14.4945 0.0814 1.1799
91.6 -0.3833 12.8691 0.0892 1.1478 111.6 -0.3833 19.2430 0.0949 1.8264 466 1 77.8529 0.03540 2.7560 466 -0.2414 9.6665 0.12301 1.1891 557 -0.1733 14.4964 0.08139 1.1799
91.7 -0.3833 12.8939 0.0892 1.1501 111.7 -0.3833 19.2836 0.0950 1.8310 467 1 77.8891 0.03541 2.7581 467 -0.2418 9.6735 0.12301 1.1899 558 -0.1733 14.4983 0.08139 1.1800
91.8 -0.3833 12.9186 0.0892 1.1525 111.8 -0.3833 19.3243 0.0950 1.8356 468 1 77.9252 0.03542 2.7601 468 -0.2421 9.6805 0.12301 1.1908 559 -0.1733 14.5001 0.08138 1.1800
91.9 -0.3833 12.9434 0.0892 1.1548 111.9 -0.3833 19.3651 0.0950 1.8403 469 1 77.9613 0.03543 2.7622 469 -0.2424 9.6874 0.12301 1.1916 560 -0.1733 14.502 0.08138 1.1802
92.0 -0.3833 12.9681 0.0892 1.1571 112.0 -0.3833 19.4060 0.0951 1.8449 470 1 77.9974 0.03543 2.7634 470 -0.2427 9.6944 0.12301 1.1925 561 -0.1733 14.5039 0.08138 1.1803
92.1 -0.3833 12.9929 0.0892 1.1595 112.1 -0.3833 19.4470 0.0951 1.8496 471 1 78.0334 0.03544 2.7655 471 -0.2430 9.7013 0.12301 1.1934 562 -0.1733 14.5058 0.08137 1.1803
92.2 -0.3833 13.0177 0.0893 1.1618 112.2 -0.3833 19.4880 0.0952 1.8543 472 1 78.0694 0.03545 2.7676 472 -0.2433 9.7083 0.12301 1.1942 563 -0.1733 14.5077 0.08137 1.1805
92.3 -0.3833 13.0424 0.0893 1.1642 112.3 -0.3833 19.5291 0.0952 1.8590 473 1 78.1054 0.03545 2.7688 473 -0.2436 9.7152 0.12301 1.1951 564 -0.1733 14.5096 0.08136 1.1805
92.4 -0.3833 13.0672 0.0893 1.1665 112.4 -0.3833 19.5703 0.0952 1.8637 474 1 78.1413 0.03546 2.7709 474 -0.2439 9.7222 0.12301 1.1959 565 -0.1733 14.5115 0.08136 1.1807
92.5 -0.3833 13.0920 0.0893 1.1689 112.5 -0.3833 19.6116 0.0953 1.8684 475 1 78.1772 0.03547 2.7729 475 -0.2442 9.7291 0.12302 1.1969 566 -0.1733 14.5134 0.08136 1.1808
92.6 -0.3833 13.1167 0.0893 1.1713 112.6 -0.3833 19.6529 0.0953 1.8731 476 1 78.2131 0.03547 2.7742 476 -0.2446 9.7361 0.12302 1.1977 567 -0.1733 14.5153 0.08135 1.1808
92.7 -0.3833 13.1415 0.0893 1.1737 112.7 -0.3833 19.6943 0.0953 1.8777 477 1 78.2490 0.03548 2.7763 477 -0.2449 9.7430 0.12302 1.1986 568 -0.1733 14.5172 0.08135 1.1810
92.8 -0.3833 13.1663 0.0893 1.1760 112.8 -0.3833 19.7358 0.0954 1.8824 478 1 78.2848 0.03549 2.7783 478 -0.2452 9.7500 0.12302 1.1994 569 -0.1733 14.5192 0.08134 1.1810
92.9 -0.3833 13.1911 0.0893 1.1784 112.9 -0.3833 19.7774 0.0954 1.8872 479 1 78.3205 0.03549 2.7796 479 -0.2455 9.7569 0.12302 1.2003 570 -0.1733 14.5211 0.08134 1.1811
93.0 -0.3833 13.2158 0.0893 1.1807 113.0 -0.3833 19.8190 0.0955 1.8919 480 1 78.3563 0.03550 2.7816 480 -0.2458 9.7638 0.12302 1.2011 571 -0.1733 14.523 0.08134 1.1813
93.1 -0.3833 13.2406 0.0894 1.1832 113.1 -0.3833 19.8607 0.0955 1.8967 481 1 78.3920 0.03551 2.7837 481 -0.2461 9.7708 0.12302 1.2020 572 -0.1733 14.5249 0.08133 1.1813
93.2 -0.3833 13.2654 0.0894 1.1855 113.2 -0.3833 19.9024 0.0955 1.9015 482 1 78.4276 0.03551 2.7850 482 -0.2464 9.7777 0.12302 1.2029 573 -0.1733 14.5269 0.08133 1.1815
93.3 -0.3833 13.2902 0.0894 1.1879 113.3 -0.3833 19.9442 0.0956 1.9063 483 1 78.4633 0.03552 2.7870 483 -0.2467 9.7846 0.12302 1.2037 574 -0.1733 14.5288 0.08133 1.1816
93.4 -0.3833 13.3151 0.0894 1.1904 113.4 -0.3833 19.9861 0.0956 1.9111 484 1 78.4989 0.03553 2.7891 484 -0.2470 9.7916 0.12302 1.2046 575 -0.1733 14.5308 0.08132 1.1816
93.5 -0.3833 13.3399 0.0894 1.1927 113.5 -0.3833 20.0280 0.0957 1.9159 485 1 78.5345 0.03553 2.7903 485 -0.2472 9.7985 0.12303 1.2055 576 -0.1733 14.5327 0.08132 1.1818
93.6 -0.3833 13.3647 0.0894 1.1951 113.6 -0.3833 20.0700 0.0957 1.9207 486 1 78.5700 0.03554 2.7924 486 -0.2475 9.8054 0.12303 1.2064 577 -0.1733 14.5347 0.08132 1.1820
93.7 -0.3833 13.3896 0.0894 1.1976 113.7 -0.3833 20.1120 0.0957 1.9255 487 1 78.6055 0.03555 2.7944 487 -0.2478 9.8124 0.12303 1.2072 578 -0.1733 14.5366 0.08131 1.1820
93.8 -0.3833 13.4145 0.0895 1.1999 113.8 -0.3833 20.1541 0.0958 1.9304 488 1 78.6410 0.03556 2.7965 488 -0.2481 9.8193 0.12303 1.2081 579 -0.1733 14.5386 0.08131 1.1821
93.9 -0.3833 13.4394 0.0895 1.2024 113.9 -0.3833 20.1963 0.0958 1.9352 489 1 78.6764 0.03556 2.7977 489 -0.2484 9.8262 0.12303 1.2089 580 -0.1733 14.5406 0.08131 1.1823
94.0 -0.3833 13.4643 0.0895 1.2048 114.0 -0.3833 20.2385 0.0959 1.9401 490 1 78.7118 0.03557 2.7998 490 -0.2487 9.8331 0.12303 1.2098 581 -0.1733 14.5425 0.0813 1.1823
94.1 -0.3833 13.4892 0.0895 1.2071 114.1 -0.3833 20.2807 0.0959 1.9449 491 1 78.7472 0.03558 2.8018 491 -0.2490 9.8401 0.12303 1.2106 582 -0.1733 14.5445 0.0813 1.1825
94.2 -0.3833 13.5142 0.0895 1.2097 114.2 -0.3833 20.3230 0.0959 1.9498 492 1 78.7826 0.03558 2.8031 492 -0.2493 9.8470 0.12303 1.2115 583 -0.1733 14.5465 0.0813 1.1826
94.3 -0.3833 13.5391 0.0895 1.2120 114.3 -0.3833 20.3653 0.0960 1.9547 493 1 78.8179 0.03559 2.8051 493 -0.2496 9.8539 0.12303 1.2123 584 -0.1733 14.5484 0.08129 1.1826
94.4 -0.3833 13.5641 0.0895 1.2145 114.4 -0.3833 20.4077 0.0960 1.9595 494 1 78.8532 0.03560 2.8072 494 -0.2499 9.8608 0.12303 1.2132 585 -0.1733 14.5504 0.08129 1.1828
94.5 -0.3833 13.5892 0.0896 1.2169 114.5 -0.3833 20.4502 0.0961 1.9644 495 1 78.8884 0.03560 2.8084 495 -0.2501 9.8677 0.12303 1.2140 586 -0.1733 14.5524 0.08129 1.1830
94.6 -0.3833 13.6142 0.0896 1.2194 114.6 -0.3833 20.4926 0.0961 1.9693 496 1 78.9236 0.03561 2.8105 496 -0.2504 9.8746 0.12304 1.2150 587 -0.1733 14.5544 0.08128 1.1830
94.7 -0.3833 13.6393 0.0896 1.2219 114.7 -0.3833 20.5351 0.0961 1.9742 497 1 78.9588 0.03562 2.8125 497 -0.2507 9.8816 0.12304 1.2158 588 -0.1733 14.5564 0.08128 1.1831
94.8 -0.3833 13.6644 0.0896 1.2243 114.8 -0.3833 20.5777 0.0962 1.9792 498 1 78.9940 0.03562 2.8138 498 -0.2510 9.8885 0.12304 1.2167 589 -0.1733 14.5584 0.08128 1.1833
94.9 -0.3833 13.6895 0.0896 1.2269 114.9 -0.3833 20.6203 0.0962 1.9841 499 1 79.0291 0.03563 2.8158 499 -0.2513 9.8954 0.12304 1.2175 590 -0.1733 14.5604 0.08127 1.1833
95.0 -0.3833 13.7146 0.0896 1.2292 115.0 -0.3833 20.6629 0.0963 1.9890 500 1 79.0642 0.03564 2.8178 500 -0.2515 9.9023 0.12304 1.2184 591 -0.1733 14.5624 0.08127 1.1835
95.1 -0.3833 13.7398 0.0897 1.2318 115.1 -0.3833 20.7056 0.0963 1.9939 501 1 79.0993 0.03565 2.8199 501 -0.2518 9.9092 0.12304 1.2192 592 -0.1733 14.5644 0.08127 1.1836
95.2 -0.3833 13.7650 0.0897 1.2343 115.2 -0.3833 20.7483 0.0963 1.9989 502 1 79.1343 0.03565 2.8211 502 -0.2521 9.9161 0.12304 1.2201 593 -0.1733 14.5664 0.08127 1.1838
95.3 -0.3833 13.7902 0.0897 1.2367 115.3 -0.3833 20.7910 0.0964 2.0038 503 1 79.1693 0.03566 2.8232 503 -0.2524 9.9230 0.12304 1.2209 594 -0.1733 14.5685 0.08126 1.1838
95.4 -0.3833 13.8155 0.0897 1.2393 115.4 -0.3833 20.8338 0.0964 2.0088 504 1 79.2042 0.03567 2.8252 504 -0.2526 9.9299 0.12304 1.2218 595 -0.1733 14.5705 0.08126 1.1840
95.5 -0.3833 13.8408 0.0897 1.2418 115.5 -0.3833 20.8766 0.0965 2.0138 505 1 79.2392 0.03567 2.8265 505 -0.2529 9.9368 0.12304 1.2226 596 -0.1733 14.5725 0.08126 1.1842
95.6 -0.3833 13.8661 0.0897 1.2443 115.6 -0.3833 20.9194 0.0965 2.0187 506 1 79.2741 0.03568 2.8285 506 -0.2532 9.9437 0.12304 1.2235 597 -0.1733 14.5745 0.08125 1.1842
95.7 -0.3833 13.8914 0.0898 1.2468 115.7 -0.3833 20.9622 0.0965 2.0237 507 1 79.3089 0.03569 2.8305 507 -0.2535 9.9506 0.12305 1.2244 598 -0.1733 14.5766 0.08125 1.1843
95.8 -0.3833 13.9168 0.0898 1.2493 115.8 -0.3833 21.0051 0.0966 2.0287 508 1 79.3438 0.03569 2.8318 508 -0.2537 9.9575 0.12305 1.2253 599 -0.1733 14.5786 0.08125 1.1845
95.9 -0.3833 13.9422 0.0898 1.2519 115.9 -0.3833 21.0480 0.0966 2.0337 509 1 79.3786 0.03570 2.8338 509 -0.2540 9.9644 0.12305 1.2261 600 -0.1733 14.5806 0.08125 1.1847
LENGTH
(in cm)
WEIGHT-FOR-LENGTH
HEIGHT (in
cm)
WEIGHT-FOR-HEIGHT
DAYS
HEIGHT/LENGTH-FOR-AGE
DAYS
WEIGHT-FOR-AGE
DAYS
MUAC
L M S SD L M S SD L M S SD L M S SD L M S SD
96.0 -0.3833 13.9676 0.0898 1.2544 116.0 -0.3833 21.0909 0.0967 2.0386 510 1 79.4134 0.03571 2.8359 510 -0.2543 9.9713 0.12305 1.2270 601 -0.1733 14.5827 0.08124 1.1847
96.1 -0.3833 13.9931 0.0898 1.2570 116.1 -0.3833 21.1339 0.0967 2.0436 511 1 79.4481 0.03572 2.8379 511 -0.2545 9.9782 0.12305 1.2278 602 -0.1733 14.5847 0.08124 1.1849
96.2 -0.3833 14.0186 0.0898 1.2594 116.2 -0.3833 21.1769 0.0967 2.0487 512 1 79.4828 0.03572 2.8391 512 -0.2548 9.9851 0.12305 1.2287 603 -0.1733 14.5868 0.08124 1.1850
96.3 -0.3833 14.0441 0.0899 1.2620 116.3 -0.3833 21.2199 0.0968 2.0537 513 1 79.5175 0.03573 2.8412 513 -0.2551 9.9920 0.12305 1.2295 604 -0.1733 14.5889 0.08124 1.1852
96.4 -0.3833 14.0697 0.0899 1.2646 116.4 -0.3833 21.2629 0.0968 2.0587 514 1 79.5521 0.03574 2.8432 514 -0.2553 9.9989 0.12305 1.2304 605 -0.1733 14.5909 0.08124 1.1854
96.5 -0.3833 14.0953 0.0899 1.2672 116.5 -0.3833 21.3059 0.0969 2.0637 515 1 79.5868 0.03574 2.8444 515 -0.2556 10.0058 0.12305 1.2312 606 -0.1733 14.593 0.08123 1.1854
96.6 -0.3833 14.1209 0.0899 1.2698 116.6 -0.3833 21.3489 0.0969 2.0689 516 1 79.6213 0.03575 2.8465 516 -0.2558 10.0127 0.12305 1.2321 607 -0.1733 14.5951 0.08123 1.1856
96.7 -0.3833 14.1466 0.0899 1.2723 116.7 -0.3833 21.3920 0.0970 2.0740 517 1 79.6559 0.03576 2.8485 517 -0.2561 10.0196 0.12305 1.2329 608 -0.1733 14.5971 0.08123 1.1857
96.8 -0.3833 14.1724 0.0900 1.2749 116.8 -0.3833 21.4351 0.0970 2.0790 518 1 79.6904 0.03577 2.8505 518 -0.2564 10.0265 0.12306 1.2339 609 -0.1733 14.5992 0.08123 1.1859
96.9 -0.3833 14.1981 0.0900 1.2775 116.9 -0.3833 21.4782 0.0970 2.0840 519 1 79.7249 0.03577 2.8518 519 -0.2566 10.0334 0.12306 1.2347 610 -0.1733 14.6013 0.08122 1.1859
97.0 -0.3833 14.2239 0.0900 1.2802 117.0 -0.3833 21.5213 0.0971 2.0891 520 1 79.7594 0.03578 2.8538 520 -0.2569 10.0402 0.12306 1.2355 611 -0.1733 14.6034 0.08122 1.1861
97.1 -0.3833 14.2498 0.0900 1.2828 117.1 -0.3833 21.5644 0.0971 2.0941 521 1 79.7938 0.03579 2.8558 521 -0.2571 10.0471 0.12306 1.2364 612 -0.1733 14.6055 0.08122 1.1863
97.2 -0.3833 14.2757 0.0900 1.2854 117.2 -0.3833 21.6075 0.0972 2.0992 522 1 79.8282 0.03579 2.8571 522 -0.2574 10.0540 0.12306 1.2372 613 -0.1733 14.6076 0.08122 1.1864
97.3 -0.3833 14.3016 0.0901 1.2880 117.3 -0.3833 21.6507 0.0972 2.1042 523 1 79.8626 0.03580 2.8591 523 -0.2577 10.0609 0.12306 1.2381 614 -0.1733 14.6097 0.08122 1.1866
97.4 -0.3833 14.3276 0.0901 1.2906 117.4 -0.3833 21.6938 0.0972 2.1093 524 1 79.8969 0.03581 2.8611 524 -0.2579 10.0678 0.12306 1.2389 615 -0.1733 14.6118 0.08121 1.1866
97.5 -0.3833 14.3537 0.0901 1.2933 117.5 -0.3833 21.7370 0.0973 2.1144 525 1 79.9312 0.03582 2.8631 525 -0.2582 10.0746 0.12306 1.2398 616 -0.1733 14.6139 0.08121 1.1868
97.6 -0.3833 14.3798 0.0901 1.2959 117.6 -0.3833 21.7802 0.0973 2.1194 526 1 79.9655 0.03582 2.8644 526 -0.2584 10.0815 0.12306 1.2406 617 -0.1733 14.616 0.08121 1.1870
97.7 -0.3833 14.4059 0.0902 1.2987 117.7 -0.3833 21.8233 0.0974 2.1245 527 1 79.9998 0.03583 2.8664 527 -0.2587 10.0884 0.12307 1.2416 618 -0.1733 14.6181 0.08121 1.1871
97.8 -0.3833 14.4321 0.0902 1.3013 117.8 -0.3833 21.8665 0.0974 2.1296 528 1 80.0340 0.03584 2.8684 528 -0.2589 10.0953 0.12307 1.2424 619 -0.1733 14.6202 0.08121 1.1873
97.9 -0.3833 14.4584 0.0902 1.3040 117.9 -0.3833 21.9097 0.0974 2.1347 529 1 80.0682 0.03584 2.8696 529 -0.2592 10.1021 0.12307 1.2433 620 -0.1733 14.6223 0.08121 1.1875
98.0 -0.3833 14.4848 0.0902 1.3067 118.0 -0.3833 21.9529 0.0975 2.1397 530 1 80.1023 0.03585 2.8717 530 -0.2594 10.1090 0.12307 1.2441 621 -0.1733 14.6245 0.0812 1.1875
98.1 -0.3833 14.5112 0.0902 1.3093 118.1 -0.3833 21.9961 0.0975 2.1448 531 1 80.1365 0.03586 2.8737 531 -0.2597 10.1159 0.12307 1.2450 622 -0.1733 14.6266 0.0812 1.1877
98.2 -0.3833 14.5376 0.0903 1.3122 118.2 -0.3833 22.0393 0.0976 2.1499 532 1 80.1706 0.03587 2.8757 532 -0.2599 10.1227 0.12307 1.2458 623 -0.1733 14.6287 0.0812 1.1879
98.3 -0.3833 14.5642 0.0903 1.3149 118.3 -0.3833 22.0825 0.0976 2.1550 533 1 80.2046 0.03587 2.8769 533 -0.2601 10.1296 0.12307 1.2466 624 -0.1733 14.6309 0.0812 1.1880
98.4 -0.3833 14.5908 0.0903 1.3175 118.4 -0.3833 22.1258 0.0976 2.1601 534 1 80.2387 0.03588 2.8790 534 -0.2604 10.1365 0.12307 1.2475 625 -0.1733 14.633 0.0812 1.1882
98.5 -0.3833 14.6174 0.0903 1.3204 118.5 -0.3833 22.1690 0.0977 2.1652 535 1 80.2727 0.03589 2.8810 535 -0.2606 10.1433 0.12308 1.2484 626 -0.1733 14.6352 0.0812 1.1884
98.6 -0.3833 14.6442 0.0904 1.3231 118.6 -0.3833 22.2122 0.0977 2.1704 536 1 80.3067 0.03589 2.8822 536 -0.2609 10.1502 0.12308 1.2493 627 -0.1733 14.6373 0.0812 1.1885
98.7 -0.3833 14.6710 0.0904 1.3258 118.7 -0.3833 22.2554 0.0978 2.1755 537 1 80.3406 0.03590 2.8842 537 -0.2611 10.1570 0.12308 1.2501 628 -0.1733 14.6395 0.08119 1.1886
98.8 -0.3833 14.6979 0.0904 1.3287 118.8 -0.3833 22.2986 0.0978 2.1808 538 1 80.3745 0.03591 2.8862 538 -0.2614 10.1639 0.12308 1.2510 629 -0.1733 14.6416 0.08119 1.1888
98.9 -0.3833 14.7248 0.0904 1.3314 118.9 -0.3833 22.3419 0.0978 2.1859 539 1 80.4084 0.03592 2.8883 539 -0.2616 10.1707 0.12308 1.2518 630 -0.1733 14.6438 0.08119 1.1889
99.0 -0.3833 14.7519 0.0904 1.3342 119.0 -0.3833 22.3851 0.0979 2.1911 540 1 80.4423 0.03592 2.8895 540 -0.2618 10.1776 0.12308 1.2527 631 -0.1733 14.646 0.08119 1.1891
99.1 -0.3833 14.7790 0.0905 1.3371 119.1 -0.3833 22.4283 0.0979 2.1962 541 1 80.4761 0.03593 2.8915 541 -0.2621 10.1845 0.12308 1.2535 632 -0.1733 14.6481 0.08119 1.1893
99.2 -0.3833 14.8062 0.0905 1.3398 119.2 -0.3833 22.4715 0.0980 2.2013 542 1 80.5099 0.03594 2.8935 542 -0.2623 10.1913 0.12309 1.2544 633 -0.1733 14.6503 0.08119 1.1895
99.3 -0.3833 14.8334 0.0905 1.3427 119.3 -0.3833 22.5148 0.0980 2.2065 543 1 80.5437 0.03594 2.8947 543 -0.2625 10.1982 0.12309 1.2553 634 -0.1733 14.6525 0.08119 1.1896
99.4 -0.3833 14.8608 0.0905 1.3455 119.4 -0.3833 22.5580 0.0980 2.2116 544 1 80.5774 0.03595 2.8968 544 -0.2628 10.2050 0.12309 1.2561 635 -0.1733 14.6547 0.08119 1.1898
99.5 -0.3833 14.8882 0.0906 1.3484 119.5 -0.3833 22.6012 0.0981 2.2167 545 1 80.6112 0.03596 2.8988 545 -0.2630 10.2119 0.12309 1.2570 636 -0.1733 14.6569 0.08119 1.1900
99.6 -0.3833 14.9157 0.0906 1.3512 119.6 -0.3833 22.6444 0.0981 2.2219 546 1 80.6448 0.03597 2.9008 546 -0.2632 10.2187 0.12309 1.2578 637 -0.1733 14.6591 0.08119 1.1902
99.7 -0.3833 14.9434 0.0906 1.3542 119.7 -0.3833 22.6877 0.0982 2.2270 547 1 80.6785 0.03597 2.9020 547 -0.2635 10.2255 0.12309 1.2587 638 -0.1733 14.6613 0.08118 1.1902
99.8 -0.3833 14.9711 0.0906 1.3570 119.8 -0.3833 22.7309 0.0982 2.2322 548 1 80.7121 0.03598 2.9040 548 -0.2637 10.2324 0.12309 1.2595 639 -0.1733 14.6635 0.08118 1.1904
99.9 -0.3833 14.9989 0.0907 1.3600 119.9 -0.3833 22.7741 0.0982 2.2373 549 1 80.7457 0.03599 2.9060 549 -0.2639 10.2392 0.12310 1.2604 640 -0.1733 14.6657 0.08118 1.1906
100.0 -0.3833 15.0267 0.0907 1.3628 120.0 -0.3833 22.8173 0.0983 2.2425 550 1 80.7793 0.03600 2.9081 550 -0.2642 10.2461 0.12310 1.2613 641 -0.1733 14.6679 0.08118 1.1907
100.1 -0.3833 15.0547 0.0907 1.3658 551 1 80.8128 0.03600 2.9093 551 -0.2644 10.2529 0.12310 1.2621 642 -0.1733 14.6701 0.08118 1.1909
100.2 -0.3833 15.0828 0.0908 1.3688 552 1 80.8464 0.03601 2.9113 552 -0.2646 10.2597 0.12310 1.2630 643 -0.1733 14.6723 0.08118 1.1911
100.3 -0.3833 15.1109 0.0908 1.3716 553 1 80.8798 0.03602 2.9133 553 -0.2649 10.2666 0.12310 1.2638 644 -0.1733 14.6746 0.08118 1.1913
100.4 -0.3833 15.1392 0.0908 1.3746 554 1 80.9133 0.03602 2.9145 554 -0.2651 10.2734 0.12310 1.2647 645 -0.1733 14.6768 0.08118 1.1915
100.5 -0.3833 15.1676 0.0908 1.3777 555 1 80.9467 0.03603 2.9165 555 -0.2653 10.2803 0.12311 1.2656 646 -0.1733 14.679 0.08118 1.1916
100.6 -0.3833 15.1960 0.0909 1.3806 556 1 80.9801 0.03604 2.9185 556 -0.2655 10.2871 0.12311 1.2664 647 -0.1733 14.6813 0.08118 1.1918
100.7 -0.3833 15.2246 0.0909 1.3836 557 1 81.0135 0.03605 2.9205 557 -0.2658 10.2939 0.12311 1.2673 648 -0.1733 14.6835 0.08118 1.1920
100.8 -0.3833 15.2532 0.0909 1.3867 558 1 81.0468 0.03605 2.9217 558 -0.2660 10.3008 0.12311 1.2681 649 -0.1733 14.6857 0.08118 1.1922
100.9 -0.3833 15.2819 0.0909 1.3896 559 1 81.0802 0.03606 2.9238 559 -0.2662 10.3076 0.12311 1.2690 650 -0.1733 14.688 0.08118 1.1924
101.0 -0.3833 15.3108 0.0910 1.3927 560 1 81.1134 0.03607 2.9258 560 -0.2664 10.3144 0.12311 1.2698 651 -0.1733 14.6902 0.08118 1.1926
LENGTH
(in cm)
WEIGHT-FOR-LENGTH
HEIGHT (in
cm)
WEIGHT-FOR-HEIGHT
DAYS
HEIGHT/LENGTH-FOR-AGE
DAYS
WEIGHT-FOR-AGE
DAYS
MUAC
L M S SD L M S SD L M S SD L M S SD L M S SD
101.1 -0.3833 15.3397 0.0910 1.3958 561 1 81.1467 0.03608 2.9278 561 -0.2666 10.3213 0.12312 1.2708 652 -0.1733 14.6925 0.08118 1.1927
101.2 -0.3833 15.3687 0.0910 1.3989 562 1 81.1799 0.03608 2.9290 562 -0.2669 10.3281 0.12312 1.2716 653 -0.1733 14.6948 0.08118 1.1929
101.3 -0.3833 15.3979 0.0911 1.4020 563 1 81.2131 0.03609 2.9310 563 -0.2671 10.3349 0.12312 1.2724 654 -0.1733 14.697 0.08118 1.1931
101.4 -0.3833 15.4271 0.0911 1.4049 564 1 81.2463 0.03610 2.9330 564 -0.2673 10.3417 0.12312 1.2733 655 -0.1733 14.6993 0.08118 1.1933
101.5 -0.3833 15.4564 0.0911 1.4081 565 1 81.2795 0.03611 2.9350 565 -0.2675 10.3486 0.12312 1.2741 656 -0.1733 14.7016 0.08118 1.1935
101.6 -0.3833 15.4858 0.0911 1.4112 566 1 81.3126 0.03611 2.9362 566 -0.2677 10.3554 0.12313 1.2751 657 -0.1733 14.7038 0.08118 1.1937
101.7 -0.3833 15.5154 0.0912 1.4144 567 1 81.3457 0.03612 2.9382 567 -0.2679 10.3622 0.12313 1.2759 658 -0.1733 14.7061 0.08118 1.1938
101.8 -0.3833 15.5450 0.0912 1.4175 568 1 81.3788 0.03613 2.9402 568 -0.2682 10.3690 0.12313 1.2767 659 -0.1733 14.7084 0.08118 1.1940
101.9 -0.3833 15.5747 0.0912 1.4207 569 1 81.4118 0.03613 2.9414 569 -0.2684 10.3759 0.12313 1.2776 660 -0.1733 14.7107 0.08118 1.1942
102.0 -0.3833 15.6046 0.0913 1.4239 570 1 81.4448 0.03614 2.9434 570 -0.2686 10.3827 0.12313 1.2784 661 -0.1733 14.713 0.08118 1.1944
102.1 -0.3833 15.6345 0.0913 1.4271 571 1 81.4778 0.03615 2.9454 571 -0.2688 10.3895 0.12314 1.2794 662 -0.1733 14.7152 0.08118 1.1946
102.2 -0.3833 15.6646 0.0913 1.4303 572 1 81.5108 0.03616 2.9474 572 -0.2690 10.3963 0.12314 1.2802 663 -0.1733 14.7175 0.08118 1.1948
102.3 -0.3833 15.6947 0.0913 1.4334 573 1 81.5437 0.03616 2.9486 573 -0.2692 10.4031 0.12314 1.2810 664 -0.1733 14.7198 0.08118 1.1950
102.4 -0.3833 15.7250 0.0914 1.4366 574 1 81.5766 0.03617 2.9506 574 -0.2694 10.4100 0.12314 1.2819 665 -0.1733 14.7221 0.08118 1.1951
102.5 -0.3833 15.7553 0.0914 1.4399 575 1 81.6095 0.03618 2.9526 575 -0.2696 10.4168 0.12314 1.2827 666 -0.1733 14.7245 0.08118 1.1953
102.6 -0.3833 15.7858 0.0914 1.4431 576 1 81.6423 0.03619 2.9546 576 -0.2698 10.4236 0.12315 1.2837 667 -0.1733 14.7268 0.08118 1.1955
102.7 -0.3833 15.8164 0.0915 1.4466 577 1 81.6752 0.03619 2.9558 577 -0.2700 10.4304 0.12315 1.2845 668 -0.1733 14.7291 0.08118 1.1957
102.8 -0.3833 15.8470 0.0915 1.4498 578 1 81.7080 0.03620 2.9578 578 -0.2702 10.4372 0.12315 1.2853 669 -0.1733 14.7314 0.08118 1.1959
102.9 -0.3833 15.8778 0.0915 1.4531 579 1 81.7407 0.03621 2.9598 579 -0.2705 10.4440 0.12315 1.2862 670 -0.1733 14.7337 0.08118 1.1961
103.0 -0.3833 15.9087 0.0916 1.4564 580 1 81.7735 0.03622 2.9618 580 -0.2707 10.4508 0.12316 1.2871 671 -0.1733 14.736 0.08118 1.1963
103.1 -0.3833 15.9396 0.0916 1.4597 581 1 81.8062 0.03622 2.9630 581 -0.2709 10.4577 0.12316 1.2880 672 -0.1733 14.7384 0.08118 1.1965
103.2 -0.3833 15.9707 0.0916 1.4631 582 1 81.8389 0.03623 2.9650 582 -0.2711 10.4645 0.12316 1.2888 673 -0.1733 14.7407 0.08118 1.1967
103.3 -0.3833 16.0019 0.0916 1.4664 583 1 81.8715 0.03624 2.9670 583 -0.2713 10.4713 0.12316 1.2896 674 -0.1733 14.743 0.08118 1.1968
103.4 -0.3833 16.0332 0.0917 1.4698 584 1 81.9042 0.03624 2.9682 584 -0.2715 10.4781 0.12316 1.2905 675 -0.1733 14.7454 0.08118 1.1970
103.5 -0.3833 16.0645 0.0917 1.4731 585 1 81.9368 0.03625 2.9702 585 -0.2717 10.4849 0.12317 1.2914 676 -0.1733 14.7477 0.08118 1.1972
103.6 -0.3833 16.0960 0.0917 1.4765 586 1 81.9694 0.03626 2.9722 586 -0.2719 10.4917 0.12317 1.2923 677 -0.1733 14.7501 0.08118 1.1974
103.7 -0.3833 16.1276 0.0918 1.4800 587 1 82.0019 0.03627 2.9742 587 -0.2721 10.4985 0.12317 1.2931 678 -0.1733 14.7524 0.08118 1.1976
103.8 -0.3833 16.1593 0.0918 1.4834 588 1 82.0345 0.03627 2.9754 588 -0.2723 10.5053 0.12317 1.2939 679 -0.1733 14.7548 0.08118 1.1978
103.9 -0.3833 16.1910 0.0918 1.4868 589 1 82.0670 0.03628 2.9774 589 -0.2725 10.5121 0.12318 1.2949 680 -0.1733 14.7571 0.08118 1.1980
104.0 -0.3833 16.2229 0.0919 1.4902 590 1 82.0994 0.03629 2.9794 590 -0.2727 10.5189 0.12318 1.2957 681 -0.1733 14.7595 0.08119 1.1983
104.1 -0.3833 16.2549 0.0919 1.4938 591 1 82.1319 0.03630 2.9814 591 -0.2729 10.5257 0.12318 1.2966 682 -0.1733 14.7618 0.08119 1.1985
104.2 -0.3833 16.2870 0.0919 1.4973 592 1 82.1643 0.03630 2.9826 592 -0.2730 10.5325 0.12319 1.2975 683 -0.1733 14.7642 0.08119 1.1987
104.3 -0.3833 16.3191 0.0920 1.5007 593 1 82.1967 0.03631 2.9846 593 -0.2732 10.5393 0.12319 1.2983 684 -0.1733 14.7665 0.08119 1.1989
104.4 -0.3833 16.3514 0.0920 1.5042 594 1 82.2291 0.03632 2.9866 594 -0.2734 10.5461 0.12319 1.2992 685 -0.1733 14.7689 0.08119 1.1991
104.5 -0.3833 16.3837 0.0920 1.5078 595 1 82.2614 0.03633 2.9886 595 -0.2736 10.5529 0.12319 1.3000 686 -0.1733 14.7713 0.08119 1.1993
104.6 -0.3833 16.4162 0.0921 1.5113 596 1 82.2938 0.03633 2.9897 596 -0.2738 10.5597 0.12320 1.3010 687 -0.1733 14.7737 0.08119 1.1995
104.7 -0.3833 16.4488 0.0921 1.5148 597 1 82.3261 0.03634 2.9917 597 -0.2740 10.5665 0.12320 1.3018 688 -0.1733 14.776 0.08119 1.1997
104.8 -0.3833 16.4814 0.0921 1.5184 598 1 82.3583 0.03635 2.9937 598 -0.2742 10.5733 0.12320 1.3026 689 -0.1733 14.7784 0.08119 1.1999
104.9 -0.3833 16.5142 0.0922 1.5219 599 1 82.3906 0.03636 2.9957 599 -0.2744 10.5801 0.12320 1.3035 690 -0.1733 14.7808 0.08119 1.2001
105.0 -0.3833 16.5470 0.0922 1.5255 600 1 82.4228 0.03636 2.9969 600 -0.2746 10.5869 0.12321 1.3044 691 -0.1733 14.7832 0.0812 1.2004
105.1 -0.3833 16.5800 0.0922 1.5292 601 1 82.4550 0.03637 2.9989 601 -0.2748 10.5937 0.12321 1.3052 692 -0.1733 14.7856 0.0812 1.2006
105.2 -0.3833 16.6131 0.0923 1.5327 602 1 82.4872 0.03638 3.0009 602 -0.2750 10.6005 0.12321 1.3061 693 -0.1733 14.788 0.0812 1.2008
105.3 -0.3833 16.6462 0.0923 1.5363 603 1 82.5193 0.03639 3.0029 603 -0.2751 10.6073 0.12322 1.3070 694 -0.1733 14.7904 0.0812 1.2010
105.4 -0.3833 16.6795 0.0923 1.5400 604 1 82.5514 0.03639 3.0040 604 -0.2753 10.6141 0.12322 1.3079 695 -0.1733 14.7928 0.0812 1.2012
105.5 -0.3833 16.7129 0.0924 1.5436 605 1 82.5835 0.03640 3.0060 605 -0.2755 10.6209 0.12322 1.3087 696 -0.1733 14.7952 0.0812 1.2014
105.6 -0.3833 16.7464 0.0924 1.5474 606 1 82.6156 0.03641 3.0080 606 -0.2757 10.6277 0.12323 1.3097 697 -0.1733 14.7976 0.0812 1.2016
105.7 -0.3833 16.7800 0.0924 1.5510 607 1 82.6476 0.03642 3.0100 607 -0.2759 10.6345 0.12323 1.3105 698 -0.1733 14.8 0.0812 1.2018
105.8 -0.3833 16.8137 0.0925 1.5548 608 1 82.6796 0.03642 3.0112 608 -0.2761 10.6413 0.12323 1.3113 699 -0.1733 14.8024 0.08121 1.2021
105.9 -0.3833 16.8475 0.0925 1.5584 609 1 82.7116 0.03643 3.0132 609 -0.2763 10.6481 0.12324 1.3123 700 -0.1733 14.8048 0.08121 1.2023
106.0 -0.3833 16.8814 0.0925 1.5622 610 1 82.7436 0.03644 3.0152 610 -0.2764 10.6549 0.12324 1.3131 701 -0.1733 14.8072 0.08121 1.2025
106.1 -0.3833 16.9154 0.0926 1.5659 611 1 82.7755 0.03645 3.0172 611 -0.2766 10.6617 0.12324 1.3139 702 -0.1733 14.8096 0.08121 1.2027
LENGTH
(in cm)
WEIGHT-FOR-LENGTH
HEIGHT (in
cm)
WEIGHT-FOR-HEIGHT
DAYS
HEIGHT/LENGTH-FOR-AGE
DAYS
WEIGHT-FOR-AGE
DAYS
MUAC
L M S SD L M S SD L M S SD L M S SD L M S SD
106.2 -0.3833 16.9496 0.0926 1.5697 612 1 82.8074 0.03645 3.0183 612 -0.2768 10.6685 0.12325 1.3149 703 -0.1733 14.812 0.08121 1.2029
106.3 -0.3833 16.9838 0.0926 1.5734 613 1 82.8393 0.03646 3.0203 613 -0.2770 10.6753 0.12325 1.3157 704 -0.1733 14.8145 0.08121 1.2031
106.4 -0.3833 17.0182 0.0927 1.5772 614 1 82.8712 0.03647 3.0223 614 -0.2772 10.6821 0.12325 1.3166 705 -0.1733 14.8169 0.08122 1.2034
106.5 -0.3833 17.0527 0.0927 1.5810 615 1 82.9030 0.03648 3.0243 615 -0.2773 10.6889 0.12326 1.3175 706 -0.1733 14.8193 0.08122 1.2036
106.6 -0.3833 17.0873 0.0928 1.5848 616 1 82.9348 0.03648 3.0255 616 -0.2775 10.6957 0.12326 1.3184 707 -0.1733 14.8217 0.08122 1.2038
106.7 -0.3833 17.1220 0.0928 1.5886 617 1 82.9666 0.03649 3.0275 617 -0.2777 10.7025 0.12326 1.3192 708 -0.1733 14.8242 0.08122 1.2040
106.8 -0.3833 17.1569 0.0928 1.5925 618 1 82.9984 0.03650 3.0294 618 -0.2779 10.7093 0.12327 1.3201 709 -0.1733 14.8266 0.08122 1.2042
106.9 -0.3833 17.1918 0.0929 1.5964 619 1 83.0301 0.03650 3.0306 619 -0.2780 10.7161 0.12327 1.3210 710 -0.1733 14.829 0.08122 1.2044
107.0 -0.3833 17.2269 0.0929 1.6002 620 1 83.0618 0.03651 3.0326 620 -0.2782 10.7229 0.12327 1.3218 711 -0.1733 14.8315 0.08123 1.2048
107.1 -0.3833 17.2620 0.0929 1.6042 621 1 83.0935 0.03652 3.0346 621 -0.2784 10.7297 0.12328 1.3228 712 -0.1733 14.8339 0.08123 1.2050
107.2 -0.3833 17.2973 0.0930 1.6080 622 1 83.1251 0.03653 3.0366 622 -0.2786 10.7365 0.12328 1.3236 713 -0.1733 14.8364 0.08123 1.2052
107.3 -0.3833 17.3327 0.0930 1.6119 623 1 83.1568 0.03653 3.0377 623 -0.2787 10.7433 0.12328 1.3244 714 -0.1733 14.8388 0.08123 1.2054
107.4 -0.3833 17.3683 0.0930 1.6159 624 1 83.1884 0.03654 3.0397 624 -0.2789 10.7501 0.12329 1.3254 715 -0.1733 14.8413 0.08123 1.2056
107.5 -0.3833 17.4039 0.0931 1.6198 625 1 83.2200 0.03655 3.0417 625 -0.2791 10.7569 0.12329 1.3262 716 -0.1733 14.8437 0.08124 1.2059
107.6 -0.3833 17.4397 0.0931 1.6238 626 1 83.2515 0.03656 3.0437 626 -0.2793 10.7637 0.12330 1.3272 717 -0.1733 14.8462 0.08124 1.2061
107.7 -0.3833 17.4755 0.0932 1.6278 627 1 83.2831 0.03656 3.0448 627 -0.2794 10.7705 0.12330 1.3280 718 -0.1733 14.8486 0.08124 1.2063
107.8 -0.3833 17.5115 0.0932 1.6317 628 1 83.3146 0.03657 3.0468 628 -0.2796 10.7773 0.12330 1.3288 719 -0.1733 14.8511 0.08124 1.2065
107.9 -0.3833 17.5476 0.0932 1.6358 629 1 83.3461 0.03658 3.0488 629 -0.2798 10.7841 0.12331 1.3298 720 -0.1733 14.8535 0.08124 1.2067
108.0 -0.3833 17.5839 0.0933 1.6399 630 1 83.3775 0.03659 3.0508 630 -0.2799 10.7909 0.12331 1.3306 721 -0.1733 14.856 0.08125 1.2071
108.1 -0.3833 17.6202 0.0933 1.6438 631 1 83.4089 0.03659 3.0519 631 -0.2801 10.7977 0.12332 1.3316 722 -0.1733 14.8585 0.08125 1.2073
108.2 -0.3833 17.6567 0.0933 1.6479 632 1 83.4403 0.03660 3.0539 632 -0.2803 10.8045 0.12332 1.3324 723 -0.1733 14.8609 0.08125 1.2074
108.3 -0.3833 17.6932 0.0934 1.6520 633 1 83.4717 0.03661 3.0559 633 -0.2804 10.8113 0.12332 1.3332 724 -0.1733 14.8634 0.08125 1.2077
108.4 -0.3833 17.7299 0.0934 1.6561 634 1 83.5031 0.03662 3.0579 634 -0.2806 10.8181 0.12333 1.3342 725 -0.1733 14.8659 0.08126 1.2080
108.5 -0.3833 17.7668 0.0934 1.6601 635 1 83.5344 0.03662 3.0590 635 -0.2808 10.8249 0.12333 1.3350 726 -0.1733 14.8683 0.08126 1.2082
108.6 -0.3833 17.8037 0.0935 1.6643 636 1 83.5657 0.03663 3.0610 636 -0.2809 10.8317 0.12334 1.3360 727 -0.1733 14.8708 0.08126 1.2084
108.7 -0.3833 17.8407 0.0935 1.6685 637 1 83.5970 0.03664 3.0630 637 -0.2811 10.8385 0.12334 1.3368 728 -0.1733 14.8733 0.08126 1.2086
108.8 -0.3833 17.8779 0.0936 1.6727 638 1 83.6283 0.03665 3.0650 638 -0.2813 10.8453 0.12335 1.3378 729 -0.1733 14.8758 0.08127 1.2090
108.9 -0.3833 17.9152 0.0936 1.6767 639 1 83.6595 0.03665 3.0661 639 -0.2814 10.8521 0.12335 1.3386 730 -0.1733 14.8783 0.08127 1.2092
109.0 -0.3833 17.9526 0.0936 1.6809 640 1 83.6907 0.03666 3.0681 640 -0.2816 10.8589 0.12336 1.3396 731 -0.1733 14.8808 0.08127 1.2094
109.1 -0.3833 17.9901 0.0937 1.6851 641 1 83.7219 0.03667 3.0701 641 -0.2818 10.8657 0.12336 1.3404 732 -0.1733 14.8832 0.08127 1.2096
109.2 -0.3833 18.0277 0.0937 1.6894 642 1 83.7530 0.03668 3.0721 642 -0.2819 10.8725 0.12336 1.3412 733 -0.1733 14.8857 0.08128 1.2099
109.3 -0.3833 18.0654 0.0938 1.6936 643 1 83.7842 0.03668 3.0732 643 -0.2821 10.8793 0.12337 1.3422 734 -0.1733 14.8882 0.08128 1.2101
109.4 -0.3833 18.1033 0.0938 1.6977 644 1 83.8153 0.03669 3.0752 644 -0.2822 10.8861 0.12337 1.3430 735 -0.1733 14.8907 0.08128 1.2103
109.5 -0.3833 18.1412 0.0938 1.7020 645 1 83.8464 0.03670 3.0772 645 -0.2824 10.8929 0.12338 1.3440 736 -0.1733 14.8932 0.08128 1.2105
109.6 -0.3833 18.1792 0.0939 1.7063 646 1 83.8774 0.03671 3.0791 646 -0.2826 10.8997 0.12338 1.3448 737 -0.1733 14.8957 0.08129 1.2109
109.7 -0.3833 18.2174 0.0939 1.7106 647 1 83.9085 0.03671 3.0803 647 -0.2827 10.9065 0.12339 1.3458 738 -0.1733 14.8982 0.08129 1.2111
109.8 -0.3833 18.2556 0.0939 1.7149 648 1 83.9395 0.03672 3.0823 648 -0.2829 10.9133 0.12339 1.3466 739 -0.1733 14.9007 0.08129 1.2113
109.9 -0.3833 18.2940 0.0940 1.7191 649 1 83.9705 0.03673 3.0842 649 -0.2830 10.9202 0.12340 1.3476 740 -0.1733 14.9032 0.08129 1.2115
110.0 -0.3833 18.3324 0.0940 1.7234 650 1 84.0014 0.03674 3.0862 650 -0.2832 10.9270 0.12340 1.3484 741 -0.1733 14.9057 0.0813 1.2118
651 1 84.0324 0.03674 3.0874 651 -0.2834 10.9338 0.12341 1.3493 742 -0.1733 14.9082 0.0813 1.2120
652 1 84.0633 0.03675 3.0893 652 -0.2835 10.9406 0.12341 1.3502 743 -0.1733 14.9107 0.0813 1.2122
653 1 84.0941 0.03676 3.0913 653 -0.2837 10.9474 0.12342 1.3511 744 -0.1733 14.9132 0.08131 1.2126
654 1 84.1250 0.03677 3.0933 654 -0.2838 10.9542 0.12342 1.3520 745 -0.1733 14.9157 0.08131 1.2128
655 1 84.1558 0.03677 3.0944 655 -0.2840 10.9610 0.12343 1.3529 746 -0.1733 14.9183 0.08131 1.2130
656 1 84.1867 0.03678 3.0964 656 -0.2841 10.9679 0.12343 1.3538 747 -0.1733 14.9208 0.08131 1.2132
657 1 84.2174 0.03679 3.0984 657 -0.2843 10.9747 0.12344 1.3547 748 -0.1733 14.9233 0.08132 1.2136
658 1 84.2482 0.03680 3.1003 658 -0.2844 10.9815 0.12344 1.3556 749 -0.1733 14.9258 0.08132 1.2138
659 1 84.2789 0.03680 3.1015 659 -0.2846 10.9883 0.12345 1.3565 750 -0.1733 14.9283 0.08132 1.2140
660 1 84.3096 0.03681 3.1034 660 -0.2847 10.9951 0.12345 1.3573 751 -0.1733 14.9308 0.08133 1.2143
661 1 84.3403 0.03682 3.1054 661 -0.2849 11.0019 0.12346 1.3583 752 -0.1733 14.9333 0.08133 1.2145
662 1 84.3710 0.03683 3.1074 662 -0.2850 11.0088 0.12346 1.3591 753 -0.1733 14.9359 0.08133 1.2147
LENGTH
(in cm)
WEIGHT-FOR-LENGTH
HEIGHT (in
cm)
WEIGHT-FOR-HEIGHT
DAYS
HEIGHT/LENGTH-FOR-AGE
DAYS
WEIGHT-FOR-AGE
DAYS
MUAC
L M S SD L M S SD L M S SD L M S SD L M S SD
663 1 84.4016 0.03683 3.1085 663 -0.2852 11.0156 0.12347 1.3601 754 -0.1733 14.9384 0.08134 1.2151
664 1 84.4323 0.03684 3.1105 664 -0.2853 11.0224 0.12347 1.3609 755 -0.1733 14.9409 0.08134 1.2153
665 1 84.4628 0.03685 3.1125 665 -0.2855 11.0292 0.12348 1.3619 756 -0.1733 14.9434 0.08134 1.2155
666 1 84.4934 0.03686 3.1144 666 -0.2856 11.0360 0.12348 1.3627 757 -0.1733 14.9459 0.08135 1.2158
667 1 84.5239 0.03686 3.1156 667 -0.2858 11.0429 0.12349 1.3637 758 -0.1733 14.9485 0.08135 1.2161
668 1 84.5545 0.03687 3.1175 668 -0.2859 11.0497 0.12350 1.3646 759 -0.1733 14.951 0.08135 1.2163
669 1 84.5850 0.03688 3.1195 669 -0.2861 11.0565 0.12350 1.3655 760 -0.1733 14.9535 0.08136 1.2166
670 1 84.6154 0.03689 3.1215 670 -0.2862 11.0633 0.12351 1.3664 761 -0.1733 14.956 0.08136 1.2168
671 1 84.6459 0.03689 3.1226 671 -0.2864 11.0702 0.12351 1.3673 762 -0.1733 14.9585 0.08136 1.2170
672 1 84.6763 0.03690 3.1246 672 -0.2865 11.0770 0.12352 1.3682 763 -0.1733 14.9611 0.08137 1.2174
673 1 84.7067 0.03691 3.1265 673 -0.2866 11.0838 0.12352 1.3691 764 -0.1733 14.9636 0.08137 1.2176
674 1 84.7370 0.03692 3.1285 674 -0.2868 11.0906 0.12353 1.3700 765 -0.1733 14.9661 0.08137 1.2178
675 1 84.7674 0.03692 3.1296 675 -0.2869 11.0975 0.12353 1.3709 766 -0.1733 14.9686 0.08138 1.2181
676 1 84.7977 0.03693 3.1316 676 -0.2871 11.1043 0.12354 1.3718 767 -0.1733 14.9712 0.08138 1.2184
677 1 84.8280 0.03694 3.1335 677 -0.2872 11.1111 0.12355 1.3728 768 -0.1733 14.9737 0.08138 1.2186
678 1 84.8583 0.03695 3.1355 678 -0.2874 11.1180 0.12355 1.3736 769 -0.1733 14.9762 0.08139 1.2189
679 1 84.8885 0.03695 3.1366 679 -0.2875 11.1248 0.12356 1.3746 770 -0.1733 14.9787 0.08139 1.2191
680 1 84.9188 0.03696 3.1386 680 -0.2876 11.1316 0.12356 1.3754 771 -0.1733 14.9813 0.08139 1.2193
681 1 84.9490 0.03697 3.1406 681 -0.2878 11.1384 0.12357 1.3764 772 -0.1733 14.9838 0.0814 1.2197
682 1 84.9791 0.03698 3.1425 682 -0.2879 11.1453 0.12358 1.3773 773 -0.1733 14.9863 0.0814 1.2199
683 1 85.0093 0.03698 3.1436 683 -0.2881 11.1521 0.12358 1.3782 774 -0.1733 14.9889 0.0814 1.2201
684 1 85.0394 0.03699 3.1456 684 -0.2882 11.1589 0.12359 1.3791 775 -0.1733 14.9914 0.08141 1.2204
685 1 85.0695 0.03700 3.1476 685 -0.2883 11.1658 0.12359 1.3800 776 -0.1733 14.9939 0.08141 1.2207
686 1 85.0996 0.03701 3.1495 686 -0.2885 11.1726 0.12360 1.3809 777 -0.1733 14.9964 0.08142 1.2210
687 1 85.1297 0.03701 3.1507 687 -0.2886 11.1795 0.12361 1.3819 778 -0.1733 14.999 0.08142 1.2212
688 1 85.1597 0.03702 3.1526 688 -0.2887 11.1863 0.12361 1.3827 779 -0.1733 15.0015 0.08142 1.2214
689 1 85.1897 0.03703 3.1546 689 -0.2889 11.1931 0.12362 1.3837 780 -0.1733 15.004 0.08143 1.2218
690 1 85.2197 0.03704 3.1565 690 -0.2890 11.2000 0.12362 1.3845 781 -0.1733 15.0065 0.08143 1.2220
691 1 85.2497 0.03704 3.1576 691 -0.2891 11.2068 0.12363 1.3855 782 -0.1733 15.0091 0.08144 1.2223
692 1 85.2796 0.03705 3.1596 692 -0.2893 11.2137 0.12364 1.3865 783 -0.1733 15.0116 0.08144 1.2225
693 1 85.3096 0.03706 3.1616 693 -0.2894 11.2205 0.12364 1.3873 784 -0.1733 15.0141 0.08144 1.2227
694 1 85.3395 0.03706 3.1627 694 -0.2895 11.2273 0.12365 1.3883 785 -0.1733 15.0166 0.08145 1.2231
695 1 85.3693 0.03707 3.1646 695 -0.2897 11.2342 0.12366 1.3892 786 -0.1733 15.0192 0.08145 1.2233
696 1 85.3992 0.03708 3.1666 696 -0.2898 11.2410 0.12366 1.3901 787 -0.1733 15.0217 0.08146 1.2237
697 1 85.4290 0.03709 3.1686 697 -0.2899 11.2479 0.12367 1.3910 788 -0.1733 15.0242 0.08146 1.2239
698 1 85.4588 0.03709 3.1697 698 -0.2901 11.2547 0.12367 1.3919 789 -0.1733 15.0267 0.08146 1.2241
699 1 85.4886 0.03710 3.1716 699 -0.2902 11.2616 0.12368 1.3928 790 -0.1733 15.0292 0.08147 1.2244
700 1 85.5184 0.03711 3.1736 700 -0.2903 11.2684 0.12369 1.3938 791 -0.1733 15.0318 0.08147 1.2246
701 1 85.5481 0.03712 3.1755 701 -0.2905 11.2753 0.12369 1.3946 792 -0.1733 15.0343 0.08148 1.2250
702 1 85.5778 0.03712 3.1766 702 -0.2906 11.2821 0.12370 1.3956 793 -0.1733 15.0368 0.08148 1.2252
703 1 85.6075 0.03713 3.1786 703 -0.2907 11.2889 0.12371 1.3965 794 -0.1733 15.0393 0.08149 1.2256
704 1 85.6372 0.03714 3.1806 704 -0.2909 11.2958 0.12371 1.3974 795 -0.1733 15.0418 0.08149 1.2258
705 1 85.6668 0.03715 3.1825 705 -0.2910 11.3026 0.12372 1.3984 796 -0.1733 15.0443 0.08149 1.2260
706 1 85.6964 0.03715 3.1836 706 -0.2911 11.3095 0.12373 1.3993 797 -0.1733 15.0468 0.0815 1.2263
707 1 85.7260 0.03716 3.1856 707 -0.2912 11.3163 0.12373 1.4002 798 -0.1733 15.0494 0.0815 1.2265
708 1 85.7556 0.03717 3.1875 708 -0.2914 11.3232 0.12374 1.4011 799 -0.1733 15.0519 0.08151 1.2269
709 1 85.7852 0.03718 3.1895 709 -0.2915 11.3300 0.12375 1.4021 800 -0.1733 15.0544 0.08151 1.2271
710 1 85.8147 0.03718 3.1906 710 -0.2916 11.3369 0.12375 1.4029 801 -0.1733 15.0569 0.08152 1.2274
711 1 85.8442 0.03719 3.1925 711 -0.2917 11.3438 0.12376 1.4039 802 -0.1733 15.0594 0.08152 1.2276
712 1 85.8737 0.03720 3.1945 712 -0.2919 11.3506 0.12377 1.4049 803 -0.1733 15.0619 0.08152 1.2278
713 1 85.9032 0.03721 3.1965 713 -0.2920 11.3575 0.12377 1.4057 804 -0.1733 15.0644 0.08153 1.2282
LENGTH
(in cm)
WEIGHT-FOR-LENGTH
HEIGHT (in
cm)
WEIGHT-FOR-HEIGHT
DAYS
HEIGHT/LENGTH-FOR-AGE
DAYS
WEIGHT-FOR-AGE
DAYS
MUAC
L M S SD L M S SD L M S SD L M S SD L M S SD
714 1 85.9326 0.03721 3.1976 714 -0.2921 11.3643 0.12378 1.4067 805 -0.1733 15.0669 0.08153 1.2284
715 1 85.9621 0.03722 3.1995 715 -0.2922 11.3712 0.12379 1.4076 806 -0.1733 15.0694 0.08154 1.2288
716 1 85.9915 0.03723 3.2015 716 -0.2924 11.3780 0.12379 1.4085 807 -0.1733 15.0719 0.08154 1.2290
717 1 86.0208 0.03724 3.2034 717 -0.2925 11.3849 0.12380 1.4095 808 -0.1733 15.0743 0.08155 1.2293
718 1 86.0502 0.03724 3.2045 718 -0.2926 11.3917 0.12381 1.4104 809 -0.1733 15.0768 0.08155 1.2295
719 1 86.0795 0.03725 3.2065 719 -0.2927 11.3986 0.12382 1.4114 810 -0.1733 15.0793 0.08156 1.2299
720 1 86.1089 0.03726 3.2084 720 -0.2928 11.4055 0.12382 1.4122 811 -0.1733 15.0818 0.08156 1.2301
721 1 86.1381 0.03727 3.2104 721 -0.2930 11.4123 0.12383 1.4132 812 -0.1733 15.0843 0.08157 1.2304
722 1 86.1674 0.03727 3.2115 722 -0.2931 11.4192 0.12384 1.4142 813 -0.1733 15.0868 0.08157 1.2306
723 1 86.1967 0.03728 3.2134 723 -0.2932 11.4260 0.12384 1.4150 814 -0.1733 15.0892 0.08158 1.2310
724 1 86.2259 0.03729 3.2154 724 -0.2933 11.4329 0.12385 1.4160 815 -0.1733 15.0917 0.08158 1.2312
725 1 86.2551 0.03729 3.2165 725 -0.2934 11.4397 0.12386 1.4169 816 -0.1733 15.0942 0.08159 1.2315
726 1 86.2843 0.03730 3.2184 726 -0.2936 11.4466 0.12387 1.4179 817 -0.1733 15.0967 0.08159 1.2317
727 1 86.3134 0.03731 3.2204 727 -0.2937 11.4535 0.12387 1.4187 818 -0.1733 15.0991 0.0816 1.2321
728 1 86.3426 0.03732 3.2223 728 -0.2938 11.4603 0.12388 1.4197 819 -0.1733 15.1016 0.0816 1.2323
729 1 86.3717 0.03732 3.2234 729 -0.2939 11.4672 0.12389 1.4207 820 -0.1733 15.1041 0.08161 1.2326
730 1 86.4008 0.03733 3.2253 730 -0.2940 11.4741 0.12389 1.4215 821 -0.1733 15.1065 0.08161 1.2328
731 1 85.7299 0.03764 3.2269 731 -0.2942 11.4809 0.12390 1.4225 822 -0.1733 15.109 0.08162 1.2332
732 1 85.7589 0.03765 3.2288 732 -0.2943 11.4878 0.12391 1.4235 823 -0.1733 15.1114 0.08162 1.2334
733 1 85.7880 0.03766 3.2308 733 -0.2944 11.4946 0.12392 1.4244 824 -0.1733 15.1139 0.08163 1.2337
734 1 85.8170 0.03767 3.2327 734 -0.2945 11.5015 0.12392 1.4253 825 -0.1733 15.1163 0.08163 1.2339
735 1 85.8460 0.03767 3.2338 735 -0.2946 11.5084 0.12393 1.4262 826 -0.1733 15.1188 0.08164 1.2343
736 1 85.8749 0.03768 3.2358 736 -0.2947 11.5152 0.12394 1.4272 827 -0.1733 15.1212 0.08164 1.2345
737 1 85.9039 0.03769 3.2377 737 -0.2948 11.5221 0.12395 1.4282 828 -0.1733 15.1236 0.08165 1.2348
738 1 85.9328 0.03770 3.2397 738 -0.2950 11.5290 0.12395 1.4290 829 -0.1733 15.1261 0.08165 1.2350
739 1 85.9617 0.03770 3.2408 739 -0.2951 11.5358 0.12396 1.4300 830 -0.1733 15.1285 0.08166 1.2354
740 1 85.9906 0.03771 3.2427 740 -0.2952 11.5427 0.12397 1.4309 831 -0.1733 15.1309 0.08166 1.2356
741 1 86.0194 0.03772 3.2447 741 -0.2953 11.5496 0.12398 1.4319 832 -0.1733 15.1334 0.08167 1.2359
742 1 86.0483 0.03772 3.2457 742 -0.2954 11.5564 0.12399 1.4329 833 -0.1733 15.1358 0.08167 1.2361
743 1 86.0771 0.03773 3.2477 743 -0.2955 11.5633 0.12399 1.4337 834 -0.1733 15.1382 0.08168 1.2365
744 1 86.1059 0.03774 3.2496 744 -0.2956 11.5702 0.12400 1.4347 835 -0.1733 15.1406 0.08168 1.2367
745 1 86.1347 0.03775 3.2516 745 -0.2957 11.5770 0.12401 1.4357 836 -0.1733 15.143 0.08169 1.2370
746 1 86.1634 0.03775 3.2527 746 -0.2959 11.5839 0.12402 1.4366 837 -0.1733 15.1454 0.08169 1.2372
747 1 86.1921 0.03776 3.2546 747 -0.2960 11.5907 0.12402 1.4375 838 -0.1733 15.1478 0.0817 1.2376
748 1 86.2209 0.03777 3.2566 748 -0.2961 11.5976 0.12403 1.4385 839 -0.1733 15.1502 0.0817 1.2378
749 1 86.2495 0.03778 3.2585 749 -0.2962 11.6045 0.12404 1.4394 840 -0.1733 15.1526 0.08171 1.2381
750 1 86.2782 0.03778 3.2596 750 -0.2963 11.6113 0.12405 1.4404 841 -0.1733 15.155 0.08172 1.2385
751 1 86.3069 0.03779 3.2615 751 -0.2964 11.6182 0.12406 1.4414 842 -0.1733 15.1574 0.08172 1.2387
752 1 86.3355 0.03780 3.2635 752 -0.2965 11.6251 0.12406 1.4422 843 -0.1733 15.1598 0.08173 1.2390
753 1 86.3641 0.03780 3.2646 753 -0.2966 11.6319 0.12407 1.4432 844 -0.1733 15.1622 0.08173 1.2392
754 1 86.3927 0.03781 3.2665 754 -0.2967 11.6388 0.12408 1.4441 845 -0.1733 15.1646 0.08174 1.2396
755 1 86.4212 0.03782 3.2684 755 -0.2968 11.6456 0.12409 1.4451 846 -0.1733 15.167 0.08174 1.2398
756 1 86.4498 0.03783 3.2704 756 -0.2969 11.6525 0.12410 1.4461 847 -0.1733 15.1693 0.08175 1.2401
757 1 86.4783 0.03783 3.2715 757 -0.2970 11.6594 0.12410 1.4469 848 -0.1733 15.1717 0.08175 1.2403
758 1 86.5068 0.03784 3.2734 758 -0.2972 11.6662 0.12411 1.4479 849 -0.1733 15.1741 0.08176 1.2406
759 1 86.5353 0.03785 3.2754 759 -0.2973 11.6731 0.12412 1.4489 850 -0.1733 15.1764 0.08177 1.2410
760 1 86.5638 0.03786 3.2773 760 -0.2974 11.6799 0.12413 1.4498 851 -0.1733 15.1788 0.08177 1.2412
761 1 86.5922 0.03786 3.2784 761 -0.2975 11.6868 0.12414 1.4508 852 -0.1733 15.1811 0.08178 1.2415
762 1 86.6206 0.03787 3.2803 762 -0.2976 11.6937 0.12415 1.4518 853 -0.1733 15.1835 0.08178 1.2417
763 1 86.6490 0.03788 3.2823 763 -0.2977 11.7005 0.12415 1.4526 854 -0.1733 15.1858 0.08179 1.2420
764 1 86.6774 0.03788 3.2833 764 -0.2978 11.7074 0.12416 1.4536 855 -0.1733 15.1882 0.08179 1.2422
LENGTH
(in cm)
WEIGHT-FOR-LENGTH
HEIGHT (in
cm)
WEIGHT-FOR-HEIGHT
DAYS
HEIGHT/LENGTH-FOR-AGE
DAYS
WEIGHT-FOR-AGE
DAYS
MUAC
L M S SD L M S SD L M S SD L M S SD L M S SD
765 1 86.7057 0.03789 3.2853 765 -0.2979 11.7142 0.12417 1.4546 856 -0.1733 15.1905 0.0818 1.2426
766 1 86.7341 0.03790 3.2872 766 -0.2980 11.7211 0.12418 1.4555 857 -0.1733 15.1928 0.08181 1.2429
767 1 86.7624 0.03791 3.2892 767 -0.2981 11.7279 0.12419 1.4565 858 -0.1733 15.1952 0.08181 1.2431
768 1 86.7907 0.03791 3.2902 768 -0.2982 11.7348 0.12420 1.4575 859 -0.1733 15.1975 0.08182 1.2435
769 1 86.8190 0.03792 3.2922 769 -0.2983 11.7416 0.12421 1.4584 860 -0.1733 15.1998 0.08182 1.2436
770 1 86.8472 0.03793 3.2941 770 -0.2984 11.7485 0.12421 1.4593 861 -0.1733 15.2021 0.08183 1.2440
771 1 86.8754 0.03794 3.2961 771 -0.2985 11.7553 0.12422 1.4602 862 -0.1733 15.2045 0.08184 1.2443
772 1 86.9037 0.03794 3.2971 772 -0.2986 11.7622 0.12423 1.4612 863 -0.1733 15.2068 0.08184 1.2445
773 1 86.9319 0.03795 3.2991 773 -0.2987 11.7690 0.12424 1.4622 864 -0.1733 15.2091 0.08185 1.2449
774 1 86.9600 0.03796 3.3010 774 -0.2988 11.7759 0.12425 1.4632 865 -0.1733 15.2114 0.08185 1.2451
775 1 86.9882 0.03796 3.3021 775 -0.2989 11.7827 0.12426 1.4641 866 -0.1733 15.2137 0.08186 1.2454
776 1 87.0163 0.03797 3.3040 776 -0.2990 11.7896 0.12427 1.4651 867 -0.1733 15.216 0.08187 1.2457
777 1 87.0444 0.03798 3.3059 777 -0.2991 11.7964 0.12428 1.4661 868 -0.1733 15.2183 0.08187 1.2459
778 1 87.0725 0.03799 3.3079 778 -0.2992 11.8033 0.12429 1.4670 869 -0.1733 15.2205 0.08188 1.2463
779 1 87.1006 0.03799 3.3090 779 -0.2993 11.8101 0.12429 1.4679 870 -0.1733 15.2228 0.08188 1.2464
780 1 87.1286 0.03800 3.3109 780 -0.2994 11.8170 0.12430 1.4689 871 -0.1733 15.2251 0.08189 1.2468
781 1 87.1567 0.03801 3.3128 781 -0.2995 11.8238 0.12431 1.4698 872 -0.1733 15.2274 0.0819 1.2471
782 1 87.1847 0.03801 3.3139 782 -0.2996 11.8307 0.12432 1.4708 873 -0.1733 15.2296 0.0819 1.2473
783 1 87.2126 0.03802 3.3158 783 -0.2997 11.8375 0.12433 1.4718 874 -0.1733 15.2319 0.08191 1.2476
784 1 87.2406 0.03803 3.3178 784 -0.2998 11.8443 0.12434 1.4727 875 -0.1733 15.2342 0.08192 1.2480
785 1 87.2686 0.03804 3.3197 785 -0.2999 11.8512 0.12435 1.4737 876 -0.1733 15.2364 0.08192 1.2482
786 1 87.2965 0.03804 3.3208 786 -0.3000 11.8580 0.12436 1.4747 877 -0.1733 15.2387 0.08193 1.2485
787 1 87.3244 0.03805 3.3227 787 -0.3001 11.8648 0.12437 1.4756 878 -0.1733 15.2409 0.08193 1.2487
788 1 87.3523 0.03806 3.3246 788 -0.3002 11.8717 0.12438 1.4766 879 -0.1733 15.2432 0.08194 1.2490
789 1 87.3801 0.03806 3.3257 789 -0.3003 11.8785 0.12439 1.4776 880 -0.1733 15.2454 0.08195 1.2494
790 1 87.4080 0.03807 3.3276 790 -0.3004 11.8853 0.12440 1.4785 881 -0.1733 15.2476 0.08195 1.2495
791 1 87.4358 0.03808 3.3296 791 -0.3005 11.8922 0.12441 1.4795 882 -0.1733 15.2499 0.08196 1.2499
792 1 87.4636 0.03809 3.3315 792 -0.3006 11.8990 0.12441 1.4804 883 -0.1733 15.2521 0.08197 1.2502
793 1 87.4914 0.03809 3.3325 793 -0.3007 11.9058 0.12442 1.4813 884 -0.1733 15.2543 0.08197 1.2504
794 1 87.5192 0.03810 3.3345 794 -0.3007 11.9126 0.12443 1.4823 885 -0.1733 15.2565 0.08198 1.2507
795 1 87.5469 0.03811 3.3364 795 -0.3008 11.9194 0.12444 1.4833 886 -0.1733 15.2587 0.08199 1.2511
796 1 87.5746 0.03812 3.3383 796 -0.3009 11.9263 0.12445 1.4842 887 -0.1733 15.2609 0.08199 1.2512
797 1 87.6023 0.03812 3.3394 797 -0.3010 11.9331 0.12446 1.4852 888 -0.1733 15.2631 0.082 1.2516
798 1 87.6300 0.03813 3.3413 798 -0.3011 11.9399 0.12447 1.4862 889 -0.1733 15.2653 0.08201 1.2519
799 1 87.6577 0.03814 3.3433 799 -0.3012 11.9467 0.12448 1.4871 890 -0.1733 15.2675 0.08201 1.2521
800 1 87.6853 0.03814 3.3443 800 -0.3013 11.9535 0.12449 1.4881 891 -0.1733 15.2697 0.08202 1.2524
801 1 87.7129 0.03815 3.3462 801 -0.3014 11.9603 0.12450 1.4891 892 -0.1733 15.2719 0.08203 1.2528
802 1 87.7405 0.03816 3.3482 802 -0.3015 11.9671 0.12451 1.4900 893 -0.1733 15.2741 0.08203 1.2529
803 1 87.7681 0.03817 3.3501 803 -0.3016 11.9739 0.12452 1.4910 894 -0.1733 15.2762 0.08204 1.2533
804 1 87.7956 0.03817 3.3512 804 -0.3017 11.9808 0.12453 1.4920 895 -0.1733 15.2784 0.08205 1.2536
805 1 87.8232 0.03818 3.3531 805 -0.3018 11.9876 0.12454 1.4929 896 -0.1733 15.2806 0.08205 1.2538
806 1 87.8507 0.03819 3.3550 806 -0.3019 11.9944 0.12455 1.4939 897 -0.1733 15.2827 0.08206 1.2541
807 1 87.8782 0.03819 3.3561 807 -0.3019 12.0011 0.12456 1.4949 898 -0.1733 15.2849 0.08207 1.2544
808 1 87.9056 0.03820 3.3580 808 -0.3020 12.0079 0.12457 1.4958 899 -0.1733 15.287 0.08207 1.2546
809 1 87.9331 0.03821 3.3599 809 -0.3021 12.0147 0.12458 1.4968 900 -0.1733 15.2892 0.08208 1.2549
810 1 87.9605 0.03821 3.3610 810 -0.3022 12.0215 0.12459 1.4978 901 -0.1733 15.2913 0.08209 1.2553
811 1 87.9879 0.03822 3.3629 811 -0.3023 12.0283 0.12460 1.4987 902 -0.1733 15.2934 0.08209 1.2554
812 1 88.0153 0.03823 3.3648 812 -0.3024 12.0351 0.12461 1.4997 903 -0.1733 15.2956 0.0821 1.2558
813 1 88.0427 0.03824 3.3668 813 -0.3025 12.0419 0.12462 1.5007 904 -0.1733 15.2977 0.08211 1.2561
814 1 88.0700 0.03824 3.3678 814 -0.3026 12.0487 0.12463 1.5016 905 -0.1733 15.2998 0.08211 1.2563
815 1 88.0974 0.03825 3.3697 815 -0.3027 12.0554 0.12465 1.5027 906 -0.1733 15.3019 0.08212 1.2566
LENGTH
(in cm)
WEIGHT-FOR-LENGTH
HEIGHT (in
cm)
WEIGHT-FOR-HEIGHT
DAYS
HEIGHT/LENGTH-FOR-AGE
DAYS
WEIGHT-FOR-AGE
DAYS
MUAC
L M S SD L M S SD L M S SD L M S SD L M S SD
816 1 88.1247 0.03826 3.3717 816 -0.3027 12.0622 0.12466 1.5037 907 -0.1733 15.304 0.08213 1.2569
817 1 88.1519 0.03826 3.3727 817 -0.3028 12.0690 0.12467 1.5046 908 -0.1733 15.3061 0.08214 1.2572
818 1 88.1792 0.03827 3.3746 818 -0.3029 12.0758 0.12468 1.5056 909 -0.1733 15.3082 0.08214 1.2574
819 1 88.2065 0.03828 3.3765 819 -0.3030 12.0825 0.12469 1.5066 910 -0.1733 15.3103 0.08215 1.2577
820 1 88.2337 0.03829 3.3785 820 -0.3031 12.0893 0.12470 1.5075 911 -0.1733 15.3124 0.08216 1.2581
821 1 88.2609 0.03829 3.3795 821 -0.3032 12.0961 0.12471 1.5085 912 -0.1733 15.3145 0.08216 1.2582
822 1 88.2881 0.03830 3.3814 822 -0.3033 12.1028 0.12472 1.5095 913 -0.1733 15.3166 0.08217 1.2586
823 1 88.3152 0.03831 3.3834 823 -0.3033 12.1096 0.12473 1.5104 914 -0.1733 15.3187 0.08218 1.2589
824 1 88.3423 0.03831 3.3844 824 -0.3034 12.1163 0.12474 1.5114 915 -0.1733 15.3207 0.08219 1.2592
825 1 88.3695 0.03832 3.3863 825 -0.3035 12.1231 0.12475 1.5124 916 -0.1733 15.3228 0.08219 1.2594
826 1 88.3966 0.03833 3.3882 826 -0.3036 12.1298 0.12476 1.5133 917 -0.1733 15.3248 0.0822 1.2597
827 1 88.4236 0.03834 3.3902 827 -0.3037 12.1366 0.12477 1.5143 918 -0.1733 15.3269 0.08221 1.2600
828 1 88.4507 0.03834 3.3912 828 -0.3038 12.1433 0.12479 1.5154 919 -0.1733 15.329 0.08221 1.2602
829 1 88.4777 0.03835 3.3931 829 -0.3039 12.1500 0.12480 1.5163 920 -0.1733 15.331 0.08222 1.2605
830 1 88.5047 0.03836 3.3950 830 -0.3039 12.1568 0.12481 1.5173 921 -0.1733 15.333 0.08223 1.2608
831 1 88.5317 0.03836 3.3961 831 -0.3040 12.1635 0.12482 1.5182 922 -0.1733 15.3351 0.08224 1.2612
832 1 88.5587 0.03837 3.3980 832 -0.3041 12.1702 0.12483 1.5192 923 -0.1733 15.3371 0.08224 1.2613
833 1 88.5856 0.03838 3.3999 833 -0.3042 12.1770 0.12484 1.5202 924 -0.1733 15.3391 0.08225 1.2616
834 1 88.6126 0.03838 3.4010 834 -0.3043 12.1837 0.12485 1.5211 925 -0.1733 15.3412 0.08226 1.2620
835 1 88.6395 0.03839 3.4029 835 -0.3044 12.1904 0.12486 1.5221 926 -0.1733 15.3432 0.08227 1.2623
836 1 88.6664 0.03840 3.4048 836 -0.3044 12.1971 0.12487 1.5231 927 -0.1733 15.3452 0.08227 1.2624
837 1 88.6932 0.03841 3.4067 837 -0.3045 12.2039 0.12489 1.5241 928 -0.1733 15.3472 0.08228 1.2628
838 1 88.7201 0.03841 3.4077 838 -0.3046 12.2106 0.12490 1.5251 929 -0.1733 15.3492 0.08229 1.2631
839 1 88.7469 0.03842 3.4097 839 -0.3047 12.2173 0.12491 1.5261 930 -0.1733 15.3512 0.0823 1.2634
840 1 88.7737 0.03843 3.4116 840 -0.3048 12.2240 0.12492 1.5270 931 -0.1733 15.3532 0.0823 1.2636
841 1 88.8005 0.03843 3.4126 841 -0.3048 12.2307 0.12493 1.5280 932 -0.1733 15.3552 0.08231 1.2639
842 1 88.8273 0.03844 3.4145 842 -0.3049 12.2374 0.12494 1.5289 933 -0.1733 15.3572 0.08232 1.2642
843 1 88.8540 0.03845 3.4164 843 -0.3050 12.2441 0.12495 1.5299 934 -0.1733 15.3591 0.08233 1.2645
844 1 88.8807 0.03845 3.4175 844 -0.3051 12.2508 0.12497 1.5310 935 -0.1733 15.3611 0.08233 1.2647
845 1 88.9074 0.03846 3.4194 845 -0.3052 12.2575 0.12498 1.5319 936 -0.1733 15.3631 0.08234 1.2650
846 1 88.9341 0.03847 3.4213 846 -0.3052 12.2642 0.12499 1.5329 937 -0.1733 15.3651 0.08235 1.2653
847 1 88.9608 0.03848 3.4232 847 -0.3053 12.2709 0.12500 1.5339 938 -0.1733 15.367 0.08236 1.2656
848 1 88.9874 0.03848 3.4242 848 -0.3054 12.2775 0.12501 1.5348 939 -0.1733 15.369 0.08237 1.2659
849 1 89.0140 0.03849 3.4261 849 -0.3055 12.2842 0.12503 1.5359 940 -0.1733 15.3709 0.08237 1.2661
850 1 89.0406 0.03850 3.4281 850 -0.3056 12.2909 0.12504 1.5369 941 -0.1733 15.3729 0.08238 1.2664
851 1 89.0672 0.03850 3.4291 851 -0.3056 12.2976 0.12505 1.5378 942 -0.1733 15.3748 0.08239 1.2667
852 1 89.0938 0.03851 3.4310 852 -0.3057 12.3042 0.12506 1.5388 943 -0.1733 15.3768 0.0824 1.2670
853 1 89.1203 0.03852 3.4329 853 -0.3058 12.3109 0.12507 1.5397 944 -0.1733 15.3787 0.0824 1.2672
854 1 89.1468 0.03852 3.4339 854 -0.3059 12.3176 0.12509 1.5408 945 -0.1733 15.3806 0.08241 1.2675
855 1 89.1733 0.03853 3.4358 855 -0.3059 12.3242 0.12510 1.5418 946 -0.1733 15.3826 0.08242 1.2678
856 1 89.1998 0.03854 3.4378 856 -0.3060 12.3309 0.12511 1.5427 947 -0.1733 15.3845 0.08243 1.2681
857 1 89.2263 0.03855 3.4397 857 -0.3061 12.3375 0.12512 1.5437 948 -0.1733 15.3864 0.08244 1.2685
858 1 89.2527 0.03855 3.4407 858 -0.3062 12.3442 0.12513 1.5446 949 -0.1733 15.3883 0.08244 1.2686
859 1 89.2791 0.03856 3.4426 859 -0.3063 12.3508 0.12515 1.5457 950 -0.1733 15.3902 0.08245 1.2689
860 1 89.3055 0.03857 3.4445 860 -0.3063 12.3575 0.12516 1.5467 951 -0.1733 15.3922 0.08246 1.2692
861 1 89.3319 0.03857 3.4455 861 -0.3064 12.3641 0.12517 1.5476 952 -0.1733 15.3941 0.08247 1.2696
862 1 89.3583 0.03858 3.4474 862 -0.3065 12.3707 0.12518 1.5486 953 -0.1733 15.396 0.08248 1.2699
863 1 89.3846 0.03859 3.4494 863 -0.3066 12.3774 0.12520 1.5497 954 -0.1733 15.3979 0.08248 1.2700
864 1 89.4109 0.03859 3.4504 864 -0.3066 12.3840 0.12521 1.5506 955 -0.1733 15.3997 0.08249 1.2703
865 1 89.4372 0.03860 3.4523 865 -0.3067 12.3906 0.12522 1.5516 956 -0.1733 15.4016 0.0825 1.2706
866 1 89.4635 0.03861 3.4542 866 -0.3068 12.3973 0.12523 1.5525 957 -0.1733 15.4035 0.08251 1.2709
LENGTH
(in cm)
WEIGHT-FOR-LENGTH
HEIGHT (in
cm)
WEIGHT-FOR-HEIGHT
DAYS
HEIGHT/LENGTH-FOR-AGE
DAYS
WEIGHT-FOR-AGE
DAYS
MUAC
L M S SD L M S SD L M S SD L M S SD L M S SD
867 1 89.4898 0.03861 3.4552 867 -0.3069 12.4039 0.12525 1.5536 958 -0.1733 15.4054 0.08252 1.2713
868 1 89.5160 0.03862 3.4571 868 -0.3069 12.4105 0.12526 1.5545 959 -0.1733 15.4073 0.08253 1.2716
869 1 89.5422 0.03863 3.4590 869 -0.3070 12.4171 0.12527 1.5555 960 -0.1733 15.4092 0.08253 1.2717
870 1 89.5684 0.03864 3.4609 870 -0.3071 12.4237 0.12528 1.5564 961 -0.1733 15.411 0.08254 1.2720
871 1 89.5946 0.03864 3.4619 871 -0.3072 12.4303 0.12530 1.5575 962 -0.1733 15.4129 0.08255 1.2723
872 1 89.6208 0.03865 3.4638 872 -0.3072 12.4369 0.12531 1.5585 963 -0.1733 15.4148 0.08256 1.2726
873 1 89.6469 0.03866 3.4657 873 -0.3073 12.4435 0.12532 1.5594 964 -0.1733 15.4166 0.08257 1.2729
874 1 89.6730 0.03866 3.4668 874 -0.3074 12.4501 0.12533 1.5604 965 -0.1733 15.4185 0.08257 1.2731
875 1 89.6991 0.03867 3.4687 875 -0.3074 12.4567 0.12535 1.5614 966 -0.1733 15.4203 0.08258 1.2734
876 1 89.7252 0.03868 3.4706 876 -0.3075 12.4633 0.12536 1.5624 967 -0.1733 15.4222 0.08259 1.2737
877 1 89.7513 0.03868 3.4716 877 -0.3076 12.4699 0.12537 1.5634 968 -0.1733 15.424 0.0826 1.2740
878 1 89.7773 0.03869 3.4735 878 -0.3077 12.4765 0.12539 1.5644 969 -0.1733 15.4259 0.08261 1.2743
879 1 89.8033 0.03870 3.4754 879 -0.3077 12.4831 0.12540 1.5654 970 -0.1733 15.4277 0.08262 1.2746
880 1 89.8293 0.03870 3.4764 880 -0.3078 12.4896 0.12541 1.5663 971 -0.1733 15.4296 0.08262 1.2748
881 1 89.8553 0.03871 3.4783 881 -0.3079 12.4962 0.12543 1.5674 972 -0.1733 15.4314 0.08263 1.2751
882 1 89.8813 0.03872 3.4802 882 -0.3080 12.5028 0.12544 1.5684 973 -0.1733 15.4332 0.08264 1.2754
883 1 89.9072 0.03872 3.4812 883 -0.3080 12.5093 0.12545 1.5693 974 -0.1733 15.4351 0.08265 1.2757
884 1 89.9331 0.03873 3.4831 884 -0.3081 12.5159 0.12547 1.5704 975 -0.1733 15.4369 0.08266 1.2760
885 1 89.9591 0.03874 3.4850 885 -0.3082 12.5225 0.12548 1.5713 976 -0.1733 15.4387 0.08267 1.2763
886 1 89.9849 0.03874 3.4860 886 -0.3082 12.5290 0.12549 1.5723 977 -0.1733 15.4405 0.08268 1.2766
887 1 90.0108 0.03875 3.4879 887 -0.3083 12.5356 0.12551 1.5733 978 -0.1733 15.4424 0.08268 1.2768
888 1 90.0366 0.03876 3.4898 888 -0.3084 12.5421 0.12552 1.5743 979 -0.1733 15.4442 0.08269 1.2771
889 1 90.0625 0.03877 3.4917 889 -0.3085 12.5487 0.12553 1.5752 980 -0.1733 15.446 0.0827 1.2774
890 1 90.0883 0.03877 3.4927 890 -0.3085 12.5552 0.12555 1.5763 981 -0.1733 15.4478 0.08271 1.2777
891 1 90.1141 0.03878 3.4946 891 -0.3086 12.5617 0.12556 1.5772 982 -0.1733 15.4496 0.08272 1.2780
892 1 90.1398 0.03879 3.4965 892 -0.3087 12.5683 0.12557 1.5782 983 -0.1733 15.4514 0.08273 1.2783
893 1 90.1656 0.03879 3.4975 893 -0.3087 12.5748 0.12559 1.5793 984 -0.1733 15.4532 0.08274 1.2786
894 1 90.1913 0.03880 3.4994 894 -0.3088 12.5813 0.12560 1.5802 985 -0.1733 15.455 0.08275 1.2789
895 1 90.2170 0.03881 3.5013 895 -0.3089 12.5879 0.12561 1.5812 986 -0.1733 15.4568 0.08275 1.2791
896 1 90.2427 0.03881 3.5023 896 -0.3089 12.5944 0.12563 1.5822 987 -0.1733 15.4586 0.08276 1.2794
897 1 90.2684 0.03882 3.5042 897 -0.3090 12.6009 0.12564 1.5832 988 -0.1733 15.4604 0.08277 1.2797
898 1 90.2940 0.03883 3.5061 898 -0.3091 12.6074 0.12566 1.5842 989 -0.1733 15.4622 0.08278 1.2800
899 1 90.3197 0.03883 3.5071 899 -0.3091 12.6139 0.12567 1.5852 990 -0.1733 15.464 0.08279 1.2803
900 1 90.3453 0.03884 3.5090 900 -0.3092 12.6204 0.12568 1.5861 991 -0.1733 15.4658 0.0828 1.2806
901 1 90.3709 0.03885 3.5109 901 -0.3093 12.6269 0.12570 1.5872 992 -0.1733 15.4675 0.08281 1.2809
902 1 90.3965 0.03885 3.5119 902 -0.3093 12.6334 0.12571 1.5881 993 -0.1733 15.4693 0.08282 1.2812
903 1 90.4220 0.03886 3.5138 903 -0.3094 12.6399 0.12573 1.5892 994 -0.1733 15.4711 0.08282 1.2813
904 1 90.4476 0.03887 3.5157 904 -0.3095 12.6464 0.12574 1.5902 995 -0.1733 15.4729 0.08283 1.2816
905 1 90.4731 0.03887 3.5167 905 -0.3095 12.6529 0.12575 1.5911 996 -0.1733 15.4747 0.08284 1.2819
906 1 90.4986 0.03888 3.5186 906 -0.3096 12.6594 0.12577 1.5922 997 -0.1733 15.4764 0.08285 1.2822
907 1 90.5240 0.03889 3.5205 907 -0.3097 12.6659 0.12578 1.5931 998 -0.1733 15.4782 0.08286 1.2825
908 1 90.5495 0.03889 3.5215 908 -0.3097 12.6723 0.12580 1.5942 999 -0.1733 15.48 0.08287 1.2828
909 1 90.5750 0.03890 3.5234 909 -0.3098 12.6788 0.12581 1.5951 1000 -0.1733 15.4817 0.08288 1.2831
910 1 90.6004 0.03891 3.5253 910 -0.3099 12.6853 0.12583 1.5962 1001 -0.1733 15.4835 0.08289 1.2834
911 1 90.6258 0.03891 3.5262 911 -0.3099 12.6918 0.12584 1.5971 1002 -0.1733 15.4853 0.0829 1.2837
912 1 90.6512 0.03892 3.5281 912 -0.3100 12.6982 0.12585 1.5981 1003 -0.1733 15.487 0.08291 1.2840
913 1 90.6765 0.03893 3.5300 913 -0.3101 12.7047 0.12587 1.5991 1004 -0.1733 15.4888 0.08291 1.2842
914 1 90.7019 0.03893 3.5310 914 -0.3101 12.7111 0.12588 1.6001 1005 -0.1733 15.4905 0.08292 1.2845
915 1 90.7272 0.03894 3.5329 915 -0.3102 12.7176 0.12590 1.6011 1006 -0.1733 15.4923 0.08293 1.2848
916 1 90.7525 0.03895 3.5348 916 -0.3103 12.7240 0.12591 1.6021 1007 -0.1733 15.494 0.08294 1.2851
917 1 90.7778 0.03895 3.5358 917 -0.3103 12.7305 0.12593 1.6032 1008 -0.1733 15.4958 0.08295 1.2854
LENGTH
(in cm)
WEIGHT-FOR-LENGTH
HEIGHT (in
cm)
WEIGHT-FOR-HEIGHT
DAYS
HEIGHT/LENGTH-FOR-AGE
DAYS
WEIGHT-FOR-AGE
DAYS
MUAC
L M S SD L M S SD L M S SD L M S SD L M S SD
918 1 90.8031 0.03896 3.5377 918 -0.3104 12.7369 0.12594 1.6041 1009 -0.1733 15.4975 0.08296 1.2857
919 1 90.8283 0.03897 3.5396 919 -0.3105 12.7434 0.12596 1.6052 1010 -0.1733 15.4993 0.08297 1.2860
920 1 90.8536 0.03897 3.5406 920 -0.3105 12.7498 0.12597 1.6061 1011 -0.1733 15.501 0.08298 1.2863
921 1 90.8788 0.03898 3.5425 921 -0.3106 12.7563 0.12599 1.6072 1012 -0.1733 15.5028 0.08299 1.2866
922 1 90.9040 0.03899 3.5443 922 -0.3107 12.7627 0.12600 1.6081 1013 -0.1733 15.5045 0.083 1.2869
923 1 90.9292 0.03899 3.5453 923 -0.3107 12.7691 0.12602 1.6092 1014 -0.1733 15.5063 0.08301 1.2872
924 1 90.9544 0.03900 3.5472 924 -0.3108 12.7755 0.12603 1.6101 1015 -0.1733 15.508 0.08302 1.2875
925 1 90.9795 0.03901 3.5491 925 -0.3109 12.7820 0.12605 1.6112 1016 -0.1733 15.5097 0.08303 1.2878
926 1 91.0046 0.03901 3.5501 926 -0.3109 12.7884 0.12606 1.6121 1017 -0.1733 15.5115 0.08303 1.2879
927 1 91.0297 0.03902 3.5520 927 -0.3110 12.7948 0.12608 1.6132 1018 -0.1733 15.5132 0.08304 1.2882
928 1 91.0548 0.03903 3.5539 928 -0.3110 12.8012 0.12609 1.6141 1019 -0.1733 15.5149 0.08305 1.2885
929 1 91.0799 0.03903 3.5548 929 -0.3111 12.8076 0.12611 1.6152 1020 -0.1733 15.5167 0.08306 1.2888
930 1 91.1050 0.03904 3.5567 930 -0.3112 12.8140 0.12612 1.6161 1021 -0.1733 15.5184 0.08307 1.2891
931 1 91.1300 0.03905 3.5586 931 -0.3112 12.8204 0.12614 1.6172 1022 -0.1733 15.5201 0.08308 1.2894
932 1 91.1550 0.03905 3.5596 932 -0.3113 12.8268 0.12615 1.6181 1023 -0.1733 15.5219 0.08309 1.2897
933 1 91.1800 0.03906 3.5615 933 -0.3114 12.8332 0.12617 1.6192 1024 -0.1733 15.5236 0.0831 1.2900
934 1 91.2050 0.03907 3.5634 934 -0.3114 12.8396 0.12618 1.6201 1025 -0.1733 15.5253 0.08311 1.2903
935 1 91.2300 0.03907 3.5644 935 -0.3115 12.8460 0.12620 1.6212 1026 -0.1733 15.527 0.08312 1.2906
936 1 91.2549 0.03908 3.5662 936 -0.3116 12.8524 0.12621 1.6221 1027 -0.1733 15.5288 0.08313 1.2909
937 1 91.2799 0.03909 3.5681 937 -0.3116 12.8588 0.12623 1.6232 1028 -0.1733 15.5305 0.08314 1.2912
938 1 91.3048 0.03909 3.5691 938 -0.3117 12.8651 0.12625 1.6242 1029 -0.1733 15.5322 0.08315 1.2915
939 1 91.3297 0.03910 3.5710 939 -0.3117 12.8715 0.12626 1.6252 1030 -0.1733 15.5339 0.08316 1.2918
940 1 91.3545 0.03911 3.5729 940 -0.3118 12.8779 0.12628 1.6262 1031 -0.1733 15.5356 0.08317 1.2921
941 1 91.3794 0.03911 3.5738 941 -0.3119 12.8843 0.12629 1.6272 1032 -0.1733 15.5374 0.08318 1.2924
942 1 91.4043 0.03912 3.5757 942 -0.3119 12.8906 0.12631 1.6282 1033 -0.1733 15.5391 0.08319 1.2927
943 1 91.4291 0.03913 3.5776 943 -0.3120 12.8970 0.12632 1.6291 1034 -0.1733 15.5408 0.0832 1.2930
944 1 91.4539 0.03913 3.5786 944 -0.3120 12.9033 0.12634 1.6302 1035 -0.1733 15.5425 0.08321 1.2933
945 1 91.4787 0.03914 3.5805 945 -0.3121 12.9097 0.12636 1.6313 1036 -0.1733 15.5442 0.08322 1.2936
946 1 91.5035 0.03915 3.5824 946 -0.3122 12.9161 0.12637 1.6322 1037 -0.1733 15.5459 0.08323 1.2939
947 1 91.5282 0.03915 3.5833 947 -0.3122 12.9224 0.12639 1.6333 1038 -0.1733 15.5476 0.08324 1.2942
948 1 91.5530 0.03916 3.5852 948 -0.3123 12.9288 0.12640 1.6342 1039 -0.1733 15.5493 0.08325 1.2945
949 1 91.5777 0.03917 3.5871 949 -0.3123 12.9351 0.12642 1.6353 1040 -0.1733 15.5511 0.08325 1.2946
950 1 91.6024 0.03917 3.5881 950 -0.3124 12.9415 0.12644 1.6363 1041 -0.1733 15.5528 0.08326 1.2949
951 1 91.6271 0.03918 3.5899 951 -0.3125 12.9478 0.12645 1.6372 1042 -0.1733 15.5545 0.08327 1.2952
952 1 91.6518 0.03918 3.5909 952 -0.3125 12.9541 0.12647 1.6383 1043 -0.1733 15.5562 0.08328 1.2955
953 1 91.6764 0.03919 3.5928 953 -0.3126 12.9605 0.12648 1.6392 1044 -0.1733 15.5579 0.08329 1.2958
954 1 91.7011 0.03920 3.5947 954 -0.3126 12.9668 0.12650 1.6403 1045 -0.1733 15.5596 0.0833 1.2961
955 1 91.7257 0.03920 3.5956 955 -0.3127 12.9732 0.12652 1.6414 1046 -0.1733 15.5613 0.08331 1.2964
956 1 91.7503 0.03921 3.5975 956 -0.3128 12.9795 0.12653 1.6423 1047 -0.1733 15.563 0.08332 1.2967
957 1 91.7749 0.03922 3.5994 957 -0.3128 12.9858 0.12655 1.6434 1048 -0.1733 15.5647 0.08333 1.2970
958 1 91.7995 0.03922 3.6004 958 -0.3129 12.9921 0.12656 1.6443 1049 -0.1733 15.5664 0.08334 1.2973
959 1 91.8241 0.03923 3.6023 959 -0.3129 12.9985 0.12658 1.6454 1050 -0.1733 15.5681 0.08335 1.2976
960 1 91.8486 0.03924 3.6041 960 -0.3130 13.0048 0.12660 1.6464 1051 -0.1733 15.5698 0.08336 1.2979
961 1 91.8731 0.03924 3.6051 961 -0.3131 13.0111 0.12661 1.6473 1052 -0.1733 15.5715 0.08337 1.2982
962 1 91.8976 0.03925 3.6070 962 -0.3131 13.0174 0.12663 1.6484 1053 -0.1733 15.5732 0.08338 1.2985
963 1 91.9221 0.03926 3.6089 963 -0.3132 13.0237 0.12665 1.6495 1054 -0.1733 15.5749 0.08339 1.2988
964 1 91.9466 0.03926 3.6098 964 -0.3132 13.0300 0.12666 1.6504 1055 -0.1733 15.5766 0.0834 1.2991
965 1 91.9711 0.03927 3.6117 965 -0.3133 13.0363 0.12668 1.6514 1056 -0.1733 15.5783 0.08341 1.2994
966 1 91.9955 0.03928 3.6136 966 -0.3134 13.0427 0.12670 1.6525 1057 -0.1733 15.58 0.08342 1.2997
967 1 92.0200 0.03928 3.6145 967 -0.3134 13.0490 0.12671 1.6534 1058 -0.1733 15.5817 0.08343 1.3000
968 1 92.0444 0.03929 3.6164 968 -0.3135 13.0553 0.12673 1.6545 1059 -0.1733 15.5834 0.08344 1.3003
LENGTH
(in cm)
WEIGHT-FOR-LENGTH
HEIGHT (in
cm)
WEIGHT-FOR-HEIGHT
DAYS
HEIGHT/LENGTH-FOR-AGE
DAYS
WEIGHT-FOR-AGE
DAYS
MUAC
L M S SD L M S SD L M S SD L M S SD L M S SD
969 1 92.0688 0.03929 3.6174 969 -0.3135 13.0616 0.12675 1.6556 1060 -0.1733 15.5851 0.08345 1.3006
970 1 92.0932 0.03930 3.6193 970 -0.3136 13.0679 0.12676 1.6565 1061 -0.1733 15.5868 0.08346 1.3009
971 1 92.1175 0.03931 3.6211 971 -0.3136 13.0742 0.12678 1.6575 1062 -0.1733 15.5885 0.08347 1.3012
972 1 92.1419 0.03931 3.6221 972 -0.3137 13.0804 0.12680 1.6586 1063 -0.1733 15.5902 0.08348 1.3015
973 1 92.1662 0.03932 3.6240 973 -0.3138 13.0867 0.12681 1.6595 1064 -0.1733 15.5919 0.08349 1.3018
974 1 92.1906 0.03933 3.6259 974 -0.3138 13.0930 0.12683 1.6606 1065 -0.1733 15.5936 0.08351 1.3022
975 1 92.2149 0.03933 3.6268 975 -0.3139 13.0993 0.12685 1.6616 1066 -0.1733 15.5953 0.08352 1.3025
976 1 92.2392 0.03934 3.6287 976 -0.3139 13.1056 0.12687 1.6627 1067 -0.1733 15.597 0.08353 1.3028
977 1 92.2635 0.03935 3.6306 977 -0.3140 13.1119 0.12688 1.6636 1068 -0.1733 15.5987 0.08354 1.3031
978 1 92.2877 0.03935 3.6315 978 -0.3140 13.1182 0.12690 1.6647 1069 -0.1733 15.6004 0.08355 1.3034
979 1 92.3120 0.03936 3.6334 979 -0.3141 13.1245 0.12692 1.6658 1070 -0.1733 15.602 0.08356 1.3037
980 1 92.3362 0.03936 3.6344 980 -0.3142 13.1307 0.12693 1.6667 1071 -0.1733 15.6037 0.08357 1.3040
981 1 92.3604 0.03937 3.6362 981 -0.3142 13.1370 0.12695 1.6677 1072 -0.1733 15.6054 0.08358 1.3043
982 1 92.3846 0.03938 3.6381 982 -0.3143 13.1433 0.12697 1.6688 1073 -0.1733 15.6071 0.08359 1.3046
983 1 92.4088 0.03938 3.6391 983 -0.3143 13.1496 0.12699 1.6699 1074 -0.1733 15.6088 0.0836 1.3049
984 1 92.4330 0.03939 3.6409 984 -0.3144 13.1558 0.12700 1.6708 1075 -0.1733 15.6105 0.08361 1.3052
985 1 92.4572 0.03940 3.6428 985 -0.3144 13.1621 0.12702 1.6718 1076 -0.1733 15.6122 0.08362 1.3055
986 1 92.4813 0.03940 3.6438 986 -0.3145 13.1684 0.12704 1.6729 1077 -0.1733 15.6139 0.08363 1.3058
987 1 92.5054 0.03941 3.6456 987 -0.3145 13.1746 0.12706 1.6740 1078 -0.1733 15.6156 0.08364 1.3061
988 1 92.5295 0.03942 3.6475 988 -0.3146 13.1809 0.12707 1.6749 1079 -0.1733 15.6173 0.08365 1.3064
989 1 92.5536 0.03942 3.6485 989 -0.3147 13.1872 0.12709 1.6760 1080 -0.1733 15.619 0.08366 1.3067
990 1 92.5777 0.03943 3.6503 990 -0.3147 13.1934 0.12711 1.6770 1081 -0.1733 15.6206 0.08367 1.3070
991 1 92.6018 0.03943 3.6513 991 -0.3148 13.1997 0.12713 1.6781 1082 -0.1733 15.6223 0.08368 1.3073
992 1 92.6259 0.03944 3.6532 992 -0.3148 13.2059 0.12714 1.6790 1083 -0.1733 15.624 0.08369 1.3076
993 1 92.6499 0.03945 3.6550 993 -0.3149 13.2122 0.12716 1.6801 1084 -0.1733 15.6257 0.0837 1.3079
994 1 92.6739 0.03945 3.6560 994 -0.3149 13.2185 0.12718 1.6811 1085 -0.1733 15.6274 0.08371 1.3082
995 1 92.6980 0.03946 3.6579 995 -0.3150 13.2247 0.12720 1.6822 1086 -0.1733 15.6291 0.08372 1.3085
996 1 92.7220 0.03947 3.6597 996 -0.3150 13.2310 0.12721 1.6831 1087 -0.1733 15.6308 0.08373 1.3088
997 1 92.7459 0.03947 3.6607 997 -0.3151 13.2372 0.12723 1.6842 1088 -0.1733 15.6325 0.08375 1.3092
998 1 92.7699 0.03948 3.6626 998 -0.3152 13.2435 0.12725 1.6852 1089 -0.1733 15.6342 0.08376 1.3095
999 1 92.7939 0.03948 3.6635 999 -0.3152 13.2497 0.12727 1.6863 1090 -0.1733 15.6358 0.08377 1.3098
1000 1 92.8178 0.03949 3.6654 1000 -0.3153 13.2560 0.12729 1.6874 1091 -0.1733 15.6375 0.08378 1.3101
1001 1 92.8418 0.03950 3.6673 1001 -0.3153 13.2622 0.12730 1.6883 1092 -0.1733 15.6392 0.08379 1.3104
1002 1 92.8657 0.03950 3.6682 1002 -0.3154 13.2684 0.12732 1.6893 1093 -0.1733 15.6409 0.0838 1.3107
1003 1 92.8896 0.03951 3.6701 1003 -0.3154 13.2747 0.12734 1.6904 1094 -0.1733 15.6426 0.08381 1.3110
1004 1 92.9135 0.03952 3.6719 1004 -0.3155 13.2809 0.12736 1.6915 1095 -0.1733 15.6443 0.08382 1.3113
1005 1 92.9373 0.03952 3.6729 1005 -0.3155 13.2872 0.12738 1.6925 1096 -0.1733 15.646 0.08383 1.3116
1006 1 92.9612 0.03953 3.6748 1006 -0.3156 13.2934 0.12739 1.6934 1097 -0.1733 15.6477 0.08384 1.3119
1007 1 92.9850 0.03953 3.6757 1007 -0.3156 13.2996 0.12741 1.6945 1098 -0.1733 15.6494 0.08385 1.3122
1008 1 93.0089 0.03954 3.6776 1008 -0.3157 13.3059 0.12743 1.6956 1099 -0.1733 15.651 0.08386 1.3125
1009 1 93.0327 0.03955 3.6794 1009 -0.3158 13.3121 0.12745 1.6966 1100 -0.1733 15.6527 0.08387 1.3128
1010 1 93.0565 0.03955 3.6804 1010 -0.3158 13.3183 0.12747 1.6977 1101 -0.1733 15.6544 0.08388 1.3131
1011 1 93.0803 0.03956 3.6823 1011 -0.3159 13.3246 0.12749 1.6988 1102 -0.1733 15.6561 0.0839 1.3135
1012 1 93.1041 0.03957 3.6841 1012 -0.3159 13.3308 0.12750 1.6997 1103 -0.1733 15.6578 0.08391 1.3138
1013 1 93.1278 0.03957 3.6851 1013 -0.3160 13.3370 0.12752 1.7007 1104 -0.1733 15.6595 0.08392 1.3141
1014 1 93.1516 0.03958 3.6869 1014 -0.3160 13.3433 0.12754 1.7018 1105 -0.1733 15.6612 0.08393 1.3144
1015 1 93.1753 0.03958 3.6879 1015 -0.3161 13.3495 0.12756 1.7029 1106 -0.1733 15.6629 0.08394 1.3147
1016 1 93.1991 0.03959 3.6898 1016 -0.3161 13.3557 0.12758 1.7039 1107 -0.1733 15.6645 0.08395 1.3150
1017 1 93.2228 0.03960 3.6916 1017 -0.3162 13.3619 0.12760 1.7050 1108 -0.1733 15.6662 0.08396 1.3153
1018 1 93.2465 0.03960 3.6926 1018 -0.3162 13.3682 0.12762 1.7060 1109 -0.1733 15.6679 0.08397 1.3156
1019 1 93.2702 0.03961 3.6944 1019 -0.3163 13.3744 0.12763 1.7070 1110 -0.1733 15.6696 0.08398 1.3159
LENGTH
(in cm)
WEIGHT-FOR-LENGTH
HEIGHT (in
cm)
WEIGHT-FOR-HEIGHT
DAYS
HEIGHT/LENGTH-FOR-AGE
DAYS
WEIGHT-FOR-AGE
DAYS
MUAC
L M S SD L M S SD L M S SD L M S SD L M S SD
1020 1 93.2938 0.03961 3.6954 1020 -0.3163 13.3806 0.12765 1.7080 1111 -0.1733 15.6713 0.08399 1.3162
1021 1 93.3175 0.03962 3.6972 1021 -0.3164 13.3868 0.12767 1.7091 1112 -0.1733 15.673 0.08401 1.3167
1022 1 93.3411 0.03963 3.6991 1022 -0.3164 13.3931 0.12769 1.7102 1113 -0.1733 15.6747 0.08402 1.3170
1023 1 93.3648 0.03963 3.7000 1023 -0.3165 13.3993 0.12771 1.7112 1114 -0.1733 15.6764 0.08403 1.3173
1024 1 93.3884 0.03964 3.7019 1024 -0.3165 13.4055 0.12773 1.7123 1115 -0.1733 15.678 0.08404 1.3176
1025 1 93.4120 0.03964 3.7029 1025 -0.3166 13.4117 0.12775 1.7133 1116 -0.1733 15.6797 0.08405 1.3179
1026 1 93.4356 0.03965 3.7047 1026 -0.3167 13.4179 0.12777 1.7144 1117 -0.1733 15.6814 0.08406 1.3182
1027 1 93.4592 0.03966 3.7066 1027 -0.3167 13.4242 0.12779 1.7155 1118 -0.1733 15.6831 0.08407 1.3185
1028 1 93.4827 0.03966 3.7075 1028 -0.3168 13.4304 0.12781 1.7165 1119 -0.1733 15.6848 0.08408 1.3188
1029 1 93.5063 0.03967 3.7094 1029 -0.3168 13.4366 0.12782 1.7175 1120 -0.1733 15.6865 0.08409 1.3191
1030 1 93.5298 0.03968 3.7113 1030 -0.3169 13.4428 0.12784 1.7185 1121 -0.1733 15.6882 0.0841 1.3194
1031 1 93.5534 0.03968 3.7122 1031 -0.3169 13.4490 0.12786 1.7196 1122 -0.1733 15.6899 0.08412 1.3198
1032 1 93.5769 0.03969 3.7141 1032 -0.3170 13.4552 0.12788 1.7207 1123 -0.1733 15.6916 0.08413 1.3201
1033 1 93.6004 0.03969 3.7150 1033 -0.3170 13.4614 0.12790 1.7217 1124 -0.1733 15.6932 0.08414 1.3204
1034 1 93.6239 0.03970 3.7169 1034 -0.3171 13.4677 0.12792 1.7228 1125 -0.1733 15.6949 0.08415 1.3207
1035 1 93.6473 0.03971 3.7187 1035 -0.3171 13.4739 0.12794 1.7239 1126 -0.1733 15.6966 0.08416 1.3210
1036 1 93.6708 0.03971 3.7197 1036 -0.3172 13.4801 0.12796 1.7249 1127 -0.1733 15.6983 0.08417 1.3213
1037 1 93.6943 0.03972 3.7215 1037 -0.3172 13.4863 0.12798 1.7260 1128 -0.1733 15.7 0.08418 1.3216
1038 1 93.7177 0.03972 3.7225 1038 -0.3173 13.4925 0.12800 1.7270 1129 -0.1733 15.7017 0.08419 1.3219
1039 1 93.7411 0.03973 3.7243 1039 -0.3173 13.4987 0.12802 1.7281 1130 -0.1733 15.7034 0.08421 1.3224
1040 1 93.7646 0.03974 3.7262 1040 -0.3174 13.5049 0.12804 1.7292 1131 -0.1733 15.7051 0.08422 1.3227
1041 1 93.7880 0.03974 3.7271 1041 -0.3174 13.5111 0.12806 1.7302 1132 -0.1733 15.7067 0.08423 1.3230
1042 1 93.8113 0.03975 3.7290 1042 -0.3175 13.5173 0.12808 1.7313 1133 -0.1733 15.7084 0.08424 1.3233
1043 1 93.8347 0.03975 3.7299 1043 -0.3175 13.5235 0.12810 1.7324 1134 -0.1733 15.7101 0.08425 1.3236
1044 1 93.8581 0.03976 3.7318 1044 -0.3176 13.5297 0.12812 1.7334 1135 -0.1733 15.7118 0.08426 1.3239
1045 1 93.8814 0.03977 3.7337 1045 -0.3176 13.5359 0.12814 1.7345 1136 -0.1733 15.7135 0.08427 1.3242
1046 1 93.9048 0.03977 3.7346 1046 -0.3177 13.5421 0.12816 1.7356 1137 -0.1733 15.7152 0.08429 1.3246
1047 1 93.9281 0.03978 3.7365 1047 -0.3177 13.5483 0.12818 1.7366 1138 -0.1733 15.7169 0.0843 1.3249
1048 1 93.9514 0.03978 3.7374 1048 -0.3178 13.5545 0.12819 1.7376 1139 -0.1733 15.7186 0.08431 1.3252
1049 1 93.9747 0.03979 3.7393 1049 -0.3178 13.5607 0.12821 1.7386 1140 -0.1733 15.7203 0.08432 1.3255
1050 1 93.9980 0.03980 3.7411 1050 -0.3179 13.5669 0.12823 1.7397 1141 -0.1733 15.7219 0.08433 1.3258
1051 1 94.0213 0.03980 3.7420 1051 -0.3179 13.5731 0.12825 1.7408 1142 -0.1733 15.7236 0.08434 1.3261
1052 1 94.0446 0.03981 3.7439 1052 -0.3180 13.5793 0.12827 1.7418 1143 -0.1733 15.7253 0.08435 1.3264
1053 1 94.0678 0.03981 3.7448 1053 -0.3180 13.5855 0.12829 1.7429 1144 -0.1733 15.727 0.08437 1.3269
1054 1 94.0911 0.03982 3.7467 1054 -0.3181 13.5917 0.12832 1.7441 1145 -0.1733 15.7287 0.08438 1.3272
1055 1 94.1143 0.03983 3.7486 1055 -0.3181 13.5979 0.12834 1.7452 1146 -0.1733 15.7304 0.08439 1.3275
1056 1 94.1376 0.03983 3.7495 1056 -0.3182 13.6041 0.12836 1.7462 1147 -0.1733 15.7321 0.0844 1.3278
1057 1 94.1608 0.03984 3.7514 1057 -0.3182 13.6103 0.12838 1.7473 1148 -0.1733 15.7338 0.08441 1.3281
1058 1 94.1840 0.03984 3.7523 1058 -0.3183 13.6165 0.12840 1.7484 1149 -0.1733 15.7355 0.08442 1.3284
1059 1 94.2071 0.03985 3.7542 1059 -0.3183 13.6227 0.12842 1.7494 1150 -0.1733 15.7371 0.08443 1.3287
1060 1 94.2303 0.03986 3.7560 1060 -0.3184 13.6289 0.12844 1.7505 1151 -0.1733 15.7388 0.08445 1.3291
1061 1 94.2535 0.03986 3.7569 1061 -0.3184 13.6351 0.12846 1.7516 1152 -0.1733 15.7405 0.08446 1.3294
1062 1 94.2766 0.03987 3.7588 1062 -0.3185 13.6413 0.12848 1.7526 1153 -0.1733 15.7422 0.08447 1.3297
1063 1 94.2998 0.03987 3.7597 1063 -0.3185 13.6475 0.12850 1.7537 1154 -0.1733 15.7439 0.08448 1.3300
1064 1 94.3229 0.03988 3.7616 1064 -0.3186 13.6537 0.12852 1.7548 1155 -0.1733 15.7456 0.08449 1.3303
1065 1 94.3460 0.03989 3.7635 1065 -0.3186 13.6599 0.12854 1.7558 1156 -0.1733 15.7473 0.0845 1.3306
1066 1 94.3691 0.03989 3.7644 1066 -0.3187 13.6661 0.12856 1.7569 1157 -0.1733 15.749 0.08452 1.3311
1067 1 94.3922 0.03990 3.7662 1067 -0.3187 13.6723 0.12858 1.7580 1158 -0.1733 15.7507 0.08453 1.3314
1068 1 94.4153 0.03990 3.7672 1068 -0.3188 13.6785 0.12860 1.7591 1159 -0.1733 15.7524 0.08454 1.3317
1069 1 94.4384 0.03991 3.7690 1069 -0.3188 13.6847 0.12862 1.7601 1160 -0.1733 15.754 0.08455 1.3320
1070 1 94.4615 0.03991 3.7700 1070 -0.3189 13.6909 0.12864 1.7612 1161 -0.1733 15.7557 0.08456 1.3323
LENGTH
(in cm)
WEIGHT-FOR-LENGTH
HEIGHT (in
cm)
WEIGHT-FOR-HEIGHT
DAYS
HEIGHT/LENGTH-FOR-AGE
DAYS
WEIGHT-FOR-AGE
DAYS
MUAC
L M S SD L M S SD L M S SD L M S SD L M S SD
1071 1 94.4845 0.03992 3.7718 1071 -0.3189 13.6971 0.12866 1.7623 1162 -0.1733 15.7574 0.08457 1.3326
1072 1 94.5075 0.03993 3.7737 1072 -0.3190 13.7033 0.12868 1.7633 1163 -0.1733 15.7591 0.08459 1.3331
1073 1 94.5306 0.03993 3.7746 1073 -0.3190 13.7095 0.12871 1.7645 1164 -0.1733 15.7608 0.0846 1.3334
1074 1 94.5536 0.03994 3.7765 1074 -0.3191 13.7157 0.12873 1.7656 1165 -0.1733 15.7625 0.08461 1.3337
1075 1 94.5766 0.03994 3.7774 1075 -0.3191 13.7218 0.12875 1.7667 1166 -0.1733 15.7642 0.08462 1.3340
1076 1 94.5996 0.03995 3.7793 1076 -0.3192 13.7280 0.12877 1.7678 1167 -0.1733 15.7659 0.08463 1.3343
1077 1 94.6226 0.03996 3.7811 1077 -0.3192 13.7342 0.12879 1.7688 1168 -0.1733 15.7676 0.08465 1.3347
1078 1 94.6455 0.03996 3.7820 1078 -0.3193 13.7404 0.12881 1.7699 1169 -0.1733 15.7692 0.08466 1.3350
1079 1 94.6685 0.03997 3.7839 1079 -0.3193 13.7466 0.12883 1.7710 1170 -0.1733 15.7709 0.08467 1.3353
1080 1 94.6914 0.03997 3.7848 1080 -0.3194 13.7528 0.12885 1.7720 1171 -0.1733 15.7726 0.08468 1.3356
1081 1 94.7144 0.03998 3.7867 1081 -0.3194 13.7590 0.12887 1.7731 1172 -0.1733 15.7743 0.08469 1.3359
1082 1 94.7373 0.03999 3.7885 1082 -0.3195 13.7652 0.12890 1.7743 1173 -0.1733 15.776 0.08471 1.3364
1083 1 94.7602 0.03999 3.7895 1083 -0.3195 13.7714 0.12892 1.7754 1174 -0.1733 15.7777 0.08472 1.3367
1084 1 94.7831 0.04000 3.7913 1084 -0.3196 13.7776 0.12894 1.7765 1175 -0.1733 15.7794 0.08473 1.3370
1085 1 94.8060 0.04000 3.7922 1085 -0.3196 13.7838 0.12896 1.7776 1176 -0.1733 15.7811 0.08474 1.3373
1086 1 94.8289 0.04001 3.7941 1086 -0.3197 13.7899 0.12898 1.7786 1177 -0.1733 15.7828 0.08475 1.3376
1087 1 94.8518 0.04001 3.7950 1087 -0.3197 13.7961 0.12900 1.7797 1178 -0.1733 15.7844 0.08476 1.3379
1088 1 94.8747 0.04002 3.7969 1088 -0.3198 13.8023 0.12902 1.7808 1179 -0.1733 15.7861 0.08478 1.3383
1089 1 94.8975 0.04003 3.7987 1089 -0.3198 13.8085 0.12905 1.7820 1180 -0.1733 15.7878 0.08479 1.3386
1090 1 94.9203 0.04003 3.7997 1090 -0.3198 13.8147 0.12907 1.7831 1181 -0.1733 15.7895 0.0848 1.3389
1091 1 94.9432 0.04004 3.8015 1091 -0.3199 13.8209 0.12909 1.7841 1182 -0.1733 15.7912 0.08481 1.3393
1092 1 94.9660 0.04004 3.8024 1092 -0.3199 13.8271 0.12911 1.7852 1183 -0.1733 15.7929 0.08482 1.3396
1093 1 94.9888 0.04005 3.8043 1093 -0.3200 13.8333 0.12913 1.7863 1184 -0.1733 15.7946 0.08484 1.3400
1094 1 95.0116 0.04005 3.8052 1094 -0.3200 13.8395 0.12915 1.7874 1185 -0.1733 15.7963 0.08485 1.3403
1095 1 95.0344 0.04006 3.8071 1095 -0.3201 13.8456 0.12918 1.7886 1186 -0.1733 15.7979 0.08486 1.3406
1096 1 95.0572 0.04007 3.8089 1096 -0.3201 13.8518 0.12920 1.7897 1187 -0.1733 15.7996 0.08487 1.3409
1097 1 95.0799 0.04007 3.8099 1097 -0.3202 13.8580 0.12922 1.7907 1188 -0.1733 15.8013 0.08489 1.3414
1098 1 95.1027 0.04008 3.8117 1098 -0.3202 13.8642 0.12924 1.7918 1189 -0.1733 15.803 0.0849 1.3417
1099 1 95.1254 0.04008 3.8126 1099 -0.3203 13.8704 0.12926 1.7929 1190 -0.1733 15.8047 0.08491 1.3420
1100 1 95.1482 0.04009 3.8145 1100 -0.3203 13.8766 0.12929 1.7941 1191 -0.1733 15.8064 0.08492 1.3423
1101 1 95.1709 0.04009 3.8154 1101 -0.3204 13.8828 0.12931 1.7952 1192 -0.1733 15.808 0.08493 1.3426
1102 1 95.1936 0.04010 3.8173 1102 -0.3204 13.8889 0.12933 1.7963 1193 -0.1733 15.8097 0.08495 1.3430
1103 1 95.2163 0.04011 3.8191 1103 -0.3205 13.8951 0.12935 1.7973 1194 -0.1733 15.8114 0.08496 1.3433
1104 1 95.2390 0.04011 3.8200 1104 -0.3205 13.9013 0.12937 1.7984 1195 -0.1733 15.8131 0.08497 1.3436
1105 1 95.2617 0.04012 3.8219 1105 -0.3206 13.9075 0.12940 1.7996 1196 -0.1733 15.8148 0.08498 1.3439
1106 1 95.2844 0.04012 3.8228 1106 -0.3206 13.9137 0.12942 1.8007 1197 -0.1733 15.8165 0.08499 1.3442
1107 1 95.3070 0.04013 3.8247 1107 -0.3207 13.9199 0.12944 1.8018 1198 -0.1733 15.8182 0.08501 1.3447
1108 1 95.3297 0.04013 3.8256 1108 -0.3207 13.9261 0.12946 1.8029 1199 -0.1733 15.8198 0.08502 1.3450
1109 1 95.3523 0.04014 3.8274 1109 -0.3208 13.9322 0.12948 1.8039 1200 -0.1733 15.8215 0.08503 1.3453
1110 1 95.3750 0.04015 3.8293 1110 -0.3208 13.9384 0.12951 1.8052 1201 -0.1733 15.8232 0.08504 1.3456
1111 1 95.3976 0.04015 3.8302 1111 -0.3208 13.9446 0.12953 1.8062 1202 -0.1733 15.8249 0.08506 1.3461
1112 1 95.4202 0.04016 3.8321 1112 -0.3209 13.9508 0.12955 1.8073 1203 -0.1733 15.8266 0.08507 1.3464
1113 1 95.4428 0.04016 3.8330 1113 -0.3209 13.9570 0.12957 1.8084 1204 -0.1733 15.8282 0.08508 1.3467
1114 1 95.4654 0.04017 3.8348 1114 -0.3210 13.9632 0.12960 1.8096 1205 -0.1733 15.8299 0.08509 1.3470
1115 1 95.4880 0.04017 3.8358 1115 -0.3210 13.9693 0.12962 1.8107 1206 -0.1733 15.8316 0.0851 1.3473
1116 1 95.5105 0.04018 3.8376 1116 -0.3211 13.9755 0.12964 1.8118 1207 -0.1733 15.8333 0.08512 1.3477
1117 1 95.5331 0.04019 3.8395 1117 -0.3211 13.9817 0.12967 1.8130 1208 -0.1733 15.835 0.08513 1.3480
1118 1 95.5556 0.04019 3.8404 1118 -0.3212 13.9879 0.12969 1.8141 1209 -0.1733 15.8366 0.08514 1.3483
1119 1 95.5782 0.04020 3.8422 1119 -0.3212 13.9941 0.12971 1.8152 1210 -0.1733 15.8383 0.08515 1.3486
1120 1 95.6007 0.04020 3.8431 1120 -0.3213 14.0003 0.12973 1.8163 1211 -0.1733 15.84 0.08517 1.3491
1121 1 95.6232 0.04021 3.8450 1121 -0.3213 14.0064 0.12976 1.8175 1212 -0.1733 15.8417 0.08518 1.3494
LENGTH
(in cm)
WEIGHT-FOR-LENGTH
HEIGHT (in
cm)
WEIGHT-FOR-HEIGHT
DAYS
HEIGHT/LENGTH-FOR-AGE
DAYS
WEIGHT-FOR-AGE
DAYS
MUAC
L M S SD L M S SD L M S SD L M S SD L M S SD
1122 1 95.6457 0.04021 3.8459 1122 -0.3214 14.0126 0.12978 1.8186 1213 -0.1733 15.8433 0.08519 1.3497
1123 1 95.6682 0.04022 3.8478 1123 -0.3214 14.0188 0.12980 1.8196 1214 -0.1733 15.845 0.0852 1.3500
1124 1 95.6907 0.04023 3.8496 1124 -0.3215 14.0250 0.12982 1.8207 1215 -0.1733 15.8467 0.08522 1.3505
1125 1 95.7132 0.04023 3.8505 1125 -0.3215 14.0312 0.12985 1.8220 1216 -0.1733 15.8484 0.08523 1.3508
1126 1 95.7356 0.04024 3.8524 1126 -0.3216 14.0373 0.12987 1.8230 1217 -0.1733 15.85 0.08524 1.3511
1127 1 95.7581 0.04024 3.8533 1127 -0.3216 14.0435 0.12989 1.8241 1218 -0.1733 15.8517 0.08525 1.3514
1128 1 95.7805 0.04025 3.8552 1128 -0.3216 14.0497 0.12992 1.8253 1219 -0.1733 15.8534 0.08527 1.3518
1129 1 95.8030 0.04025 3.8561 1129 -0.3217 14.0559 0.12994 1.8264 1220 -0.1733 15.8551 0.08528 1.3521
1130 1 95.8254 0.04026 3.8579 1130 -0.3217 14.0621 0.12996 1.8275 1221 -0.1733 15.8567 0.08529 1.3524
1131 1 95.8478 0.04026 3.8588 1131 -0.3218 14.0682 0.12999 1.8287 1222 -0.1733 15.8584 0.0853 1.3527
1132 1 95.8702 0.04027 3.8607 1132 -0.3218 14.0744 0.13001 1.8298 1223 -0.1733 15.8601 0.08532 1.3532
1133 1 95.8926 0.04028 3.8626 1133 -0.3219 14.0806 0.13003 1.8309 1224 -0.1733 15.8618 0.08533 1.3535
1134 1 95.9150 0.04028 3.8635 1134 -0.3219 14.0868 0.13006 1.8321 1225 -0.1733 15.8634 0.08534 1.3538
1135 1 95.9374 0.04029 3.8653 1135 -0.3220 14.0930 0.13008 1.8332 1226 -0.1733 15.8651 0.08535 1.3541
1136 1 95.9597 0.04029 3.8662 1136 -0.3220 14.0991 0.13010 1.8343 1227 -0.1733 15.8668 0.08537 1.3545
1137 1 95.9821 0.04030 3.8681 1137 -0.3221 14.1053 0.13013 1.8355 1228 -0.1733 15.8684 0.08538 1.3548
1138 1 96.0044 0.04030 3.8690 1138 -0.3221 14.1115 0.13015 1.8366 1229 -0.1733 15.8701 0.08539 1.3551
1139 1 96.0268 0.04031 3.8708 1139 -0.3222 14.1177 0.13017 1.8377 1230 -0.1733 15.8718 0.0854 1.3555
1140 1 96.0491 0.04032 3.8727 1140 -0.3222 14.1238 0.13020 1.8389 1231 -0.1733 15.8734 0.08542 1.3559
1141 1 96.0714 0.04032 3.8736 1141 -0.3222 14.1300 0.13022 1.8400 1232 -0.1733 15.8751 0.08543 1.3562
1142 1 96.0937 0.04033 3.8755 1142 -0.3223 14.1362 0.13024 1.8411 1233 -0.1733 15.8768 0.08544 1.3565
1143 1 96.1160 0.04033 3.8764 1143 -0.3223 14.1424 0.13027 1.8423 1234 -0.1733 15.8784 0.08545 1.3568
1144 1 96.1383 0.04034 3.8782 1144 -0.3224 14.1485 0.13029 1.8434 1235 -0.1733 15.8801 0.08547 1.3573
1145 1 96.1606 0.04034 3.8791 1145 -0.3224 14.1547 0.13032 1.8446 1236 -0.1733 15.8818 0.08548 1.3576
1146 1 96.1828 0.04035 3.8810 1146 -0.3225 14.1609 0.13034 1.8457 1237 -0.1733 15.8834 0.08549 1.3579
1147 1 96.2051 0.04035 3.8819 1147 -0.3225 14.1671 0.13036 1.8468 1238 -0.1733 15.8851 0.0855 1.3582
1148 1 96.2273 0.04036 3.8837 1148 -0.3226 14.1732 0.13039 1.8480 1239 -0.1733 15.8868 0.08552 1.3586
1149 1 96.2495 0.04036 3.8846 1149 -0.3226 14.1794 0.13041 1.8491 1240 -0.1733 15.8884 0.08553 1.3589
1150 1 96.2718 0.04037 3.8865 1150 -0.3227 14.1856 0.13043 1.8502 1241 -0.1733 15.8901 0.08554 1.3592
1151 1 96.2940 0.04038 3.8884 1151 -0.3227 14.1917 0.13046 1.8514 1242 -0.1733 15.8918 0.08555 1.3595
1152 1 96.3162 0.04038 3.8892 1152 -0.3227 14.1979 0.13048 1.8525 1243 -0.1733 15.8934 0.08557 1.3600
1153 1 96.3384 0.04039 3.8911 1153 -0.3228 14.2041 0.13051 1.8538 1244 -0.1733 15.8951 0.08558 1.3603
1154 1 96.3606 0.04039 3.8920 1154 -0.3228 14.2103 0.13053 1.8549 1245 -0.1733 15.8967 0.08559 1.3606
1155 1 96.3827 0.04040 3.8939 1155 -0.3229 14.2164 0.13055 1.8560 1246 -0.1733 15.8984 0.08561 1.3611
1156 1 96.4049 0.04040 3.8948 1156 -0.3229 14.2226 0.13058 1.8572 1247 -0.1733 15.9001 0.08562 1.3614
1157 1 96.4270 0.04041 3.8966 1157 -0.3230 14.2288 0.13060 1.8583 1248 -0.1733 15.9017 0.08563 1.3617
1158 1 96.4492 0.04041 3.8975 1158 -0.3230 14.2349 0.13063 1.8595 1249 -0.1733 15.9034 0.08564 1.3620
1159 1 96.4713 0.04042 3.8994 1159 -0.3231 14.2411 0.13065 1.8606 1250 -0.1733 15.905 0.08566 1.3624
1160 1 96.4934 0.04043 3.9012 1160 -0.3231 14.2473 0.13068 1.8618 1251 -0.1733 15.9067 0.08567 1.3627
1161 1 96.5156 0.04043 3.9021 1161 -0.3232 14.2534 0.13070 1.8629 1252 -0.1733 15.9084 0.08568 1.3630
1162 1 96.5377 0.04044 3.9040 1162 -0.3232 14.2596 0.13072 1.8640 1253 -0.1733 15.91 0.08569 1.3633
1163 1 96.5598 0.04044 3.9049 1163 -0.3232 14.2658 0.13075 1.8653 1254 -0.1733 15.9117 0.08571 1.3638
1164 1 96.5818 0.04045 3.9067 1164 -0.3233 14.2719 0.13077 1.8663 1255 -0.1733 15.9133 0.08572 1.3641
1165 1 96.6039 0.04045 3.9076 1165 -0.3233 14.2781 0.13080 1.8676 1256 -0.1733 15.915 0.08573 1.3644
1166 1 96.6260 0.04046 3.9095 1166 -0.3234 14.2843 0.13082 1.8687 1257 -0.1733 15.9166 0.08575 1.3648
1167 1 96.6480 0.04046 3.9104 1167 -0.3234 14.2904 0.13085 1.8699 1258 -0.1733 15.9183 0.08576 1.3652
1168 1 96.6701 0.04047 3.9122 1168 -0.3235 14.2966 0.13087 1.8710 1259 -0.1733 15.9199 0.08577 1.3654
1169 1 96.6921 0.04047 3.9131 1169 -0.3235 14.3028 0.13090 1.8722 1260 -0.1733 15.9216 0.08578 1.3658
1170 1 96.7141 0.04048 3.9150 1170 -0.3236 14.3089 0.13092 1.8733 1261 -0.1733 15.9232 0.0858 1.3662
1171 1 96.7362 0.04049 3.9168 1171 -0.3236 14.3151 0.13095 1.8746 1262 -0.1733 15.9249 0.08581 1.3665
1172 1 96.7582 0.04049 3.9177 1172 -0.3237 14.3213 0.13097 1.8757 1263 -0.1733 15.9265 0.08582 1.3668
LENGTH
(in cm)
WEIGHT-FOR-LENGTH
HEIGHT (in
cm)
WEIGHT-FOR-HEIGHT
DAYS
HEIGHT/LENGTH-FOR-AGE
DAYS
WEIGHT-FOR-AGE
DAYS
MUAC
L M S SD L M S SD L M S SD L M S SD L M S SD
1173 1 96.7802 0.04050 3.9196 1173 -0.3237 14.3274 0.13099 1.8767 1264 -0.1733 15.9282 0.08584 1.3673
1174 1 96.8021 0.04050 3.9205 1174 -0.3237 14.3336 0.13102 1.8780 1265 -0.1733 15.9298 0.08585 1.3676
1175 1 96.8241 0.04051 3.9223 1175 -0.3238 14.3397 0.13104 1.8791 1266 -0.1733 15.9315 0.08586 1.3679
1176 1 96.8461 0.04051 3.9232 1176 -0.3238 14.3459 0.13107 1.8803 1267 -0.1733 15.9331 0.08587 1.3682
1177 1 96.8680 0.04052 3.9251 1177 -0.3239 14.3521 0.13109 1.8814 1268 -0.1733 15.9348 0.08589 1.3686
1178 1 96.8900 0.04052 3.9260 1178 -0.3239 14.3582 0.13112 1.8826 1269 -0.1733 15.9364 0.0859 1.3689
1179 1 96.9119 0.04053 3.9278 1179 -0.3240 14.3644 0.13114 1.8837 1270 -0.1733 15.9381 0.08591 1.3692
1180 1 96.9339 0.04053 3.9287 1180 -0.3240 14.3705 0.13117 1.8850 1271 -0.1733 15.9397 0.08593 1.3697
1181 1 96.9558 0.04054 3.9306 1181 -0.3241 14.3767 0.13119 1.8861 1272 -0.1733 15.9414 0.08594 1.3700
1182 1 96.9777 0.04054 3.9315 1182 -0.3241 14.3829 0.13122 1.8873 1273 -0.1733 15.943 0.08595 1.3703
1183 1 96.9996 0.04055 3.9333 1183 -0.3241 14.3890 0.13124 1.8884 1274 -0.1733 15.9447 0.08596 1.3706
1184 1 97.0215 0.04056 3.9352 1184 -0.3242 14.3952 0.13127 1.8897 1275 -0.1733 15.9463 0.08598 1.3711
1185 1 97.0434 0.04056 3.9361 1185 -0.3242 14.4013 0.13129 1.8907 1276 -0.1733 15.9479 0.08599 1.3714
1186 1 97.0652 0.04057 3.9379 1186 -0.3243 14.4075 0.13132 1.8920 1277 -0.1733 15.9496 0.086 1.3717
1187 1 97.0871 0.04057 3.9388 1187 -0.3243 14.4136 0.13134 1.8931 1278 -0.1733 15.9512 0.08602 1.3721
1188 1 97.1089 0.04058 3.9407 1188 -0.3244 14.4198 0.13137 1.8943 1279 -0.1733 15.9529 0.08603 1.3724
1189 1 97.1308 0.04058 3.9416 1189 -0.3244 14.4259 0.13140 1.8956 1280 -0.1733 15.9545 0.08604 1.3727
1190 1 97.1526 0.04059 3.9434 1190 -0.3245 14.4321 0.13142 1.8967 1281 -0.1733 15.9561 0.08606 1.3732
1191 1 97.1744 0.04059 3.9443 1191 -0.3245 14.4382 0.13145 1.8979 1282 -0.1733 15.9578 0.08607 1.3735
1192 1 97.1963 0.04060 3.9462 1192 -0.3245 14.4444 0.13147 1.8990 1283 -0.1733 15.9594 0.08608 1.3738
1193 1 97.2181 0.04060 3.9471 1193 -0.3246 14.4505 0.13150 1.9002 1284 -0.1733 15.9611 0.08609 1.3741
1194 1 97.2399 0.04061 3.9489 1194 -0.3246 14.4567 0.13152 1.9013 1285 -0.1733 15.9627 0.08611 1.3745
1195 1 97.2616 0.04061 3.9498 1195 -0.3247 14.4628 0.13155 1.9026 1286 -0.1733 15.9643 0.08612 1.3748
1196 1 97.2834 0.04062 3.9517 1196 -0.3247 14.4690 0.13157 1.9037 1287 -0.1733 15.966 0.08613 1.3752
1197 1 97.3052 0.04063 3.9535 1197 -0.3248 14.4751 0.13160 1.9049 1288 -0.1733 15.9676 0.08615 1.3756
1198 1 97.3269 0.04063 3.9544 1198 -0.3248 14.4813 0.13162 1.9060 1289 -0.1733 15.9693 0.08616 1.3759
1199 1 97.3487 0.04064 3.9563 1199 -0.3249 14.4874 0.13165 1.9073 1290 -0.1733 15.9709 0.08617 1.3762
1200 1 97.3704 0.04064 3.9571 1200 -0.3249 14.4936 0.13167 1.9084 1291 -0.1733 15.9725 0.08619 1.3767
1201 1 97.3922 0.04065 3.9590 1201 -0.3249 14.4997 0.13170 1.9096 1292 -0.1733 15.9742 0.0862 1.3770
1202 1 97.4139 0.04065 3.9599 1202 -0.3250 14.5059 0.13173 1.9109 1293 -0.1733 15.9758 0.08621 1.3773
1203 1 97.4356 0.04066 3.9617 1203 -0.3250 14.5120 0.13175 1.9120 1294 -0.1733 15.9774 0.08623 1.3777
1204 1 97.4573 0.04066 3.9626 1204 -0.3251 14.5181 0.13178 1.9132 1295 -0.1733 15.9791 0.08624 1.3780
1205 1 97.4790 0.04067 3.9645 1205 -0.3251 14.5243 0.13180 1.9143 1296 -0.1733 15.9807 0.08625 1.3783
1206 1 97.5007 0.04067 3.9654 1206 -0.3252 14.5304 0.13183 1.9155 1297 -0.1733 15.9823 0.08627 1.3788
1207 1 97.5223 0.04068 3.9672 1207 -0.3252 14.5366 0.13185 1.9167 1298 -0.1733 15.984 0.08628 1.3791
1208 1 97.5440 0.04068 3.9681 1208 -0.3253 14.5427 0.13188 1.9179 1299 -0.1733 15.9856 0.08629 1.3794
1209 1 97.5657 0.04069 3.9699 1209 -0.3253 14.5488 0.13191 1.9191 1300 -0.1733 15.9872 0.0863 1.3797
1210 1 97.5873 0.04069 3.9708 1210 -0.3253 14.5550 0.13193 1.9202 1301 -0.1733 15.9888 0.08632 1.3802
1211 1 97.6089 0.04070 3.9727 1211 -0.3254 14.5611 0.13196 1.9215 1302 -0.1733 15.9905 0.08633 1.3805
1212 1 97.6306 0.04070 3.9736 1212 -0.3254 14.5673 0.13198 1.9226 1303 -0.1733 15.9921 0.08634 1.3808
1213 1 97.6522 0.04071 3.9754 1213 -0.3255 14.5734 0.13201 1.9238 1304 -0.1733 15.9937 0.08636 1.3812
1214 1 97.6738 0.04072 3.9773 1214 -0.3255 14.5795 0.13204 1.9251 1305 -0.1733 15.9954 0.08637 1.3815
1215 1 97.6954 0.04072 3.9782 1215 -0.3256 14.5857 0.13206 1.9262 1306 -0.1733 15.997 0.08638 1.3818
1216 1 97.7170 0.04073 3.9800 1216 -0.3256 14.5918 0.13209 1.9274 1307 -0.1733 15.9986 0.0864 1.3823
1217 1 97.7385 0.04073 3.9809 1217 -0.3257 14.5979 0.13211 1.9285 1308 -0.1733 16.0002 0.08641 1.3826
1218 1 97.7601 0.04074 3.9827 1218 -0.3257 14.6041 0.13214 1.9298 1309 -0.1733 16.0019 0.08642 1.3829
1219 1 97.7817 0.04074 3.9836 1219 -0.3257 14.6102 0.13217 1.9310 1310 -0.1733 16.0035 0.08644 1.3833
1220 1 97.8032 0.04075 3.9855 1220 -0.3258 14.6163 0.13219 1.9321 1311 -0.1733 16.0051 0.08645 1.3836
1221 1 97.8248 0.04075 3.9864 1221 -0.3258 14.6225 0.13222 1.9334 1312 -0.1733 16.0067 0.08646 1.3839
1222 1 97.8463 0.04076 3.9882 1222 -0.3259 14.6286 0.13225 1.9346 1313 -0.1733 16.0084 0.08648 1.3844
1223 1 97.8678 0.04076 3.9891 1223 -0.3259 14.6347 0.13227 1.9357 1314 -0.1733 16.01 0.08649 1.3847
LENGTH
(in cm)
WEIGHT-FOR-LENGTH
HEIGHT (in
cm)
WEIGHT-FOR-HEIGHT
DAYS
HEIGHT/LENGTH-FOR-AGE
DAYS
WEIGHT-FOR-AGE
DAYS
MUAC
L M S SD L M S SD L M S SD L M S SD L M S SD
1224 1 97.8893 0.04077 3.9909 1224 -0.3260 14.6408 0.13230 1.9370 1315 -0.1733 16.0116 0.0865 1.3850
1225 1 97.9108 0.04077 3.9918 1225 -0.3260 14.6470 0.13232 1.9381 1316 -0.1733 16.0132 0.08652 1.3855
1226 1 97.9323 0.04078 3.9937 1226 -0.3261 14.6531 0.13235 1.9393 1317 -0.1733 16.0149 0.08653 1.3858
1227 1 97.9538 0.04078 3.9946 1227 -0.3261 14.6592 0.13238 1.9406 1318 -0.1733 16.0165 0.08654 1.3861
1228 1 97.9753 0.04079 3.9964 1228 -0.3261 14.6653 0.13240 1.9417 1319 -0.1733 16.0181 0.08656 1.3865
1229 1 97.9968 0.04079 3.9973 1229 -0.3262 14.6715 0.13243 1.9429 1320 -0.1733 16.0197 0.08657 1.3868
1230 1 98.0182 0.04080 3.9991 1230 -0.3262 14.6776 0.13246 1.9442 1321 -0.1733 16.0214 0.08658 1.3871
1231 1 98.0397 0.04080 4.0000 1231 -0.3263 14.6837 0.13248 1.9453 1322 -0.1733 16.023 0.0866 1.3876
1232 1 98.0611 0.04081 4.0019 1232 -0.3263 14.6898 0.13251 1.9465 1323 -0.1733 16.0246 0.08661 1.3879
1233 1 98.0825 0.04081 4.0027 1233 -0.3264 14.6960 0.13254 1.9478 1324 -0.1733 16.0262 0.08662 1.3882
1234 1 98.1039 0.04082 4.0046 1234 -0.3264 14.7021 0.13256 1.9489 1325 -0.1733 16.0278 0.08664 1.3886
1235 1 98.1253 0.04082 4.0055 1235 -0.3264 14.7082 0.13259 1.9502 1326 -0.1733 16.0295 0.08665 1.3890
1236 1 98.1467 0.04083 4.0073 1236 -0.3265 14.7143 0.13262 1.9514 1327 -0.1733 16.0311 0.08666 1.3893
1237 1 98.1681 0.04084 4.0092 1237 -0.3265 14.7204 0.13264 1.9525 1328 -0.1733 16.0327 0.08668 1.3897
1238 1 98.1895 0.04084 4.0101 1238 -0.3266 14.7265 0.13267 1.9538 1329 -0.1733 16.0343 0.08669 1.3900
1239 1 98.2109 0.04085 4.0119 1239 -0.3266 14.7327 0.13269 1.9549 1330 -0.1733 16.0359 0.0867 1.3903
1240 1 98.2322 0.04085 4.0128 1240 -0.3267 14.7388 0.13272 1.9561 1331 -0.1733 16.0376 0.08672 1.3908
1241 1 98.2536 0.04086 4.0146 1241 -0.3267 14.7449 0.13275 1.9574 1332 -0.1733 16.0392 0.08673 1.3911
1242 1 98.2749 0.04086 4.0155 1242 -0.3268 14.7510 0.13278 1.9586 1333 -0.1733 16.0408 0.08674 1.3914
1243 1 98.2963 0.04087 4.0174 1243 -0.3268 14.7571 0.13280 1.9597 1334 -0.1733 16.0424 0.08676 1.3918
1244 1 98.3176 0.04087 4.0182 1244 -0.3268 14.7632 0.13283 1.9610 1335 -0.1733 16.044 0.08677 1.3921
1245 1 98.3389 0.04088 4.0201 1245 -0.3269 14.7693 0.13286 1.9622 1336 -0.1733 16.0457 0.08678 1.3924
1246 1 98.3602 0.04088 4.0210 1246 -0.3269 14.7754 0.13288 1.9634 1337 -0.1733 16.0473 0.0868 1.3929
1247 1 98.3815 0.04089 4.0228 1247 -0.3270 14.7816 0.13291 1.9646 1338 -0.1733 16.0489 0.08681 1.3932
1248 1 98.4028 0.04089 4.0237 1248 -0.3270 14.7877 0.13294 1.9659 1339 -0.1733 16.0505 0.08682 1.3935
1249 1 98.4241 0.04090 4.0255 1249 -0.3271 14.7938 0.13296 1.9670 1340 -0.1733 16.0521 0.08684 1.3940
1250 1 98.4453 0.04090 4.0264 1250 -0.3271 14.7999 0.13299 1.9682 1341 -0.1733 16.0538 0.08685 1.3943
1251 1 98.4666 0.04091 4.0283 1251 -0.3271 14.8060 0.13302 1.9695 1342 -0.1733 16.0554 0.08686 1.3946
1252 1 98.4878 0.04091 4.0291 1252 -0.3272 14.8121 0.13304 1.9706 1343 -0.1733 16.057 0.08688 1.3950
1253 1 98.5091 0.04092 4.0310 1253 -0.3272 14.8182 0.13307 1.9719 1344 -0.1733 16.0586 0.08689 1.3953
1254 1 98.5303 0.04092 4.0319 1254 -0.3273 14.8243 0.13310 1.9731 1345 -0.1733 16.0602 0.0869 1.3956
1255 1 98.5515 0.04093 4.0337 1255 -0.3273 14.8304 0.13312 1.9742 1346 -0.1733 16.0618 0.08692 1.3961
1256 1 98.5727 0.04093 4.0346 1256 -0.3274 14.8365 0.13315 1.9755 1347 -0.1733 16.0635 0.08693 1.3964
1257 1 98.5939 0.04094 4.0364 1257 -0.3274 14.8426 0.13318 1.9767 1348 -0.1733 16.0651 0.08694 1.3967
1258 1 98.6151 0.04094 4.0373 1258 -0.3274 14.8487 0.13321 1.9780 1349 -0.1733 16.0667 0.08696 1.3972
1259 1 98.6363 0.04095 4.0392 1259 -0.3275 14.8548 0.13323 1.9791 1350 -0.1733 16.0683 0.08697 1.3975
1260 1 98.6575 0.04095 4.0400 1260 -0.3275 14.8609 0.13326 1.9804 1351 -0.1733 16.0699 0.08698 1.3978
1261 1 98.6786 0.04096 4.0419 1261 -0.3276 14.8670 0.13329 1.9816 1352 -0.1733 16.0715 0.087 1.3982
1262 1 98.6998 0.04096 4.0427 1262 -0.3276 14.8731 0.13331 1.9827 1353 -0.1733 16.0731 0.08701 1.3985
1263 1 98.7209 0.04097 4.0446 1263 -0.3277 14.8792 0.13334 1.9840 1354 -0.1733 16.0748 0.08702 1.3988
1264 1 98.7421 0.04097 4.0455 1264 -0.3277 14.8853 0.13337 1.9853 1355 -0.1733 16.0764 0.08704 1.3993
1265 1 98.7632 0.04098 4.0473 1265 -0.3278 14.8913 0.13339 1.9864 1356 -0.1733 16.078 0.08705 1.3996
1266 1 98.7843 0.04098 4.0482 1266 -0.3278 14.8974 0.13342 1.9876 1357 -0.1733 16.0796 0.08706 1.3999
1267 1 98.8054 0.04099 4.0500 1267 -0.3278 14.9035 0.13345 1.9889 1358 -0.1733 16.0812 0.08708 1.4004
1268 1 98.8265 0.04099 4.0509 1268 -0.3279 14.9096 0.13348 1.9901 1359 -0.1733 16.0828 0.08709 1.4007
1269 1 98.8476 0.04100 4.0528 1269 -0.3279 14.9157 0.13350 1.9912 1360 -0.1733 16.0844 0.0871 1.4010
1270 1 98.8687 0.04100 4.0536 1270 -0.3280 14.9218 0.13353 1.9925 1361 -0.1733 16.0861 0.08712 1.4014
1271 1 98.8897 0.04101 4.0555 1271 -0.3280 14.9279 0.13356 1.9938 1362 -0.1733 16.0877 0.08713 1.4017
1272 1 98.9108 0.04101 4.0563 1272 -0.3281 14.9340 0.13359 1.9950 1363 -0.1733 16.0893 0.08714 1.4020
1273 1 98.9318 0.04102 4.0582 1273 -0.3281 14.9400 0.13361 1.9961 1364 -0.1733 16.0909 0.08716 1.4025
1274 1 98.9529 0.04103 4.0600 1274 -0.3281 14.9461 0.13364 1.9974 1365 -0.1733 16.0925 0.08717 1.4028
LENGTH
(in cm)
WEIGHT-FOR-LENGTH
HEIGHT (in
cm)
WEIGHT-FOR-HEIGHT
DAYS
HEIGHT/LENGTH-FOR-AGE
DAYS
WEIGHT-FOR-AGE
DAYS
MUAC
L M S SD L M S SD L M S SD L M S SD L M S SD
1275 1 98.9739 0.04103 4.0609 1275 -0.3282 14.9522 0.13367 1.9987 1366 -0.1733 16.0941 0.08718 1.4031
1276 1 98.9949 0.04104 4.0628 1276 -0.3282 14.9583 0.13369 1.9998 1367 -0.1733 16.0957 0.0872 1.4035
1277 1 99.0159 0.04104 4.0636 1277 -0.3283 14.9644 0.13372 2.0010 1368 -0.1733 16.0974 0.08721 1.4039
1278 1 99.0369 0.04105 4.0655 1278 -0.3283 14.9704 0.13375 2.0023 1369 -0.1733 16.099 0.08723 1.4043
1279 1 99.0579 0.04105 4.0663 1279 -0.3284 14.9765 0.13378 2.0036 1370 -0.1733 16.1006 0.08724 1.4046
1280 1 99.0789 0.04106 4.0682 1280 -0.3284 14.9826 0.13380 2.0047 1371 -0.1733 16.1022 0.08725 1.4049
1281 1 99.0999 0.04106 4.0690 1281 -0.3284 14.9887 0.13383 2.0059 1372 -0.1733 16.1038 0.08727 1.4054
1282 1 99.1208 0.04107 4.0709 1282 -0.3285 14.9948 0.13386 2.0072 1373 -0.1733 16.1054 0.08728 1.4057
1283 1 99.1418 0.04107 4.0718 1283 -0.3285 15.0008 0.13389 2.0085 1374 -0.1733 16.107 0.08729 1.4060
1284 1 99.1628 0.04108 4.0736 1284 -0.3286 15.0069 0.13391 2.0096 1375 -0.1733 16.1086 0.08731 1.4064
1285 1 99.1837 0.04108 4.0745 1285 -0.3286 15.0130 0.13394 2.0108 1376 -0.1733 16.1103 0.08732 1.4068
1286 1 99.2046 0.04109 4.0763 1286 -0.3287 15.0190 0.13397 2.0121 1377 -0.1733 16.1119 0.08733 1.4071
1287 1 99.2255 0.04109 4.0772 1287 -0.3287 15.0251 0.13400 2.0134 1378 -0.1733 16.1135 0.08735 1.4075
1288 1 99.2464 0.04110 4.0790 1288 -0.3287 15.0312 0.13402 2.0145 1379 -0.1733 16.1151 0.08736 1.4078
1289 1 99.2673 0.04110 4.0799 1289 -0.3288 15.0373 0.13405 2.0158 1380 -0.1733 16.1167 0.08737 1.4081
1290 1 99.2882 0.04111 4.0817 1290 -0.3288 15.0433 0.13408 2.0170 1381 -0.1733 16.1183 0.08739 1.4086
1291 1 99.3091 0.04111 4.0826 1291 -0.3289 15.0494 0.13411 2.0183 1382 -0.1733 16.1199 0.0874 1.4089
1292 1 99.3300 0.04112 4.0844 1292 -0.3289 15.0555 0.13413 2.0194 1383 -0.1733 16.1215 0.08741 1.4092
1293 1 99.3509 0.04112 4.0853 1293 -0.3290 15.0615 0.13416 2.0207 1384 -0.1733 16.1232 0.08743 1.4097
1294 1 99.3717 0.04113 4.0872 1294 -0.3290 15.0676 0.13419 2.0219 1385 -0.1733 16.1248 0.08744 1.4100
1295 1 99.3926 0.04113 4.0880 1295 -0.3290 15.0736 0.13422 2.0232 1386 -0.1733 16.1264 0.08746 1.4104
1296 1 99.4134 0.04114 4.0899 1296 -0.3291 15.0797 0.13425 2.0244 1387 -0.1733 16.128 0.08747 1.4107
1297 1 99.4342 0.04114 4.0907 1297 -0.3291 15.0858 0.13427 2.0256 1388 -0.1733 16.1296 0.08748 1.4110
1298 1 99.4550 0.04115 4.0926 1298 -0.3292 15.0918 0.13430 2.0268 1389 -0.1733 16.1312 0.0875 1.4115
1299 1 99.4758 0.04115 4.0934 1299 -0.3292 15.0979 0.13433 2.0281 1390 -0.1733 16.1328 0.08751 1.4118
1300 1 99.4966 0.04116 4.0953 1300 -0.3293 15.1039 0.13436 2.0294 1391 -0.1733 16.1344 0.08752 1.4121
1301 1 99.5174 0.04116 4.0961 1301 -0.3293 15.1100 0.13438 2.0305 1392 -0.1733 16.136 0.08754 1.4125
1302 1 99.5382 0.04117 4.0980 1302 -0.3293 15.1161 0.13441 2.0318 1393 -0.1733 16.1377 0.08755 1.4129
1303 1 99.5590 0.04117 4.0988 1303 -0.3294 15.1221 0.13444 2.0330 1394 -0.1733 16.1393 0.08756 1.4132
1304 1 99.5798 0.04118 4.1007 1304 -0.3294 15.1282 0.13447 2.0343 1395 -0.1733 16.1409 0.08758 1.4136
1305 1 99.6005 0.04118 4.1015 1305 -0.3295 15.1342 0.13449 2.0354 1396 -0.1733 16.1425 0.08759 1.4139
1306 1 99.6212 0.04119 4.1034 1306 -0.3295 15.1403 0.13452 2.0367 1397 -0.1733 16.1441 0.0876 1.4142
1307 1 99.6420 0.04119 4.1043 1307 -0.3296 15.1463 0.13455 2.0379 1398 -0.1733 16.1457 0.08762 1.4147
1308 1 99.6627 0.04120 4.1061 1308 -0.3296 15.1524 0.13458 2.0392 1399 -0.1733 16.1473 0.08763 1.4150
1309 1 99.6834 0.04120 4.1070 1309 -0.3296 15.1584 0.13461 2.0405 1400 -0.1733 16.1489 0.08765 1.4155
1310 1 99.7041 0.04121 4.1088 1310 -0.3297 15.1645 0.13463 2.0416 1401 -0.1733 16.1506 0.08766 1.4158
1311 1 99.7248 0.04121 4.1097 1311 -0.3297 15.1705 0.13466 2.0429 1402 -0.1733 16.1522 0.08767 1.4161
1312 1 99.7455 0.04122 4.1115 1312 -0.3298 15.1766 0.13469 2.0441 1403 -0.1733 16.1538 0.08769 1.4165
1313 1 99.7662 0.04122 4.1124 1313 -0.3298 15.1826 0.13472 2.0454 1404 -0.1733 16.1554 0.0877 1.4168
1314 1 99.7869 0.04123 4.1142 1314 -0.3299 15.1887 0.13474 2.0465 1405 -0.1733 16.157 0.08771 1.4171
1315 1 99.8075 0.04123 4.1151 1315 -0.3299 15.1947 0.13477 2.0478 1406 -0.1733 16.1586 0.08773 1.4176
1316 1 99.8282 0.04124 4.1169 1316 -0.3299 15.2008 0.13480 2.0491 1407 -0.1733 16.1602 0.08774 1.4179
1317 1 99.8488 0.04124 4.1178 1317 -0.3300 15.2068 0.13483 2.0503 1408 -0.1733 16.1619 0.08775 1.4182
1318 1 99.8695 0.04125 4.1196 1318 -0.3300 15.2128 0.13486 2.0516 1409 -0.1733 16.1635 0.08777 1.4187
1319 1 99.8901 0.04125 4.1205 1319 -0.3301 15.2189 0.13488 2.0527 1410 -0.1733 16.1651 0.08778 1.4190
1320 1 99.9107 0.04126 4.1223 1320 -0.3301 15.2249 0.13491 2.0540 1411 -0.1733 16.1667 0.0878 1.4194
1321 1 99.9313 0.04126 4.1232 1321 -0.3302 15.2310 0.13494 2.0553 1412 -0.1733 16.1683 0.08781 1.4197
1322 1 99.9519 0.04126 4.1240 1322 -0.3302 15.2370 0.13497 2.0565 1413 -0.1733 16.1699 0.08782 1.4200
1323 1 99.9725 0.04127 4.1259 1323 -0.3302 15.2430 0.13500 2.0578 1414 -0.1733 16.1715 0.08784 1.4205
1324 1 99.9931 0.04127 4.1267 1324 -0.3303 15.2491 0.13502 2.0589 1415 -0.1733 16.1732 0.08785 1.4208
1325 1 100.0137 0.04128 4.1286 1325 -0.3303 15.2551 0.13505 2.0602 1416 -0.1733 16.1748 0.08786 1.4211
LENGTH
(in cm)
WEIGHT-FOR-LENGTH
HEIGHT (in
cm)
WEIGHT-FOR-HEIGHT
DAYS
HEIGHT/LENGTH-FOR-AGE
DAYS
WEIGHT-FOR-AGE
DAYS
MUAC
L M S SD L M S SD L M S SD L M S SD L M S SD
1326 1 100.0342 0.04128 4.1294 1326 -0.3304 15.2611 0.13508 2.0615 1417 -0.1733 16.1764 0.08788 1.4216
1327 1 100.0548 0.04129 4.1313 1327 -0.3304 15.2672 0.13511 2.0628 1418 -0.1733 16.178 0.08789 1.4219
1328 1 100.0753 0.04129 4.1321 1328 -0.3305 15.2732 0.13514 2.0640 1419 -0.1733 16.1796 0.0879 1.4222
1329 1 100.0959 0.04130 4.1340 1329 -0.3305 15.2792 0.13516 2.0651 1420 -0.1733 16.1812 0.08792 1.4227
1330 1 100.1164 0.04130 4.1348 1330 -0.3305 15.2853 0.13519 2.0664 1421 -0.1733 16.1828 0.08793 1.4230
1331 1 100.1369 0.04131 4.1367 1331 -0.3306 15.2913 0.13522 2.0677 1422 -0.1733 16.1845 0.08795 1.4234
1332 1 100.1574 0.04131 4.1375 1332 -0.3306 15.2973 0.13525 2.0690 1423 -0.1733 16.1861 0.08796 1.4237
1333 1 100.1779 0.04132 4.1394 1333 -0.3307 15.3034 0.13527 2.0701 1424 -0.1733 16.1877 0.08797 1.4240
1334 1 100.1984 0.04132 4.1402 1334 -0.3307 15.3094 0.13530 2.0714 1425 -0.1733 16.1893 0.08799 1.4245
1335 1 100.2189 0.04133 4.1420 1335 -0.3308 15.3154 0.13533 2.0726 1426 -0.1733 16.1909 0.088 1.4248
1336 1 100.2394 0.04133 4.1429 1336 -0.3308 15.3214 0.13536 2.0739 1427 -0.1733 16.1925 0.08801 1.4251
1337 1 100.2598 0.04134 4.1447 1337 -0.3308 15.3275 0.13539 2.0752 1428 -0.1733 16.1942 0.08803 1.4256
1338 1 100.2803 0.04134 4.1456 1338 -0.3309 15.3335 0.13541 2.0763 1429 -0.1733 16.1958 0.08804 1.4259
1339 1 100.3007 0.04135 4.1474 1339 -0.3309 15.3395 0.13544 2.0776 1430 -0.1733 16.1974 0.08805 1.4262
1340 1 100.3212 0.04135 4.1483 1340 -0.3310 15.3455 0.13547 2.0789 1431 -0.1733 16.199 0.08807 1.4266
1341 1 100.3416 0.04136 4.1501 1341 -0.3310 15.3516 0.13550 2.0801 1432 -0.1733 16.2006 0.08808 1.4269
1342 1 100.3620 0.04136 4.1510 1342 -0.3311 15.3576 0.13553 2.0814 1433 -0.1733 16.2022 0.0881 1.4274
1343 1 100.3824 0.04137 4.1528 1343 -0.3311 15.3636 0.13555 2.0825 1434 -0.1733 16.2039 0.08811 1.4277
1344 1 100.4028 0.04137 4.1537 1344 -0.3311 15.3696 0.13558 2.0838 1435 -0.1733 16.2055 0.08812 1.4280
1345 1 100.4232 0.04138 4.1555 1345 -0.3312 15.3756 0.13561 2.0851 1436 -0.1733 16.2071 0.08814 1.4285
1346 1 100.4436 0.04138 4.1564 1346 -0.3312 15.3817 0.13564 2.0864 1437 -0.1733 16.2087 0.08815 1.4288
1347 1 100.4640 0.04139 4.1582 1347 -0.3313 15.3877 0.13567 2.0876 1438 -0.1733 16.2103 0.08816 1.4291
1348 1 100.4843 0.04139 4.1590 1348 -0.3313 15.3937 0.13569 2.0888 1439 -0.1733 16.212 0.08818 1.4296
1349 1 100.5047 0.04140 4.1609 1349 -0.3314 15.3997 0.13572 2.0900 1440 -0.1733 16.2136 0.08819 1.4299
1350 1 100.5250 0.04140 4.1617 1350 -0.3314 15.4057 0.13575 2.0913 1441 -0.1733 16.2152 0.08821 1.4303
1351 1 100.5454 0.04141 4.1636 1351 -0.3314 15.4117 0.13578 2.0926 1442 -0.1733 16.2168 0.08822 1.4306
1352 1 100.5657 0.04141 4.1644 1352 -0.3315 15.4178 0.13581 2.0939 1443 -0.1733 16.2184 0.08823 1.4309
1353 1 100.5860 0.04142 4.1663 1353 -0.3315 15.4238 0.13584 2.0952 1444 -0.1733 16.2201 0.08825 1.4314
1354 1 100.6063 0.04142 4.1671 1354 -0.3316 15.4298 0.13586 2.0963 1445 -0.1733 16.2217 0.08826 1.4317
1355 1 100.6266 0.04143 4.1690 1355 -0.3316 15.4358 0.13589 2.0976 1446 -0.1733 16.2233 0.08827 1.4320
1356 1 100.6469 0.04143 4.1698 1356 -0.3317 15.4418 0.13592 2.0988 1447 -0.1733 16.2249 0.08829 1.4325
1357 1 100.6672 0.04144 4.1716 1357 -0.3317 15.4478 0.13595 2.1001 1448 -0.1733 16.2266 0.0883 1.4328
1358 1 100.6875 0.04144 4.1725 1358 -0.3317 15.4538 0.13598 2.1014 1449 -0.1733 16.2282 0.08832 1.4333
1359 1 100.7077 0.04145 4.1743 1359 -0.3318 15.4598 0.13600 2.1025 1450 -0.1733 16.2298 0.08833 1.4336
1360 1 100.7280 0.04145 4.1752 1360 -0.3318 15.4658 0.13603 2.1038 1451 -0.1733 16.2314 0.08834 1.4339
1361 1 100.7482 0.04146 4.1770 1361 -0.3319 15.4719 0.13606 2.1051 1452 -0.1733 16.2331 0.08836 1.4344
1362 1 100.7685 0.04146 4.1779 1362 -0.3319 15.4779 0.13609 2.1064 1453 -0.1733 16.2347 0.08837 1.4347
1363 1 100.7887 0.04146 4.1787 1363 -0.3320 15.4839 0.13612 2.1077 1454 -0.1733 16.2363 0.08838 1.4350
1364 1 100.8089 0.04147 4.1805 1364 -0.3320 15.4899 0.13614 2.1088 1455 -0.1733 16.2379 0.0884 1.4354
1365 1 100.8291 0.04147 4.1814 1365 -0.3320 15.4959 0.13617 2.1101 1456 -0.1733 16.2396 0.08841 1.4357
1366 1 100.8493 0.04148 4.1832 1366 -0.3321 15.5019 0.13620 2.1114 1457 -0.1733 16.2412 0.08842 1.4360
1367 1 100.8695 0.04148 4.1841 1367 -0.3321 15.5079 0.13623 2.1126 1458 -0.1733 16.2428 0.08844 1.4365
1368 1 100.8897 0.04149 4.1859 1368 -0.3322 15.5139 0.13626 2.1139 1459 -0.1733 16.2444 0.08845 1.4368
1369 1 100.9099 0.04149 4.1868 1369 -0.3322 15.5199 0.13628 2.1151 1460 -0.1733 16.2461 0.08847 1.4373
1370 1 100.9301 0.04150 4.1886 1370 -0.3322 15.5259 0.13631 2.1163 1461 -0.1733 16.2477 0.08848 1.4376
1371 1 100.9502 0.04150 4.1894 1371 -0.3323 15.5319 0.13634 2.1176 1462 -0.1733 16.2493 0.08849 1.4379
1372 1 100.9704 0.04151 4.1913 1372 -0.3323 15.5379 0.13637 2.1189 1463 -0.1733 16.2509 0.08851 1.4384
1373 1 100.9905 0.04151 4.1921 1373 -0.3324 15.5439 0.13640 2.1202 1464 -0.1733 16.2526 0.08852 1.4387
1374 1 101.0107 0.04152 4.1940 1374 -0.3324 15.5499 0.13642 2.1213 1465 -0.1733 16.2542 0.08853 1.4390
1375 1 101.0308 0.04152 4.1948 1375 -0.3325 15.5559 0.13645 2.1226 1466 -0.1733 16.2558 0.08855 1.4395
1376 1 101.0509 0.04153 4.1966 1376 -0.3325 15.5619 0.13648 2.1239 1467 -0.1733 16.2575 0.08856 1.4398
LENGTH
(in cm)
WEIGHT-FOR-LENGTH
HEIGHT (in
cm)
WEIGHT-FOR-HEIGHT
DAYS
HEIGHT/LENGTH-FOR-AGE
DAYS
WEIGHT-FOR-AGE
DAYS
MUAC
L M S SD L M S SD L M S SD L M S SD L M S SD
1377 1 101.0710 0.04153 4.1975 1377 -0.3325 15.5679 0.13651 2.1252 1468 -0.1733 16.2591 0.08858 1.4402
1378 1 101.0911 0.04154 4.1993 1378 -0.3326 15.5739 0.13654 2.1265 1469 -0.1733 16.2607 0.08859 1.4405
1379 1 101.1112 0.04154 4.2002 1379 -0.3326 15.5799 0.13656 2.1276 1470 -0.1733 16.2624 0.0886 1.4408
1380 1 101.1313 0.04155 4.2020 1380 -0.3327 15.5859 0.13659 2.1289 1471 -0.1733 16.264 0.08862 1.4413
1381 1 101.1514 0.04155 4.2028 1381 -0.3327 15.5918 0.13662 2.1302 1472 -0.1733 16.2656 0.08863 1.4416
1382 1 101.1714 0.04156 4.2047 1382 -0.3328 15.5978 0.13665 2.1314 1473 -0.1733 16.2673 0.08864 1.4419
1383 1 101.1915 0.04156 4.2055 1383 -0.3328 15.6038 0.13668 2.1327 1474 -0.1733 16.2689 0.08866 1.4424
1384 1 101.2115 0.04157 4.2074 1384 -0.3328 15.6098 0.13670 2.1339 1475 -0.1733 16.2705 0.08867 1.4427
1385 1 101.2316 0.04157 4.2082 1385 -0.3329 15.6158 0.13673 2.1351 1476 -0.1733 16.2722 0.08869 1.4432
1386 1 101.2516 0.04158 4.2100 1386 -0.3329 15.6218 0.13676 2.1364 1477 -0.1733 16.2738 0.0887 1.4435
1387 1 101.2716 0.04158 4.2109 1387 -0.3330 15.6278 0.13679 2.1377 1478 -0.1733 16.2754 0.08871 1.4438
1388 1 101.2917 0.04158 4.2117 1388 -0.3330 15.6338 0.13682 2.1390 1479 -0.1733 16.2771 0.08873 1.4443
1389 1 101.3117 0.04159 4.2136 1389 -0.3331 15.6398 0.13684 2.1402 1480 -0.1733 16.2787 0.08874 1.4446
1390 1 101.3317 0.04159 4.2144 1390 -0.3331 15.6458 0.13687 2.1414 1481 -0.1733 16.2803 0.08875 1.4449
1391 1 101.3517 0.04160 4.2162 1391 -0.3331 15.6517 0.13690 2.1427 1482 -0.1733 16.282 0.08877 1.4454
1392 1 101.3716 0.04160 4.2171 1392 -0.3332 15.6577 0.13693 2.1440 1483 -0.1733 16.2836 0.08878 1.4457
1393 1 101.3916 0.04161 4.2189 1393 -0.3332 15.6637 0.13696 2.1453 1484 -0.1733 16.2852 0.0888 1.4461
1394 1 101.4116 0.04161 4.2197 1394 -0.3333 15.6697 0.13698 2.1464 1485 -0.1733 16.2869 0.08881 1.4464
1395 1 101.4315 0.04162 4.2216 1395 -0.3333 15.6757 0.13701 2.1477 1486 -0.1733 16.2885 0.08882 1.4467
1396 1 101.4515 0.04162 4.2224 1396 -0.3334 15.6817 0.13704 2.1490 1487 -0.1733 16.2901 0.08884 1.4472
1397 1 101.4714 0.04163 4.2243 1397 -0.3334 15.6877 0.13707 2.1503 1488 -0.1733 16.2918 0.08885 1.4475
1398 1 101.4914 0.04163 4.2251 1398 -0.3334 15.6936 0.13710 2.1516 1489 -0.1733 16.2934 0.08886 1.4478
1399 1 101.5113 0.04164 4.2269 1399 -0.3335 15.6996 0.13712 2.1527 1490 -0.1733 16.2951 0.08888 1.4483
1400 1 101.5312 0.04164 4.2278 1400 -0.3335 15.7056 0.13715 2.1540 1491 -0.1733 16.2967 0.08889 1.4486
1401 1 101.5511 0.04165 4.2296 1401 -0.3336 15.7116 0.13718 2.1553 1492 -0.1733 16.2983 0.08891 1.4491
1402 1 101.5710 0.04165 4.2304 1402 -0.3336 15.7176 0.13721 2.1566 1493 -0.1733 16.3 0.08892 1.4494
1403 1 101.5909 0.04166 4.2323 1403 -0.3337 15.7236 0.13724 2.1579 1494 -0.1733 16.3016 0.08893 1.4497
1404 1 101.6108 0.04166 4.2331 1404 -0.3337 15.7295 0.13726 2.1590 1495 -0.1733 16.3033 0.08895 1.4502
1405 1 101.6306 0.04167 4.2349 1405 -0.3337 15.7355 0.13729 2.1603 1496 -0.1733 16.3049 0.08896 1.4505
1406 1 101.6505 0.04167 4.2358 1406 -0.3338 15.7415 0.13732 2.1616 1497 -0.1733 16.3065 0.08897 1.4508
1407 1 101.6704 0.04167 4.2366 1407 -0.3338 15.7475 0.13735 2.1629 1498 -0.1733 16.3082 0.08899 1.4513
1408 1 101.6902 0.04168 4.2384 1408 -0.3339 15.7534 0.13737 2.1640 1499 -0.1733 16.3098 0.089 1.4516
1409 1 101.7101 0.04168 4.2393 1409 -0.3339 15.7594 0.13740 2.1653 1500 -0.1733 16.3115 0.08902 1.4520
1410 1 101.7299 0.04169 4.2411 1410 -0.3339 15.7654 0.13743 2.1666 1501 -0.1733 16.3131 0.08903 1.4524
1411 1 101.7497 0.04169 4.2419 1411 -0.3340 15.7714 0.13746 2.1679 1502 -0.1733 16.3148 0.08904 1.4527
1412 1 101.7695 0.04170 4.2438 1412 -0.3340 15.7774 0.13749 2.1692 1503 -0.1733 16.3164 0.08906 1.4531
1413 1 101.7893 0.04170 4.2446 1413 -0.3341 15.7833 0.13751 2.1704 1504 -0.1733 16.318 0.08907 1.4534
1414 1 101.8091 0.04171 4.2465 1414 -0.3341 15.7893 0.13754 2.1717 1505 -0.1733 16.3197 0.08909 1.4539
1415 1 101.8289 0.04171 4.2473 1415 -0.3342 15.7953 0.13757 2.1730 1506 -0.1733 16.3213 0.0891 1.4542
1416 1 101.8487 0.04172 4.2491 1416 -0.3342 15.8013 0.13760 2.1743 1507 -0.1733 16.323 0.08911 1.4545
1417 1 101.8685 0.04172 4.2500 1417 -0.3342 15.8072 0.13763 2.1755 1508 -0.1733 16.3246 0.08913 1.4550
1418 1 101.8883 0.04173 4.2518 1418 -0.3343 15.8132 0.13765 2.1767 1509 -0.1733 16.3263 0.08914 1.4553
1419 1 101.9080 0.04173 4.2526 1419 -0.3343 15.8192 0.13768 2.1780 1510 -0.1733 16.3279 0.08915 1.4556
1420 1 101.9278 0.04174 4.2545 1420 -0.3344 15.8252 0.13771 2.1793 1511 -0.1733 16.3296 0.08917 1.4561
1421 1 101.9475 0.04174 4.2553 1421 -0.3344 15.8311 0.13774 2.1806 1512 -0.1733 16.3312 0.08918 1.4564
1422 1 101.9673 0.04175 4.2571 1422 -0.3345 15.8371 0.13776 2.1817 1513 -0.1733 16.3329 0.0892 1.4569
1423 1 101.9870 0.04175 4.2580 1423 -0.3345 15.8431 0.13779 2.1830 1514 -0.1733 16.3345 0.08921 1.4572
1424 1 102.0067 0.04175 4.2588 1424 -0.3345 15.8490 0.13782 2.1843 1515 -0.1733 16.3362 0.08922 1.4575
1425 1 102.0264 0.04176 4.2606 1425 -0.3346 15.8550 0.13785 2.1856 1516 -0.1733 16.3378 0.08924 1.4580
1426 1 102.0461 0.04176 4.2614 1426 -0.3346 15.8610 0.13788 2.1869 1517 -0.1733 16.3395 0.08925 1.4583
1427 1 102.0658 0.04177 4.2633 1427 -0.3347 15.8669 0.13790 2.1880 1518 -0.1733 16.3411 0.08926 1.4586
LENGTH
(in cm)
WEIGHT-FOR-LENGTH
HEIGHT (in
cm)
WEIGHT-FOR-HEIGHT
DAYS
HEIGHT/LENGTH-FOR-AGE
DAYS
WEIGHT-FOR-AGE
DAYS
MUAC
L M S SD L M S SD L M S SD L M S SD L M S SD
1428 1 102.0855 0.04177 4.2641 1428 -0.3347 15.8729 0.13793 2.1893 1519 -0.1733 16.3428 0.08928 1.4591
1429 1 102.1052 0.04178 4.2660 1429 -0.3348 15.8789 0.13796 2.1907 1520 -0.1733 16.3444 0.08929 1.4594
1430 1 102.1249 0.04178 4.2668 1430 -0.3348 15.8849 0.13799 2.1920 1521 -0.1733 16.3461 0.08931 1.4599
1431 1 102.1446 0.04179 4.2686 1431 -0.3348 15.8908 0.13801 2.1931 1522 -0.1733 16.3477 0.08932 1.4602
1432 1 102.1642 0.04179 4.2694 1432 -0.3349 15.8968 0.13804 2.1944 1523 -0.1733 16.3494 0.08933 1.4605
1433 1 102.1839 0.04180 4.2713 1433 -0.3349 15.9028 0.13807 2.1957 1524 -0.1733 16.351 0.08935 1.4610
1434 1 102.2035 0.04180 4.2721 1434 -0.3350 15.9087 0.13810 2.1970 1525 -0.1733 16.3527 0.08936 1.4613
1435 1 102.2232 0.04181 4.2740 1435 -0.3350 15.9147 0.13813 2.1983 1526 -0.1733 16.3544 0.08937 1.4616
1436 1 102.2428 0.04181 4.2748 1436 -0.3351 15.9207 0.13815 2.1994 1527 -0.1733 16.356 0.08939 1.4621
1437 1 102.2624 0.04181 4.2756 1437 -0.3351 15.9266 0.13818 2.2007 1528 -0.1733 16.3577 0.0894 1.4624
1438 1 102.2820 0.04182 4.2774 1438 -0.3351 15.9326 0.13821 2.2020 1529 -0.1733 16.3593 0.08942 1.4628
1439 1 102.3016 0.04182 4.2783 1439 -0.3352 15.9386 0.13824 2.2034 1530 -0.1733 16.361 0.08943 1.4632
1440 1 102.3212 0.04183 4.2801 1440 -0.3352 15.9445 0.13826 2.2045 1531 -0.1733 16.3626 0.08944 1.4635
1441 1 102.3408 0.04183 4.2809 1441 -0.3353 15.9505 0.13829 2.2058 1532 -0.1733 16.3643 0.08946 1.4640
1442 1 102.3604 0.04184 4.2828 1442 -0.3353 15.9565 0.13832 2.2071 1533 -0.1733 16.366 0.08947 1.4643
1443 1 102.3800 0.04184 4.2836 1443 -0.3354 15.9624 0.13835 2.2084 1534 -0.1733 16.3676 0.08948 1.4646
1444 1 102.3996 0.04185 4.2854 1444 -0.3354 15.9684 0.13838 2.2097 1535 -0.1733 16.3693 0.0895 1.4651
1445 1 102.4191 0.04185 4.2862 1445 -0.3354 15.9744 0.13840 2.2109 1536 -0.1733 16.3709 0.08951 1.4654
1446 1 102.4387 0.04186 4.2881 1446 -0.3355 15.9803 0.13843 2.2122 1537 -0.1733 16.3726 0.08953 1.4658
1447 1 102.4582 0.04186 4.2889 1447 -0.3355 15.9863 0.13846 2.2135 1538 -0.1733 16.3742 0.08954 1.4661
1448 1 102.4778 0.04187 4.2907 1448 -0.3356 15.9922 0.13849 2.2148 1539 -0.1733 16.3759 0.08955 1.4665
1449 1 102.4973 0.04187 4.2916 1449 -0.3356 15.9982 0.13851 2.2159 1540 -0.1733 16.3776 0.08957 1.4669
1450 1 102.5168 0.04187 4.2924 1450 -0.3357 16.0042 0.13854 2.2172 1541 -0.1733 16.3792 0.08958 1.4672
1451 1 102.5364 0.04188 4.2942 1451 -0.3357 16.0101 0.13857 2.2185 1542 -0.1733 16.3809 0.08959 1.4676
1452 1 102.5559 0.04188 4.2950 1452 -0.3357 16.0161 0.13860 2.2198 1543 -0.1733 16.3826 0.08961 1.4680
1453 1 102.5754 0.04189 4.2969 1453 -0.3358 16.0221 0.13862 2.2210 1544 -0.1733 16.3842 0.08962 1.4684
1454 1 102.5949 0.04189 4.2977 1454 -0.3358 16.0280 0.13865 2.2223 1545 -0.1733 16.3859 0.08964 1.4688
1455 1 102.6144 0.04190 4.2995 1455 -0.3359 16.0340 0.13868 2.2236 1546 -0.1733 16.3875 0.08965 1.4691
1456 1 102.6338 0.04190 4.3004 1456 -0.3359 16.0399 0.13871 2.2249 1547 -0.1733 16.3892 0.08966 1.4695
1457 1 102.6533 0.04191 4.3022 1457 -0.3359 16.0459 0.13873 2.2260 1548 -0.1733 16.3909 0.08968 1.4699
1458 1 102.6728 0.04191 4.3030 1458 -0.3360 16.0519 0.13876 2.2274 1549 -0.1733 16.3925 0.08969 1.4702
1459 1 102.6923 0.04192 4.3049 1459 -0.3360 16.0578 0.13879 2.2287 1550 -0.1733 16.3942 0.08971 1.4707
1460 1 102.7117 0.04192 4.3057 1460 -0.3361 16.0638 0.13882 2.2300 1551 -0.1733 16.3959 0.08972 1.4710
1461 1 102.7312 0.04193 4.3075 1461 -0.3361 16.0697 0.13884 2.2311 1552 -0.1733 16.3975 0.08973 1.4713
1462 1 102.7506 0.04193 4.3083 1462 -0.3362 16.0757 0.13887 2.2324 1553 -0.1733 16.3992 0.08975 1.4718
1463 1 102.7700 0.04193 4.3091 1463 -0.3362 16.0817 0.13890 2.2337 1554 -0.1733 16.4009 0.08976 1.4721
1464 1 102.7895 0.04194 4.3110 1464 -0.3362 16.0876 0.13893 2.2351 1555 -0.1733 16.4025 0.08977 1.4725
1465 1 102.8089 0.04194 4.3118 1465 -0.3363 16.0936 0.13895 2.2362 1556 -0.1733 16.4042 0.08979 1.4729
1466 1 102.8283 0.04195 4.3136 1466 -0.3363 16.0995 0.13898 2.2375 1557 -0.1733 16.4059 0.0898 1.4732
1467 1 102.8477 0.04195 4.3145 1467 -0.3364 16.1055 0.13901 2.2388 1558 -0.1733 16.4075 0.08982 1.4737
1468 1 102.8671 0.04196 4.3163 1468 -0.3364 16.1115 0.13904 2.2401 1559 -0.1733 16.4092 0.08983 1.4740
1469 1 102.8865 0.04196 4.3171 1469 -0.3365 16.1174 0.13907 2.2414 1560 -0.1733 16.4109 0.08984 1.4744
1470 1 102.9059 0.04197 4.3190 1470 -0.3365 16.1234 0.13909 2.2426 1561 -0.1733 16.4125 0.08986 1.4748
1471 1 102.9252 0.04197 4.3198 1471 -0.3365 16.1293 0.13912 2.2439 1562 -0.1733 16.4142 0.08987 1.4751
1472 1 102.9446 0.04198 4.3216 1472 -0.3366 16.1353 0.13915 2.2452 1563 -0.1733 16.4159 0.08988 1.4755
1473 1 102.9640 0.04198 4.3224 1473 -0.3366 16.1413 0.13918 2.2465 1564 -0.1733 16.4176 0.0899 1.4759
1474 1 102.9833 0.04198 4.3232 1474 -0.3367 16.1472 0.13920 2.2477 1565 -0.1733 16.4192 0.08991 1.4763
1475 1 103.0027 0.04199 4.3251 1475 -0.3367 16.1532 0.13923 2.2490 1566 -0.1733 16.4209 0.08993 1.4767
1476 1 103.0220 0.04199 4.3259 1476 -0.3368 16.1591 0.13926 2.2503 1567 -0.1733 16.4226 0.08994 1.4770
1477 1 103.0414 0.04200 4.3277 1477 -0.3368 16.1651 0.13928 2.2515 1568 -0.1733 16.4242 0.08995 1.4774
1478 1 103.0607 0.04200 4.3285 1478 -0.3368 16.1710 0.13931 2.2528 1569 -0.1733 16.4259 0.08997 1.4778
LENGTH
(in cm)
WEIGHT-FOR-LENGTH
HEIGHT (in
cm)
WEIGHT-FOR-HEIGHT
DAYS
HEIGHT/LENGTH-FOR-AGE
DAYS
WEIGHT-FOR-AGE
DAYS
MUAC
L M S SD L M S SD L M S SD L M S SD L M S SD
1479 1 103.0800 0.04201 4.3304 1479 -0.3369 16.1770 0.13934 2.2541 1570 -0.1733 16.4276 0.08998 1.4782
1480 1 103.0993 0.04201 4.3312 1480 -0.3369 16.1829 0.13937 2.2554 1571 -0.1733 16.4293 0.08999 1.4785
1481 1 103.1186 0.04202 4.3330 1481 -0.3370 16.1889 0.13939 2.2566 1572 -0.1733 16.4309 0.09001 1.4789
1482 1 103.1379 0.04202 4.3339 1482 -0.3370 16.1949 0.13942 2.2579 1573 -0.1733 16.4326 0.09002 1.4793
1483 1 103.1572 0.04203 4.3357 1483 -0.3371 16.2008 0.13945 2.2592 1574 -0.1733 16.4343 0.09004 1.4797
1484 1 103.1765 0.04203 4.3365 1484 -0.3371 16.2068 0.13948 2.2605 1575 -0.1733 16.436 0.09005 1.4801
1485 1 103.1958 0.04203 4.3373 1485 -0.3371 16.2127 0.13950 2.2617 1576 -0.1733 16.4376 0.09006 1.4804
1486 1 103.2151 0.04204 4.3392 1486 -0.3372 16.2187 0.13953 2.2630 1577 -0.1733 16.4393 0.09008 1.4809
1487 1 103.2343 0.04204 4.3400 1487 -0.3372 16.2246 0.13956 2.2643 1578 -0.1733 16.441 0.09009 1.4812
1488 1 103.2536 0.04205 4.3418 1488 -0.3373 16.2306 0.13959 2.2656 1579 -0.1733 16.4427 0.0901 1.4815
1489 1 103.2728 0.04205 4.3426 1489 -0.3373 16.2365 0.13961 2.2668 1580 -0.1733 16.4443 0.09012 1.4820
1490 1 103.2921 0.04206 4.3445 1490 -0.3374 16.2425 0.13964 2.2681 1581 -0.1733 16.446 0.09013 1.4823
1491 1 103.3113 0.04206 4.3453 1491 -0.3374 16.2485 0.13967 2.2694 1582 -0.1733 16.4477 0.09015 1.4828
1492 1 103.3306 0.04207 4.3471 1492 -0.3374 16.2544 0.13970 2.2707 1583 -0.1733 16.4494 0.09016 1.4831
1493 1 103.3498 0.04207 4.3479 1493 -0.3375 16.2604 0.13972 2.2719 1584 -0.1733 16.4511 0.09017 1.4834
1494 1 103.3690 0.04208 4.3498 1494 -0.3375 16.2663 0.13975 2.2732 1585 -0.1733 16.4527 0.09019 1.4839
1495 1 103.3882 0.04208 4.3506 1495 -0.3376 16.2723 0.13978 2.2745 1586 -0.1733 16.4544 0.0902 1.4842
1496 1 103.4074 0.04208 4.3514 1496 -0.3376 16.2782 0.13980 2.2757 1587 -0.1733 16.4561 0.09021 1.4845
1497 1 103.4266 0.04209 4.3532 1497 -0.3377 16.2842 0.13983 2.2770 1588 -0.1733 16.4578 0.09023 1.4850
1498 1 103.4458 0.04209 4.3540 1498 -0.3377 16.2901 0.13986 2.2783 1589 -0.1733 16.4595 0.09024 1.4853
1499 1 103.4650 0.04210 4.3559 1499 -0.3377 16.2961 0.13989 2.2797 1590 -0.1733 16.4611 0.09026 1.4858
1500 1 103.4842 0.04210 4.3567 1500 -0.3378 16.3020 0.13991 2.2808 1591 -0.1733 16.4628 0.09027 1.4861
1501 1 103.5034 0.04211 4.3585 1501 -0.3378 16.3080 0.13994 2.2821 1592 -0.1733 16.4645 0.09028 1.4864
1502 1 103.5225 0.04211 4.3593 1502 -0.3379 16.3140 0.13997 2.2835 1593 -0.1733 16.4662 0.0903 1.4869
1503 1 103.5417 0.04212 4.3612 1503 -0.3379 16.3199 0.14000 2.2848 1594 -0.1733 16.4679 0.09031 1.4872
1504 1 103.5608 0.04212 4.3620 1504 -0.3380 16.3259 0.14002 2.2860 1595 -0.1733 16.4695 0.09032 1.4875
1505 1 103.5800 0.04212 4.3628 1505 -0.3380 16.3318 0.14005 2.2873 1596 -0.1733 16.4712 0.09034 1.4880
1506 1 103.5991 0.04213 4.3646 1506 -0.3380 16.3378 0.14008 2.2886 1597 -0.1733 16.4729 0.09035 1.4883
1507 1 103.6183 0.04213 4.3654 1507 -0.3381 16.3437 0.14010 2.2898 1598 -0.1733 16.4746 0.09036 1.4886
1508 1 103.6374 0.04214 4.3673 1508 -0.3381 16.3497 0.14013 2.2911 1599 -0.1733 16.4763 0.09038 1.4891
1509 1 103.6565 0.04214 4.3681 1509 -0.3382 16.3556 0.14016 2.2924 1600 -0.1733 16.4779 0.09039 1.4894
1510 1 103.6756 0.04215 4.3699 1510 -0.3382 16.3616 0.14019 2.2937 1601 -0.1733 16.4796 0.09041 1.4899
1511 1 103.6947 0.04215 4.3707 1511 -0.3383 16.3675 0.14021 2.2949 1602 -0.1733 16.4813 0.09042 1.4902
1512 1 103.7138 0.04216 4.3726 1512 -0.3383 16.3735 0.14024 2.2962 1603 -0.1733 16.483 0.09043 1.4906
1513 1 103.7329 0.04216 4.3734 1513 -0.3383 16.3794 0.14027 2.2975 1604 -0.1733 16.4847 0.09045 1.4910
1514 1 103.7520 0.04216 4.3742 1514 -0.3384 16.3854 0.14029 2.2987 1605 -0.1733 16.4864 0.09046 1.4914
1515 1 103.7711 0.04217 4.3760 1515 -0.3384 16.3913 0.14032 2.3000 1606 -0.1733 16.488 0.09047 1.4917
1516 1 103.7902 0.04217 4.3768 1516 -0.3385 16.3973 0.14035 2.3014 1607 -0.1733 16.4897 0.09049 1.4922
1517 1 103.8092 0.04218 4.3787 1517 -0.3385 16.4032 0.14038 2.3027 1608 -0.1733 16.4914 0.0905 1.4925
1518 1 103.8283 0.04218 4.3795 1518 -0.3386 16.4092 0.14040 2.3039 1609 -0.1733 16.4931 0.09052 1.4930
1519 1 103.8473 0.04219 4.3813 1519 -0.3386 16.4151 0.14043 2.3052 1610 -0.1733 16.4948 0.09053 1.4933
1520 1 103.8664 0.04219 4.3821 1520 -0.3386 16.4211 0.14046 2.3065 1611 -0.1733 16.4965 0.09054 1.4936
1521 1 103.8854 0.04220 4.3840 1521 -0.3387 16.4270 0.14048 2.3077 1612 -0.1733 16.4981 0.09056 1.4941
1522 1 103.9045 0.04220 4.3848 1522 -0.3387 16.4330 0.14051 2.3090 1613 -0.1733 16.4998 0.09057 1.4944
1523 1 103.9235 0.04220 4.3856 1523 -0.3388 16.4389 0.14054 2.3103 1614 -0.1733 16.5015 0.09058 1.4947
1524 1 103.9425 0.04221 4.3874 1524 -0.3388 16.4449 0.14056 2.3115 1615 -0.1733 16.5032 0.0906 1.4952
1525 1 103.9616 0.04221 4.3882 1525 -0.3389 16.4508 0.14059 2.3128 1616 -0.1733 16.5049 0.09061 1.4955
1526 1 103.9806 0.04222 4.3901 1526 -0.3389 16.4568 0.14062 2.3142 1617 -0.1733 16.5066 0.09062 1.4958
1527 1 103.9996 0.04222 4.3909 1527 -0.3389 16.4627 0.14065 2.3155 1618 -0.1733 16.5082 0.09064 1.4963
1528 1 104.0186 0.04223 4.3927 1528 -0.3390 16.4687 0.14067 2.3167 1619 -0.1733 16.5099 0.09065 1.4966
1529 1 104.0376 0.04223 4.3935 1529 -0.3390 16.4746 0.14070 2.3180 1620 -0.1733 16.5116 0.09067 1.4971
LENGTH
(in cm)
WEIGHT-FOR-LENGTH
HEIGHT (in
cm)
WEIGHT-FOR-HEIGHT
DAYS
HEIGHT/LENGTH-FOR-AGE
DAYS
WEIGHT-FOR-AGE
DAYS
MUAC
L M S SD L M S SD L M S SD L M S SD L M S SD
1530 1 104.0565 0.04224 4.3953 1530 -0.3391 16.4806 0.14073 2.3193 1621 -0.1733 16.5133 0.09068 1.4974
1531 1 104.0755 0.04224 4.3961 1531 -0.3391 16.4865 0.14075 2.3205 1622 -0.1733 16.515 0.09069 1.4977
1532 1 104.0945 0.04224 4.3970 1532 -0.3392 16.4925 0.14078 2.3218 1623 -0.1733 16.5167 0.09071 1.4982
1533 1 104.1135 0.04225 4.3988 1533 -0.3392 16.4984 0.14081 2.3231 1624 -0.1733 16.5184 0.09072 1.4985
1534 1 104.1324 0.04225 4.3996 1534 -0.3392 16.5044 0.14083 2.3243 1625 -0.1733 16.52 0.09073 1.4989
1535 1 104.1514 0.04226 4.4014 1535 -0.3393 16.5103 0.14086 2.3256 1626 -0.1733 16.5217 0.09075 1.4993
1536 1 104.1703 0.04226 4.4022 1536 -0.3393 16.5163 0.14089 2.3270 1627 -0.1733 16.5234 0.09076 1.4997
1537 1 104.1893 0.04227 4.4041 1537 -0.3394 16.5222 0.14091 2.3281 1628 -0.1733 16.5251 0.09077 1.5000
1538 1 104.2082 0.04227 4.4049 1538 -0.3394 16.5282 0.14094 2.3295 1629 -0.1733 16.5268 0.09079 1.5005
1539 1 104.2271 0.04227 4.4057 1539 -0.3395 16.5341 0.14097 2.3308 1630 -0.1733 16.5285 0.0908 1.5008
1540 1 104.2461 0.04228 4.4075 1540 -0.3395 16.5401 0.14100 2.3322 1631 -0.1733 16.5302 0.09082 1.5013
1541 1 104.2650 0.04228 4.4083 1541 -0.3396 16.5460 0.14102 2.3333 1632 -0.1733 16.5318 0.09083 1.5016
1542 1 104.2839 0.04229 4.4102 1542 -0.3396 16.5520 0.14105 2.3347 1633 -0.1733 16.5335 0.09084 1.5019
1543 1 104.3028 0.04229 4.4110 1543 -0.3396 16.5579 0.14108 2.3360 1634 -0.1733 16.5352 0.09086 1.5024
1544 1 104.3217 0.04230 4.4128 1544 -0.3397 16.5639 0.14110 2.3372 1635 -0.1733 16.5369 0.09087 1.5027
1545 1 104.3406 0.04230 4.4136 1545 -0.3397 16.5698 0.14113 2.3385 1636 -0.1733 16.5386 0.09088 1.5030
1546 1 104.3595 0.04231 4.4155 1546 -0.3398 16.5758 0.14116 2.3398 1637 -0.1733 16.5403 0.0909 1.5035
1547 1 104.3784 0.04231 4.4163 1547 -0.3398 16.5817 0.14118 2.3410 1638 -0.1733 16.5419 0.09091 1.5038
1548 1 104.3972 0.04231 4.4170 1548 -0.3399 16.5876 0.14121 2.3423 1639 -0.1733 16.5436 0.09092 1.5041
1549 1 104.4161 0.04232 4.4189 1549 -0.3399 16.5936 0.14124 2.3437 1640 -0.1733 16.5453 0.09094 1.5046
1550 1 104.4350 0.04232 4.4197 1550 -0.3399 16.5995 0.14126 2.3448 1641 -0.1733 16.547 0.09095 1.5049
1551 1 104.4538 0.04233 4.4215 1551 -0.3400 16.6055 0.14129 2.3462 1642 -0.1733 16.5487 0.09097 1.5054
1552 1 104.4727 0.04233 4.4223 1552 -0.3400 16.6114 0.14132 2.3475 1643 -0.1733 16.5504 0.09098 1.5058
1553 1 104.4915 0.04234 4.4242 1553 -0.3401 16.6174 0.14134 2.3487 1644 -0.1733 16.5521 0.09099 1.5061
1554 1 104.5104 0.04234 4.4250 1554 -0.3401 16.6233 0.14137 2.3500 1645 -0.1733 16.5537 0.09101 1.5066
1555 1 104.5292 0.04234 4.4258 1555 -0.3402 16.6293 0.14140 2.3514 1646 -0.1733 16.5554 0.09102 1.5069
1556 1 104.5480 0.04235 4.4276 1556 -0.3402 16.6352 0.14142 2.3525 1647 -0.1733 16.5571 0.09103 1.5072
1557 1 104.5668 0.04235 4.4284 1557 -0.3402 16.6412 0.14145 2.3539 1648 -0.1733 16.5588 0.09105 1.5077
1558 1 104.5856 0.04236 4.4302 1558 -0.3403 16.6471 0.14148 2.3552 1649 -0.1733 16.5605 0.09106 1.5080
1559 1 104.6045 0.04236 4.4310 1559 -0.3403 16.6530 0.14150 2.3564 1650 -0.1733 16.5622 0.09107 1.5083
1560 1 104.6233 0.04237 4.4329 1560 -0.3404 16.6590 0.14153 2.3577 1651 -0.1733 16.5638 0.09109 1.5088
1561 1 104.6421 0.04237 4.4337 1561 -0.3404 16.6649 0.14156 2.3591 1652 -0.1733 16.5655 0.0911 1.5091
1562 1 104.6608 0.04238 4.4355 1562 -0.3405 16.6709 0.14158 2.3603 1653 -0.1733 16.5672 0.09111 1.5094
1563 1 104.6796 0.04238 4.4363 1563 -0.3405 16.6768 0.14161 2.3616 1654 -0.1733 16.5689 0.09113 1.5099
1564 1 104.6984 0.04238 4.4371 1564 -0.3405 16.6828 0.14164 2.3630 1655 -0.1733 16.5706 0.09114 1.5102
1565 1 104.7172 0.04239 4.4390 1565 -0.3406 16.6887 0.14166 2.3641 1656 -0.1733 16.5722 0.09115 1.5106
1566 1 104.7360 0.04239 4.4398 1566 -0.3406 16.6947 0.14169 2.3655 1657 -0.1733 16.5739 0.09117 1.5110
1567 1 104.7547 0.04240 4.4416 1567 -0.3407 16.7006 0.14172 2.3668 1658 -0.1733 16.5756 0.09118 1.5114
1568 1 104.7735 0.04240 4.4424 1568 -0.3407 16.7065 0.14174 2.3680 1659 -0.1733 16.5773 0.0912 1.5118
1569 1 104.7922 0.04241 4.4442 1569 -0.3408 16.7125 0.14177 2.3693 1660 -0.1733 16.579 0.09121 1.5122
1570 1 104.8110 0.04241 4.4450 1570 -0.3408 16.7184 0.14179 2.3705 1661 -0.1733 16.5807 0.09122 1.5125
1571 1 104.8297 0.04241 4.4458 1571 -0.3408 16.7244 0.14182 2.3719 1662 -0.1733 16.5823 0.09124 1.5130
1572 1 104.8484 0.04242 4.4477 1572 -0.3409 16.7303 0.14185 2.3732 1663 -0.1733 16.584 0.09125 1.5133
1573 1 104.8672 0.04242 4.4485 1573 -0.3409 16.7363 0.14187 2.3744 1664 -0.1733 16.5857 0.09126 1.5136
1574 1 104.8859 0.04243 4.4503 1574 -0.3410 16.7422 0.14190 2.3757 1665 -0.1733 16.5874 0.09128 1.5141
1575 1 104.9046 0.04243 4.4511 1575 -0.3410 16.7481 0.14193 2.3771 1666 -0.1733 16.5891 0.09129 1.5144
1576 1 104.9233 0.04244 4.4529 1576 -0.3411 16.7541 0.14195 2.3782 1667 -0.1733 16.5907 0.0913 1.5147
1577 1 104.9420 0.04244 4.4537 1577 -0.3411 16.7600 0.14198 2.3796 1668 -0.1733 16.5924 0.09132 1.5152
1578 1 104.9607 0.04244 4.4545 1578 -0.3412 16.7660 0.14201 2.3809 1669 -0.1733 16.5941 0.09133 1.5155
1579 1 104.9794 0.04245 4.4564 1579 -0.3412 16.7719 0.14203 2.3821 1670 -0.1733 16.5958 0.09134 1.5159
1580 1 104.9981 0.04245 4.4572 1580 -0.3412 16.7778 0.14206 2.3835 1671 -0.1733 16.5975 0.09136 1.5163
LENGTH
(in cm)
WEIGHT-FOR-LENGTH
HEIGHT (in
cm)
WEIGHT-FOR-HEIGHT
DAYS
HEIGHT/LENGTH-FOR-AGE
DAYS
WEIGHT-FOR-AGE
DAYS
MUAC
L M S SD L M S SD L M S SD L M S SD L M S SD
1581 1 105.0167 0.04246 4.4590 1581 -0.3413 16.7838 0.14209 2.3848 1672 -0.1733 16.5991 0.09137 1.5167
1582 1 105.0354 0.04246 4.4598 1582 -0.3413 16.7897 0.14211 2.3860 1673 -0.1733 16.6008 0.09138 1.5170
1583 1 105.0541 0.04247 4.4616 1583 -0.3414 16.7957 0.14214 2.3873 1674 -0.1733 16.6025 0.0914 1.5175
1584 1 105.0727 0.04247 4.4624 1584 -0.3414 16.8016 0.14216 2.3885 1675 -0.1733 16.6042 0.09141 1.5178
1585 1 105.0914 0.04247 4.4632 1585 -0.3415 16.8075 0.14219 2.3899 1676 -0.1733 16.6058 0.09143 1.5183
1586 1 105.1100 0.04248 4.4651 1586 -0.3415 16.8135 0.14222 2.3912 1677 -0.1733 16.6075 0.09144 1.5186
1587 1 105.1287 0.04248 4.4659 1587 -0.3415 16.8194 0.14224 2.3924 1678 -0.1733 16.6092 0.09145 1.5189
1588 1 105.1473 0.04249 4.4677 1588 -0.3416 16.8254 0.14227 2.3937 1679 -0.1733 16.6109 0.09147 1.5194
1589 1 105.1660 0.04249 4.4685 1589 -0.3416 16.8313 0.14230 2.3951 1680 -0.1733 16.6125 0.09148 1.5197
1590 1 105.1846 0.04250 4.4703 1590 -0.3417 16.8372 0.14232 2.3963 1681 -0.1733 16.6142 0.09149 1.5200
1591 1 105.2032 0.04250 4.4711 1591 -0.3417 16.8432 0.14235 2.3976 1682 -0.1733 16.6159 0.09151 1.5205
1592 1 105.2218 0.04250 4.4719 1592 -0.3418 16.8491 0.14237 2.3988 1683 -0.1733 16.6176 0.09152 1.5208
1593 1 105.2404 0.04251 4.4738 1593 -0.3418 16.8550 0.14240 2.4002 1684 -0.1733 16.6192 0.09153 1.5212
1594 1 105.2590 0.04251 4.4746 1594 -0.3418 16.8610 0.14243 2.4015 1685 -0.1733 16.6209 0.09155 1.5216
1595 1 105.2776 0.04252 4.4764 1595 -0.3419 16.8669 0.14245 2.4027 1686 -0.1733 16.6226 0.09156 1.5220
1596 1 105.2962 0.04252 4.4772 1596 -0.3419 16.8729 0.14248 2.4041 1687 -0.1733 16.6243 0.09157 1.5223
1597 1 105.3148 0.04253 4.4790 1597 -0.3420 16.8788 0.14251 2.4054 1688 -0.1733 16.6259 0.09159 1.5228
1598 1 105.3334 0.04253 4.4798 1598 -0.3420 16.8847 0.14253 2.4066 1689 -0.1733 16.6276 0.0916 1.5231
1599 1 105.3520 0.04253 4.4806 1599 -0.3421 16.8907 0.14256 2.4079 1690 -0.1733 16.6293 0.09161 1.5234
1600 1 105.3705 0.04254 4.4825 1600 -0.3421 16.8966 0.14258 2.4091 1691 -0.1733 16.6309 0.09163 1.5239
1601 1 105.3891 0.04254 4.4833 1601 -0.3421 16.9025 0.14261 2.4105 1692 -0.1733 16.6326 0.09164 1.5242
1602 1 105.4076 0.04255 4.4851 1602 -0.3422 16.9085 0.14264 2.4118 1693 -0.1733 16.6343 0.09165 1.5245
1603 1 105.4262 0.04255 4.4859 1603 -0.3422 16.9144 0.14266 2.4130 1694 -0.1733 16.6359 0.09167 1.5250
1604 1 105.4447 0.04256 4.4877 1604 -0.3423 16.9203 0.14269 2.4144 1695 -0.1733 16.6376 0.09168 1.5253
1605 1 105.4633 0.04256 4.4885 1605 -0.3423 16.9263 0.14271 2.4156 1696 -0.1733 16.6393 0.09169 1.5257
1606 1 105.4818 0.04256 4.4893 1606 -0.3424 16.9322 0.14274 2.4169 1697 -0.1733 16.641 0.09171 1.5261
1607 1 105.5003 0.04257 4.4911 1607 -0.3424 16.9381 0.14277 2.4183 1698 -0.1733 16.6426 0.09172 1.5265
1608 1 105.5189 0.04257 4.4919 1608 -0.3425 16.9441 0.14279 2.4194 1699 -0.1733 16.6443 0.09173 1.5268
1609 1 105.5374 0.04258 4.4938 1609 -0.3425 16.9500 0.14282 2.4208 1700 -0.1733 16.646 0.09175 1.5273
1610 1 105.5559 0.04258 4.4946 1610 -0.3425 16.9559 0.14284 2.4220 1701 -0.1733 16.6476 0.09176 1.5276
1611 1 105.5744 0.04259 4.4964 1611 -0.3426 16.9619 0.14287 2.4233 1702 -0.1733 16.6493 0.09177 1.5279
1612 1 105.5929 0.04259 4.4972 1612 -0.3426 16.9678 0.14290 2.4247 1703 -0.1733 16.651 0.09179 1.5284
1613 1 105.6114 0.04259 4.4980 1613 -0.3427 16.9737 0.14292 2.4259 1704 -0.1733 16.6526 0.0918 1.5287
1614 1 105.6299 0.04260 4.4998 1614 -0.3427 16.9796 0.14295 2.4272 1705 -0.1733 16.6543 0.09181 1.5290
1615 1 105.6483 0.04260 4.5006 1615 -0.3428 16.9856 0.14297 2.4284 1706 -0.1733 16.6559 0.09183 1.5295
1616 1 105.6668 0.04261 4.5025 1616 -0.3428 16.9915 0.14300 2.4298 1707 -0.1733 16.6576 0.09184 1.5298
1617 1 105.6853 0.04261 4.5033 1617 -0.3428 16.9974 0.14303 2.4311 1708 -0.1733 16.6593 0.09185 1.5302
1618 1 105.7037 0.04262 4.5051 1618 -0.3429 17.0034 0.14305 2.4323 1709 -0.1733 16.6609 0.09187 1.5306
1619 1 105.7222 0.04262 4.5059 1619 -0.3429 17.0093 0.14308 2.4337 1710 -0.1733 16.6626 0.09188 1.5310
1620 1 105.7406 0.04262 4.5067 1620 -0.3430 17.0152 0.14310 2.4349 1711 -0.1733 16.6643 0.09189 1.5313
1621 1 105.7591 0.04263 4.5085 1621 -0.3430 17.0211 0.14313 2.4362 1712 -0.1733 16.6659 0.09191 1.5318
1622 1 105.7775 0.04263 4.5093 1622 -0.3431 17.0271 0.14315 2.4374 1713 -0.1733 16.6676 0.09192 1.5321
1623 1 105.7960 0.04264 4.5111 1623 -0.3431 17.0330 0.14318 2.4388 1714 -0.1733 16.6692 0.09194 1.5326
1624 1 105.8144 0.04264 4.5119 1624 -0.3431 17.0389 0.14321 2.4401 1715 -0.1733 16.6709 0.09195 1.5329
1625 1 105.8328 0.04264 4.5127 1625 -0.3432 17.0448 0.14323 2.4413 1716 -0.1733 16.6726 0.09196 1.5332
1626 1 105.8512 0.04265 4.5146 1626 -0.3432 17.0508 0.14326 2.4427 1717 -0.1733 16.6742 0.09198 1.5337
1627 1 105.8696 0.04265 4.5153 1627 -0.3433 17.0567 0.14328 2.4439 1718 -0.1733 16.6759 0.09199 1.5340
1628 1 105.8880 0.04266 4.5172 1628 -0.3433 17.0626 0.14331 2.4452 1719 -0.1733 16.6775 0.092 1.5343
1629 1 105.9064 0.04266 4.5180 1629 -0.3434 17.0685 0.14334 2.4466 1720 -0.1733 16.6792 0.09202 1.5348
1630 1 105.9248 0.04267 4.5198 1630 -0.3434 17.0744 0.14336 2.4478 1721 -0.1733 16.6808 0.09203 1.5351
1631 1 105.9432 0.04267 4.5206 1631 -0.3434 17.0804 0.14339 2.4492 1722 -0.1733 16.6825 0.09204 1.5355
LENGTH
(in cm)
WEIGHT-FOR-LENGTH
HEIGHT (in
cm)
WEIGHT-FOR-HEIGHT
DAYS
HEIGHT/LENGTH-FOR-AGE
DAYS
WEIGHT-FOR-AGE
DAYS
MUAC
L M S SD L M S SD L M S SD L M S SD L M S SD
1632 1 105.9616 0.04267 4.5214 1632 -0.3435 17.0863 0.14341 2.4503 1723 -0.1733 16.6842 0.09206 1.5359
1633 1 105.9800 0.04268 4.5232 1633 -0.3435 17.0922 0.14344 2.4517 1724 -0.1733 16.6858 0.09207 1.5363
1634 1 105.9983 0.04268 4.5240 1634 -0.3436 17.0981 0.14346 2.4529 1725 -0.1733 16.6875 0.09208 1.5366
1635 1 106.0167 0.04269 4.5259 1635 -0.3436 17.1040 0.14349 2.4543 1726 -0.1733 16.6891 0.09209 1.5369
1636 1 106.0351 0.04269 4.5266 1636 -0.3437 17.1100 0.14352 2.4556 1727 -0.1733 16.6908 0.09211 1.5374
1637 1 106.0534 0.04270 4.5285 1637 -0.3437 17.1159 0.14354 2.4568 1728 -0.1733 16.6924 0.09212 1.5377
1638 1 106.0718 0.04270 4.5293 1638 -0.3438 17.1218 0.14357 2.4582 1729 -0.1733 16.6941 0.09213 1.5380
1639 1 106.0901 0.04270 4.5300 1639 -0.3438 17.1277 0.14359 2.4594 1730 -0.1733 16.6957 0.09215 1.5385
1640 1 106.1084 0.04271 4.5319 1640 -0.3438 17.1336 0.14362 2.4607 1731 -0.1733 16.6974 0.09216 1.5388
1641 1 106.1268 0.04271 4.5327 1641 -0.3439 17.1395 0.14364 2.4619 1732 -0.1733 16.699 0.09217 1.5391
1642 1 106.1451 0.04272 4.5345 1642 -0.3439 17.1455 0.14367 2.4633 1733 -0.1733 16.7007 0.09219 1.5396
1643 1 106.1634 0.04272 4.5353 1643 -0.3440 17.1514 0.14369 2.4645 1734 -0.1733 16.7023 0.0922 1.5400
1644 1 106.1817 0.04272 4.5361 1644 -0.3440 17.1573 0.14372 2.4658 1735 -0.1733 16.704 0.09221 1.5403
1645 1 106.2000 0.04273 4.5379 1645 -0.3441 17.1632 0.14375 2.4672 1736 -0.1733 16.7056 0.09223 1.5408
1646 1 106.2183 0.04273 4.5387 1646 -0.3441 17.1691 0.14377 2.4684 1737 -0.1733 16.7073 0.09224 1.5411
1647 1 106.2366 0.04274 4.5406 1647 -0.3441 17.1750 0.14380 2.4698 1738 -0.1733 16.7089 0.09225 1.5414
1648 1 106.2549 0.04274 4.5413 1648 -0.3442 17.1809 0.14382 2.4710 1739 -0.1733 16.7106 0.09227 1.5419
1649 1 106.2732 0.04275 4.5432 1649 -0.3442 17.1868 0.14385 2.4723 1740 -0.1733 16.7122 0.09228 1.5422
1650 1 106.2915 0.04275 4.5440 1650 -0.3443 17.1927 0.14387 2.4735 1741 -0.1733 16.7139 0.09229 1.5425
1651 1 106.3097 0.04275 4.5447 1651 -0.3443 17.1987 0.14390 2.4749 1742 -0.1733 16.7155 0.09231 1.5430
1652 1 106.3280 0.04276 4.5466 1652 -0.3444 17.2046 0.14392 2.4761 1743 -0.1733 16.7172 0.09232 1.5433
1653 1 106.3463 0.04276 4.5474 1653 -0.3444 17.2105 0.14395 2.4775 1744 -0.1733 16.7188 0.09233 1.5436
1654 1 106.3645 0.04277 4.5492 1654 -0.3444 17.2164 0.14398 2.4788 1745 -0.1733 16.7204 0.09235 1.5441
1655 1 106.3828 0.04277 4.5500 1655 -0.3445 17.2223 0.14400 2.4800 1746 -0.1733 16.7221 0.09236 1.5445
1656 1 106.4010 0.04277 4.5508 1656 -0.3445 17.2282 0.14403 2.4814 1747 -0.1733 16.7237 0.09237 1.5448
1657 1 106.4192 0.04278 4.5526 1657 -0.3446 17.2341 0.14405 2.4826 1748 -0.1733 16.7254 0.09239 1.5453
1658 1 106.4375 0.04278 4.5534 1658 -0.3446 17.2400 0.14408 2.4839 1749 -0.1733 16.727 0.0924 1.5456
1659 1 106.4557 0.04279 4.5552 1659 -0.3447 17.2459 0.14410 2.4851 1750 -0.1733 16.7287 0.09241 1.5459
1660 1 106.4739 0.04279 4.5560 1660 -0.3447 17.2518 0.14413 2.4865 1751 -0.1733 16.7303 0.09243 1.5464
1661 1 106.4921 0.04280 4.5579 1661 -0.3448 17.2577 0.14415 2.4877 1752 -0.1733 16.7319 0.09244 1.5467
1662 1 106.5103 0.04280 4.5586 1662 -0.3448 17.2636 0.14418 2.4891 1753 -0.1733 16.7336 0.09245 1.5470
1663 1 106.5285 0.04280 4.5594 1663 -0.3448 17.2695 0.14420 2.4903 1754 -0.1733 16.7352 0.09247 1.5475
1664 1 106.5467 0.04281 4.5613 1664 -0.3449 17.2754 0.14423 2.4916 1755 -0.1733 16.7369 0.09248 1.5478
1665 1 106.5649 0.04281 4.5620 1665 -0.3449 17.2813 0.14426 2.4930 1756 -0.1733 16.7385 0.09249 1.5481
1666 1 106.5831 0.04282 4.5639 1666 -0.3450 17.2872 0.14428 2.4942 1757 -0.1733 16.7402 0.09251 1.5486
1667 1 106.6013 0.04282 4.5647 1667 -0.3450 17.2931 0.14431 2.4956 1758 -0.1733 16.7418 0.09252 1.5490
1668 1 106.6195 0.04282 4.5654 1668 -0.3451 17.2990 0.14433 2.4968 1759 -0.1733 16.7434 0.09253 1.5493
1669 1 106.6376 0.04283 4.5673 1669 -0.3451 17.3049 0.14436 2.4981 1760 -0.1733 16.7451 0.09254 1.5496
1670 1 106.6558 0.04283 4.5681 1670 -0.3451 17.3108 0.14438 2.4993 1761 -0.1733 16.7467 0.09256 1.5501
1671 1 106.6739 0.04284 4.5699 1671 -0.3452 17.3167 0.14441 2.5007 1762 -0.1733 16.7483 0.09257 1.5504
1672 1 106.6921 0.04284 4.5707 1672 -0.3452 17.3226 0.14443 2.5019 1763 -0.1733 16.75 0.09258 1.5507
1673 1 106.7102 0.04285 4.5725 1673 -0.3453 17.3285 0.14446 2.5033 1764 -0.1733 16.7516 0.0926 1.5512
1674 1 106.7284 0.04285 4.5733 1674 -0.3453 17.3344 0.14448 2.5045 1765 -0.1733 16.7533 0.09261 1.5515
1675 1 106.7465 0.04285 4.5741 1675 -0.3454 17.3402 0.14451 2.5058 1766 -0.1733 16.7549 0.09262 1.5518
1676 1 106.7646 0.04286 4.5759 1676 -0.3454 17.3461 0.14453 2.5070 1767 -0.1733 16.7565 0.09264 1.5523
1677 1 106.7828 0.04286 4.5767 1677 -0.3454 17.3520 0.14456 2.5084 1768 -0.1733 16.7582 0.09265 1.5526
1678 1 106.8009 0.04287 4.5786 1678 -0.3455 17.3579 0.14458 2.5096 1769 -0.1733 16.7598 0.09266 1.5530
1679 1 106.8190 0.04287 4.5793 1679 -0.3455 17.3638 0.14461 2.5110 1770 -0.1733 16.7614 0.09268 1.5534
1680 1 106.8371 0.04287 4.5801 1680 -0.3456 17.3697 0.14463 2.5122 1771 -0.1733 16.7631 0.09269 1.5538
1681 1 106.8552 0.04288 4.5820 1681 -0.3456 17.3756 0.14466 2.5136 1772 -0.1733 16.7647 0.0927 1.5541
1682 1 106.8733 0.04288 4.5827 1682 -0.3457 17.3815 0.14468 2.5148 1773 -0.1733 16.7663 0.09272 1.5546
LENGTH
(in cm)
WEIGHT-FOR-LENGTH
HEIGHT (in
cm)
WEIGHT-FOR-HEIGHT
DAYS
HEIGHT/LENGTH-FOR-AGE
DAYS
WEIGHT-FOR-AGE
DAYS
MUAC
L M S SD L M S SD L M S SD L M S SD L M S SD
1683 1 106.8914 0.04289 4.5846 1683 -0.3457 17.3873 0.14471 2.5161 1774 -0.1733 16.768 0.09273 1.5549
1684 1 106.9094 0.04289 4.5853 1684 -0.3457 17.3932 0.14473 2.5173 1775 -0.1733 16.7696 0.09274 1.5552
1685 1 106.9275 0.04289 4.5861 1685 -0.3458 17.3991 0.14476 2.5187 1776 -0.1733 16.7712 0.09276 1.5557
1686 1 106.9456 0.04290 4.5880 1686 -0.3458 17.4050 0.14479 2.5201 1777 -0.1733 16.7728 0.09277 1.5560
1687 1 106.9636 0.04290 4.5887 1687 -0.3459 17.4109 0.14481 2.5213 1778 -0.1733 16.7745 0.09278 1.5563
1688 1 106.9817 0.04291 4.5906 1688 -0.3459 17.4167 0.14484 2.5226 1779 -0.1733 16.7761 0.09279 1.5567
1689 1 106.9998 0.04291 4.5914 1689 -0.3460 17.4226 0.14486 2.5238 1780 -0.1733 16.7777 0.09281 1.5571
1690 1 107.0178 0.04292 4.5932 1690 -0.3460 17.4285 0.14489 2.5252 1781 -0.1733 16.7794 0.09282 1.5575
1691 1 107.0358 0.04292 4.5940 1691 -0.3460 17.4344 0.14491 2.5264 1782 -0.1733 16.781 0.09283 1.5578
1692 1 107.0539 0.04292 4.5948 1692 -0.3461 17.4403 0.14494 2.5278 1783 -0.1733 16.7826 0.09285 1.5583
1693 1 107.0719 0.04293 4.5966 1693 -0.3461 17.4461 0.14496 2.5290 1784 -0.1733 16.7842 0.09286 1.5586
1694 1 107.0899 0.04293 4.5974 1694 -0.3462 17.4520 0.14499 2.5304 1785 -0.1733 16.7859 0.09287 1.5589
1695 1 107.1079 0.04294 4.5992 1695 -0.3462 17.4579 0.14501 2.5316 1786 -0.1733 16.7875 0.09289 1.5594
1696 1 107.1260 0.04294 4.6000 1696 -0.3463 17.4637 0.14504 2.5329 1787 -0.1733 16.7891 0.0929 1.5597
1697 1 107.1440 0.04294 4.6008 1697 -0.3463 17.4696 0.14506 2.5341 1788 -0.1733 16.7908 0.09291 1.5600
1698 1 107.1620 0.04295 4.6026 1698 -0.3463 17.4755 0.14509 2.5355 1789 -0.1733 16.7924 0.09293 1.5605
1699 1 107.1799 0.04295 4.6034 1699 -0.3464 17.4814 0.14511 2.5367 1790 -0.1733 16.794 0.09294 1.5608
1700 1 107.1979 0.04296 4.6052 1700 -0.3464 17.4872 0.14514 2.5381 1791 -0.1733 16.7956 0.09295 1.5612
1701 1 107.2159 0.04296 4.6060 1701 -0.3465 17.4931 0.14516 2.5393 1792 -0.1733 16.7973 0.09296 1.5615
1702 1 107.2339 0.04296 4.6068 1702 -0.3465 17.4990 0.14519 2.5407 1793 -0.1733 16.7989 0.09298 1.5620
1703 1 107.2519 0.04297 4.6086 1703 -0.3466 17.5048 0.14521 2.5419 1794 -0.1733 16.8005 0.09299 1.5623
1704 1 107.2698 0.04297 4.6094 1704 -0.3466 17.5107 0.14524 2.5433 1795 -0.1733 16.8021 0.093 1.5626
1705 1 107.2878 0.04298 4.6112 1705 -0.3467 17.5166 0.14526 2.5445 1796 -0.1733 16.8037 0.09302 1.5631
1706 1 107.3057 0.04298 4.6120 1706 -0.3467 17.5224 0.14529 2.5458 1797 -0.1733 16.8054 0.09303 1.5634
1707 1 107.3237 0.04299 4.6138 1707 -0.3467 17.5283 0.14531 2.5470 1798 -0.1733 16.807 0.09304 1.5637
1708 1 107.3416 0.04299 4.6146 1708 -0.3468 17.5341 0.14534 2.5484 1799 -0.1733 16.8086 0.09306 1.5642
1709 1 107.3596 0.04299 4.6154 1709 -0.3468 17.5400 0.14536 2.5496 1800 -0.1733 16.8102 0.09307 1.5645
1710 1 107.3775 0.04300 4.6172 1710 -0.3469 17.5459 0.14539 2.5510 1801 -0.1733 16.8119 0.09308 1.5649
1711 1 107.3954 0.04300 4.6180 1711 -0.3469 17.5517 0.14541 2.5522 1802 -0.1733 16.8135 0.09309 1.5652
1712 1 107.4133 0.04301 4.6198 1712 -0.3470 17.5576 0.14544 2.5536 1803 -0.1733 16.8151 0.09311 1.5657
1713 1 107.4312 0.04301 4.6206 1713 -0.3470 17.5634 0.14546 2.5548 1804 -0.1733 16.8167 0.09312 1.5660
1714 1 107.4492 0.04301 4.6214 1714 -0.3470 17.5693 0.14549 2.5562 1805 -0.1733 16.8183 0.09313 1.5663
1715 1 107.4671 0.04302 4.6232 1715 -0.3471 17.5751 0.14551 2.5574 1806 -0.1733 16.82 0.09315 1.5668
1716 1 107.4849 0.04302 4.6240 1716 -0.3471 17.5810 0.14553 2.5586 1807 -0.1733 16.8216 0.09316 1.5671
1717 1 107.5028 0.04303 4.6258 1717 -0.3472 17.5868 0.14556 2.5599 1808 -0.1733 16.8232 0.09317 1.5674
1718 1 107.5207 0.04303 4.6266 1718 -0.3472 17.5927 0.14558 2.5611 1809 -0.1733 16.8248 0.09319 1.5679
1719 1 107.5386 0.04303 4.6274 1719 -0.3473 17.5985 0.14561 2.5625 1810 -0.1733 16.8264 0.0932 1.5682
1720 1 107.5565 0.04304 4.6292 1720 -0.3473 17.6044 0.14563 2.5637 1811 -0.1733 16.828 0.09321 1.5685
1721 1 107.5743 0.04304 4.6300 1721 -0.3473 17.6102 0.14566 2.5651 1812 -0.1733 16.8297 0.09322 1.5689
1722 1 107.5922 0.04305 4.6318 1722 -0.3474 17.6161 0.14568 2.5663 1813 -0.1733 16.8313 0.09324 1.5694
1723 1 107.6100 0.04305 4.6326 1723 -0.3474 17.6219 0.14571 2.5677 1814 -0.1733 16.8329 0.09325 1.5697
1724 1 107.6279 0.04305 4.6334 1724 -0.3475 17.6278 0.14573 2.5689 1815 -0.1733 16.8345 0.09326 1.5700
1725 1 107.6457 0.04306 4.6352 1725 -0.3475 17.6336 0.14576 2.5703 1816 -0.1733 16.8361 0.09328 1.5705
1726 1 107.6636 0.04306 4.6360 1726 -0.3476 17.6394 0.14578 2.5715 1817 -0.1733 16.8377 0.09329 1.5708
1727 1 107.6814 0.04307 4.6378 1727 -0.3476 17.6453 0.14581 2.5729 1818 -0.1733 16.8393 0.0933 1.5711
1728 1 107.6992 0.04307 4.6386 1728 -0.3476 17.6511 0.14583 2.5741 1819 -0.1733 16.841 0.09332 1.5716
1729 1 107.7170 0.04308 4.6404 1729 -0.3477 17.6570 0.14586 2.5755 1820 -0.1733 16.8426 0.09333 1.5719
1730 1 107.7349 0.04308 4.6412 1730 -0.3477 17.6628 0.14588 2.5766 1821 -0.1733 16.8442 0.09334 1.5722
1731 1 107.7527 0.04308 4.6420 1731 -0.3478 17.6686 0.14591 2.5780 1822 -0.1733 16.8458 0.09335 1.5726
1732 1 107.7705 0.04309 4.6438 1732 -0.3478 17.6745 0.14593 2.5792 1823 -0.1733 16.8474 0.09337 1.5730
1733 1 107.7883 0.04309 4.6446 1733 -0.3479 17.6803 0.14596 2.5806 1824 -0.1733 16.849 0.09338 1.5734
LENGTH
(in cm)
WEIGHT-FOR-LENGTH
HEIGHT (in
cm)
WEIGHT-FOR-HEIGHT
DAYS
HEIGHT/LENGTH-FOR-AGE
DAYS
WEIGHT-FOR-AGE
DAYS
MUAC
L M S SD L M S SD L M S SD L M S SD L M S SD
1734 1 107.8060 0.04310 4.6464 1734 -0.3479 17.6861 0.14598 2.5818 1825 -0.1733 16.8506 0.09339 1.5737
1735 1 107.8238 0.04310 4.6472 1735 -0.3479 17.6920 0.14600 2.5830 1826 -0.1733 16.8522 0.09341 1.5742
1736 1 107.8416 0.04310 4.6480 1736 -0.3480 17.6978 0.14603 2.5844 1827 -0.1733 16.8538 0.09342 1.5745
1737 1 107.8594 0.04311 4.6498 1737 -0.3480 17.7036 0.14605 2.5856 1828 -0.1733 16.8555 0.09343 1.5748
1738 1 107.8772 0.04311 4.6506 1738 -0.3481 17.7095 0.14608 2.5870 1829 -0.1733 16.8571 0.09344 1.5751
1739 1 107.8949 0.04312 4.6524 1739 -0.3481 17.7153 0.14610 2.5882 1830 -0.1733 16.8587 0.09346 1.5756
1740 1 107.9127 0.04312 4.6532 1740 -0.3482 17.7211 0.14613 2.5896 1831 -0.1733 16.8603 0.09347 1.5759
1741 1 107.9304 0.04312 4.6540 1741 -0.3482 17.7269 0.14615 2.5908 1832 -0.1733 16.8619 0.09348 1.5763
1742 1 107.9482 0.04313 4.6558 1742 -0.3482 17.7328 0.14618 2.5922 1833 -0.1733 16.8635 0.0935 1.5767
1743 1 107.9659 0.04313 4.6566 1743 -0.3483 17.7386 0.14620 2.5934 1834 -0.1733 16.8651 0.09351 1.5771
1744 1 107.9836 0.04314 4.6584 1744 -0.3483 17.7444 0.14623 2.5948 1835 -0.1733 16.8667 0.09352 1.5774
1745 1 108.0014 0.04314 4.6592 1745 -0.3484 17.7502 0.14625 2.5960 1836 -0.1733 16.8683 0.09353 1.5777
1746 1 108.0191 0.04314 4.6599 1746 -0.3484 17.7561 0.14628 2.5974 1837 -0.1733 16.8699 0.09355 1.5782
1747 1 108.0368 0.04315 4.6618 1747 -0.3485 17.7619 0.14630 2.5986 1838 -0.1733 16.8715 0.09356 1.5785
1748 1 108.0545 0.04315 4.6626 1748 -0.3485 17.7677 0.14632 2.5998 1839 -0.1733 16.8731 0.09357 1.5788
1749 1 108.0722 0.04316 4.6644 1749 -0.3485 17.7735 0.14635 2.6012 1840 -0.1733 16.8747 0.09359 1.5793
1750 1 108.0899 0.04316 4.6652 1750 -0.3486 17.7793 0.14637 2.6024 1841 -0.1733 16.8763 0.0936 1.5796
1751 1 108.1076 0.04316 4.6659 1751 -0.3486 17.7851 0.14640 2.6037 1842 -0.1733 16.878 0.09361 1.5799
1752 1 108.1253 0.04317 4.6678 1752 -0.3487 17.7910 0.14642 2.6050 1843 -0.1733 16.8796 0.09362 1.5803
1753 1 108.1430 0.04317 4.6685 1753 -0.3487 17.7968 0.14645 2.6063 1844 -0.1733 16.8812 0.09364 1.5808
1754 1 108.1607 0.04318 4.6704 1754 -0.3488 17.8026 0.14647 2.6075 1845 -0.1733 16.8828 0.09365 1.5811
1755 1 108.1783 0.04318 4.6711 1755 -0.3488 17.8084 0.14650 2.6089 1846 -0.1733 16.8844 0.09366 1.5814
1756 1 108.1960 0.04318 4.6719 1756 -0.3488 17.8142 0.14652 2.6101 1847 -0.1733 16.886 0.09368 1.5819
1757 1 108.2137 0.04319 4.6737 1757 -0.3489 17.8200 0.14654 2.6113 1848 -0.1733 16.8876 0.09369 1.5822
1758 1 108.2313 0.04319 4.6745 1758 -0.3489 17.8258 0.14657 2.6127 1849 -0.1733 16.8892 0.0937 1.5825
1759 1 108.2490 0.04320 4.6764 1759 -0.3490 17.8316 0.14659 2.6139 1850 -0.1733 16.8908 0.09371 1.5828
1760 1 108.2666 0.04320 4.6771 1760 -0.3490 17.8374 0.14662 2.6153 1851 -0.1733 16.8924 0.09373 1.5833
1761 1 108.2842 0.04321 4.6790 1761 -0.3491 17.8432 0.14664 2.6165 1852 -0.1733 16.894 0.09374 1.5836
1762 1 108.3019 0.04321 4.6797 1762 -0.3491 17.8490 0.14667 2.6179 1853 -0.1733 16.8956 0.09375 1.5840
1763 1 108.3195 0.04321 4.6805 1763 -0.3491 17.8548 0.14669 2.6191 1854 -0.1733 16.8972 0.09377 1.5845
1764 1 108.3371 0.04322 4.6823 1764 -0.3492 17.8606 0.14672 2.6205 1855 -0.1733 16.8988 0.09378 1.5848
1765 1 108.3547 0.04322 4.6831 1765 -0.3492 17.8664 0.14674 2.6217 1856 -0.1733 16.9004 0.09379 1.5851
1766 1 108.3723 0.04323 4.6849 1766 -0.3493 17.8722 0.14676 2.6229
1767 1 108.3899 0.04323 4.6857 1767 -0.3493 17.8780 0.14679 2.6243
1768 1 108.4075 0.04323 4.6865 1768 -0.3493 17.8838 0.14681 2.6255
1769 1 108.4251 0.04324 4.6883 1769 -0.3494 17.8896 0.14684 2.6269
1770 1 108.4427 0.04324 4.6891 1770 -0.3494 17.8954 0.14686 2.6281
1771 1 108.4603 0.04325 4.6909 1771 -0.3495 17.9012 0.14689 2.6295
1772 1 108.4779 0.04325 4.6917 1772 -0.3495 17.9070 0.14691 2.6307
1773 1 108.4954 0.04325 4.6924 1773 -0.3496 17.9128 0.14693 2.6319
1774 1 108.5130 0.04326 4.6943 1774 -0.3496 17.9186 0.14696 2.6333
1775 1 108.5306 0.04326 4.6950 1775 -0.3496 17.9243 0.14698 2.6345
1776 1 108.5481 0.04327 4.6969 1776 -0.3497 17.9301 0.14701 2.6359
1777 1 108.5657 0.04327 4.6976 1777 -0.3497 17.9359 0.14703 2.6371
1778 1 108.5832 0.04327 4.6984 1778 -0.3498 17.9417 0.14706 2.6385
1779 1 108.6008 0.04328 4.7002 1779 -0.3498 17.9475 0.14708 2.6397
1780 1 108.6183 0.04328 4.7010 1780 -0.3499 17.9533 0.14710 2.6409
1781 1 108.6358 0.04329 4.7028 1781 -0.3499 17.9590 0.14713 2.6423
1782 1 108.6533 0.04329 4.7036 1782 -0.3499 17.9648 0.14715 2.6435
1783 1 108.6709 0.04329 4.7044 1783 -0.3500 17.9706 0.14718 2.6449
1784 1 108.6884 0.04330 4.7062 1784 -0.3500 17.9764 0.14720 2.6461
LENGTH
(in cm)
WEIGHT-FOR-LENGTH
HEIGHT (in
cm)
WEIGHT-FOR-HEIGHT
DAYS
HEIGHT/LENGTH-FOR-AGE
DAYS
WEIGHT-FOR-AGE
DAYS
MUAC
L M S SD L M S SD L M S SD L M S SD L M S SD
1785 1 108.7059 0.04330 4.7070 1785 -0.3501 17.9821 0.14722 2.6473
1786 1 108.7234 0.04331 4.7088 1786 -0.3501 17.9879 0.14725 2.6487
1787 1 108.7409 0.04331 4.7096 1787 -0.3502 17.9937 0.14727 2.6499
1788 1 108.7583 0.04331 4.7103 1788 -0.3502 17.9995 0.14730 2.6513
1789 1 108.7758 0.04332 4.7122 1789 -0.3502 18.0052 0.14732 2.6525
1790 1 108.7933 0.04332 4.7129 1790 -0.3503 18.0110 0.14735 2.6539
1791 1 108.8108 0.04333 4.7148 1791 -0.3503 18.0168 0.14737 2.6551
1792 1 108.8282 0.04333 4.7155 1792 -0.3504 18.0225 0.14739 2.6563
1793 1 108.8457 0.04333 4.7163 1793 -0.3504 18.0283 0.14742 2.6577
1794 1 108.8632 0.04334 4.7181 1794 -0.3505 18.0341 0.14744 2.6589
1795 1 108.8806 0.04334 4.7189 1795 -0.3505 18.0398 0.14747 2.6603
1796 1 108.8981 0.04335 4.7207 1796 -0.3505 18.0456 0.14749 2.6615
1797 1 108.9155 0.04335 4.7215 1797 -0.3506 18.0513 0.14751 2.6627
1798 1 108.9329 0.04335 4.7222 1798 -0.3506 18.0571 0.14754 2.6641
1799 1 108.9504 0.04336 4.7241 1799 -0.3507 18.0629 0.14756 2.6654
1800 1 108.9678 0.04336 4.7248 1800 -0.3507 18.0686 0.14759 2.6667
1801 1 108.9852 0.04337 4.7267 1801 -0.3507 18.0744 0.14761 2.6680
1802 1 109.0026 0.04337 4.7274 1802 -0.3508 18.0801 0.14763 2.6692
1803 1 109.0200 0.04337 4.7282 1803 -0.3508 18.0859 0.14766 2.6706
1804 1 109.0374 0.04338 4.7300 1804 -0.3509 18.0916 0.14768 2.6718
1805 1 109.0548 0.04338 4.7308 1805 -0.3509 18.0974 0.14771 2.6732
1806 1 109.0722 0.04339 4.7326 1806 -0.3510 18.1031 0.14773 2.6744
1807 1 109.0896 0.04339 4.7334 1807 -0.3510 18.1089 0.14775 2.6756
1808 1 109.1070 0.04339 4.7342 1808 -0.3510 18.1146 0.14778 2.6770
1809 1 109.1244 0.04340 4.7360 1809 -0.3511 18.1204 0.14780 2.6782
1810 1 109.1417 0.04340 4.7367 1810 -0.3511 18.1261 0.14783 2.6796
1811 1 109.1591 0.04341 4.7386 1811 -0.3512 18.1319 0.14785 2.6808
1812 1 109.1764 0.04341 4.7393 1812 -0.3512 18.1376 0.14787 2.6820
1813 1 109.1938 0.04341 4.7401 1813 -0.3513 18.1434 0.14790 2.6834
1814 1 109.2112 0.04342 4.7420 1814 -0.3513 18.1491 0.14792 2.6846
1815 1 109.2285 0.04342 4.7427 1815 -0.3513 18.1548 0.14794 2.6858
1816 1 109.2458 0.04343 4.7445 1816 -0.3514 18.1606 0.14797 2.6872
1817 1 109.2632 0.04343 4.7453 1817 -0.3514 18.1663 0.14799 2.6884
1818 1 109.2805 0.04343 4.7461 1818 -0.3515 18.1720 0.14802 2.6898
1819 1 109.2978 0.04344 4.7479 1819 -0.3515 18.1778 0.14804 2.6910
1820 1 109.3151 0.04344 4.7486 1820 -0.3515 18.1835 0.14806 2.6922
1821 1 109.3324 0.04345 4.7505 1821 -0.3516 18.1892 0.14809 2.6936
1822 1 109.3498 0.04345 4.7512 1822 -0.3516 18.1950 0.14811 2.6949
1823 1 109.3671 0.04345 4.7520 1823 -0.3517 18.2007 0.14814 2.6963
1824 1 109.3844 0.04346 4.7538 1824 -0.3517 18.2064 0.14816 2.6975
1825 1 109.4016 0.04346 4.7546 1825 -0.3518 18.2122 0.14818 2.6987
1826 1 109.4189 0.04346 4.7553 1826 -0.3518 18.2179 0.14821 2.7001
1827 1 109.4362 0.04347 4.7572 1827 -0.3518 18.2236 0.14823 2.7013
1828 1 109.4535 0.04347 4.7579 1828 -0.3519 18.2293 0.14825 2.7025
1829 1 109.4708 0.04348 4.7598 1829 -0.3519 18.2350 0.14828 2.7039
1830 1 109.4880 0.04348 4.7605 1830 -0.3520 18.2408 0.14830 2.7051
1831 1 109.5053 0.04348 4.7613 1831 -0.3520 18.2465 0.14833 2.7065
1832 1 109.5225 0.04349 4.7631 1832 -0.3520 18.2522 0.14835 2.7077
1833 1 109.5398 0.04349 4.7639 1833 -0.3521 18.2579 0.14837 2.7089
1834 1 109.5570 0.04350 4.7657 1834 -0.3521 18.2636 0.14840 2.7103
1835 1 109.5743 0.04350 4.7665 1835 -0.3522 18.2693 0.14842 2.7115
LENGTH
(in cm)
WEIGHT-FOR-LENGTH
HEIGHT (in
cm)
WEIGHT-FOR-HEIGHT
DAYS
HEIGHT/LENGTH-FOR-AGE
DAYS
WEIGHT-FOR-AGE
DAYS
MUAC
L M S SD L M S SD L M S SD L M S SD L M S SD
1836 1 109.5915 0.04350 4.7672 1836 -0.3522 18.2751 0.14844 2.7128
1837 1 109.6088 0.04351 4.7691 1837 -0.3523 18.2808 0.14847 2.7142
1838 1 109.6260 0.04351 4.7698 1838 -0.3523 18.2865 0.14849 2.7154
1839 1 109.6432 0.04352 4.7717 1839 -0.3523 18.2922 0.14852 2.7168
1840 1 109.6604 0.04352 4.7724 1840 -0.3524 18.2979 0.14854 2.7180
1841 1 109.6776 0.04352 4.7732 1841 -0.3524 18.3036 0.14856 2.7192
1842 1 109.6948 0.04353 4.7750 1842 -0.3525 18.3093 0.14859 2.7206
1843 1 109.7120 0.04353 4.7758 1843 -0.3525 18.3150 0.14861 2.7218
1844 1 109.7292 0.04354 4.7776 1844 -0.3526 18.3207 0.14863 2.7230
1845 1 109.7464 0.04354 4.7784 1845 -0.3526 18.3264 0.14866 2.7244
1846 1 109.7636 0.04354 4.7791 1846 -0.3526 18.3321 0.14868 2.7256
1847 1 109.7808 0.04355 4.7810 1847 -0.3527 18.3378 0.14871 2.7270
1848 1 109.7980 0.04355 4.7817 1848 -0.3527 18.3435 0.14873 2.7282
1849 1 109.8151 0.04356 4.7835 1849 -0.3528 18.3492 0.14875 2.7294
1850 1 109.8323 0.04356 4.7843 1850 -0.3528 18.3549 0.14878 2.7308
1851 1 109.8494 0.04356 4.7850 1851 -0.3528 18.3606 0.14880 2.7321
1852 1 109.8666 0.04357 4.7869 1852 -0.3529 18.3663 0.14882 2.7333
1853 1 109.8837 0.04357 4.7876 1853 -0.3529 18.3720 0.14885 2.7347
1854 1 109.9009 0.04358 4.7895 1854 -0.3530 18.3777 0.14887 2.7359
1855 1 109.9180 0.04358 4.7902 1855 -0.3530 18.3834 0.14889 2.7371
1856 1 109.9352 0.04358 4.7910 1856 -0.3531 18.3890 0.14892 2.7385
