LENGTH
(in cm)
WEIGHT-FOR-LENGTH
HEIGHT
(in cm)
WEIGHT-FOR-HEIGHT
DAYS
HEIGHT/LENGTH-FOR-AGE
DAYS
WEIGHT-FOR-AGE
DAYS
MUAC
L M S SD L M S SD L M S SD L M S SD L M S SD
45.0 -0.3521 2.4410 0.0918 0.2241 65.0 -0.3521 7.4327 0.0822 0.6107 0 1 49.8842 0.0380 1.8931 0 0.3487 3.3464 0.1460 0.4886 91 0.3933 13.4779 0.07474 1.0073
45.1 -0.3521 2.4577 0.0918 0.2255 65.1 -0.3521 7.4563 0.0822 0.6126 1 1 50.0601 0.0379 1.8948 1 0.3127 3.3174 0.1469 0.4874 92 0.3916 13.49 0.07476 1.0085
45.2 -0.3521 2.4744 0.0917 0.2269 65.2 -0.3521 7.4799 0.0822 0.6145 2 1 50.2359 0.0378 1.8964 2 0.3029 3.3370 0.1468 0.4897 93 0.39 13.502 0.07478 1.0097
45.3 -0.3521 2.4911 0.0916 0.2283 65.3 -0.3521 7.5034 0.0822 0.6164 3 1 50.4118 0.0376 1.8975 3 0.2959 3.3627 0.1465 0.4925 94 0.3884 13.5139 0.0748 1.0108
45.4 -0.3521 2.5078 0.0916 0.2297 65.4 -0.3521 7.5269 0.0821 0.6183 4 1 50.5876 0.0375 1.8991 4 0.2903 3.3915 0.1461 0.4955 95 0.3868 13.5258 0.07481 1.0119
45.5 -0.3521 2.5244 0.0915 0.2311 65.5 -0.3521 7.5504 0.0821 0.6202 5 1 50.7635 0.0374 1.9006 5 0.2855 3.4223 0.1457 0.4987 96 0.3852 13.5375 0.07483 1.0130
45.6 -0.3521 2.5411 0.0915 0.2324 65.6 -0.3521 7.5738 0.0821 0.6221 6 1 50.9393 0.0373 1.9021 6 0.2813 3.4545 0.1453 0.5019 97 0.3836 13.5492 0.07485 1.0142
45.7 -0.3521 2.5578 0.0914 0.2338 65.7 -0.3521 7.5973 0.0821 0.6240 7 1 51.1152 0.0372 1.9030 7 0.2776 3.4879 0.1448 0.5052 98 0.3821 13.5607 0.07486 1.0152
45.8 -0.3521 2.5744 0.0914 0.2352 65.8 -0.3521 7.6206 0.0821 0.6259 8 1 51.2910 0.0371 1.9044 8 0.2742 3.5222 0.1444 0.5085 99 0.3805 13.5722 0.07488 1.0163
45.9 -0.3521 2.5911 0.0913 0.2365 65.9 -0.3521 7.6440 0.0821 0.6278 9 1 51.4669 0.0370 1.9058 9 0.2711 3.5576 0.1439 0.5119 100 0.379 13.5836 0.0749 1.0174
46.0 -0.3521 2.6077 0.0912 0.2379 66.0 -0.3521 7.6673 0.0821 0.6296 10 1 51.6427 0.0369 1.9072 10 0.2681 3.5941 0.1434 0.5154 101 0.3774 13.5949 0.07491 1.0184
46.1 -0.3521 2.6244 0.0912 0.2393 66.1 -0.3521 7.6906 0.0821 0.6316 11 1 51.8186 0.0368 1.9080 11 0.2654 3.6319 0.1429 0.5190 102 0.3759 13.6061 0.07493 1.0195
46.2 -0.3521 2.6411 0.0911 0.2407 66.2 -0.3521 7.7138 0.0821 0.6335 12 1 51.9944 0.0367 1.9092 12 0.2628 3.6710 0.1424 0.5228 103 0.3744 13.6172 0.07494 1.0205
46.3 -0.3521 2.6578 0.0911 0.2420 66.3 -0.3521 7.7370 0.0821 0.6354 13 1 52.1702 0.0366 1.9105 13 0.2604 3.7113 0.1419 0.5267 104 0.3729 13.6283 0.07496 1.0216
46.4 -0.3521 2.6745 0.0910 0.2434 66.4 -0.3521 7.7602 0.0821 0.6373 14 1 52.3461 0.0365 1.9117 14 0.2581 3.7529 0.1414 0.5307 105 0.3714 13.6392 0.07498 1.0227
46.5 -0.3521 2.6913 0.0909 0.2447 66.5 -0.3521 7.7834 0.0821 0.6392 15 1 52.4978 0.0365 1.9135 15 0.2558 3.7956 0.1409 0.5349 106 0.3699 13.6501 0.07499 1.0236
46.6 -0.3521 2.7081 0.0909 0.2461 66.6 -0.3521 7.8065 0.0821 0.6411 16 1 52.6488 0.0364 1.9159 16 0.2537 3.8389 0.1404 0.5391 107 0.3684 13.6609 0.07501 1.0247
46.7 -0.3521 2.7249 0.0908 0.2475 66.7 -0.3521 7.8296 0.0821 0.6430 17 1 52.7990 0.0363 1.9182 17 0.2517 3.8828 0.1400 0.5434 108 0.3669 13.6716 0.07502 1.0256
46.8 -0.3521 2.7417 0.0908 0.2489 66.8 -0.3521 7.8526 0.0821 0.6449 18 1 52.9483 0.0363 1.9204 18 0.2497 3.9270 0.1395 0.5477 109 0.3655 13.6822 0.07504 1.0267
46.9 -0.3521 2.7586 0.0907 0.2502 66.9 -0.3521 7.8757 0.0821 0.6468 19 1 53.0967 0.0362 1.9226 19 0.2478 3.9714 0.1390 0.5520 110 0.364 13.6927 0.07505 1.0276
47.0 -0.3521 2.7755 0.0907 0.2516 67.0 -0.3521 7.8986 0.0821 0.6487 20 1 53.2441 0.0362 1.9248 20 0.2460 4.0158 0.1385 0.5563 111 0.3626 13.7031 0.07507 1.0287
47.1 -0.3521 2.7925 0.0906 0.2530 67.1 -0.3521 7.9216 0.0821 0.6506 21 1 53.3905 0.0361 1.9269 21 0.2442 4.0603 0.1381 0.5606 112 0.3611 13.7134 0.07509 1.0297
47.2 -0.3521 2.8095 0.0905 0.2543 67.2 -0.3521 7.9445 0.0821 0.6525 22 1 53.5360 0.0360 1.9289 22 0.2425 4.1046 0.1376 0.5648 113 0.3597 13.7237 0.0751 1.0306
47.3 -0.3521 2.8266 0.0905 0.2557 67.3 -0.3521 7.9674 0.0821 0.6544 23 1 53.6805 0.0360 1.9309 23 0.2408 4.1489 0.1372 0.5690 114 0.3583 13.7339 0.07512 1.0317
47.4 -0.3521 2.8437 0.0904 0.2571 67.4 -0.3521 7.9903 0.0821 0.6563 24 1 53.8239 0.0359 1.9334 24 0.2392 4.1930 0.1367 0.5732 115 0.3569 13.7439 0.07513 1.0326
47.5 -0.3521 2.8609 0.0904 0.2585 67.5 -0.3521 8.0132 0.0821 0.6582 25 1 53.9664 0.0359 1.9352 25 0.2376 4.2369 0.1363 0.5773 116 0.3555 13.7539 0.07515 1.0336
47.6 -0.3521 2.8782 0.0903 0.2599 67.6 -0.3521 8.0360 0.0822 0.6602 26 1 54.1079 0.0358 1.9376 26 0.2361 4.2806 0.1358 0.5814 117 0.3541 13.7638 0.07516 1.0345
47.7 -0.3521 2.8955 0.0902 0.2613 67.7 -0.3521 8.0588 0.0822 0.6620 27 1 54.2485 0.0358 1.9394 27 0.2346 4.3240 0.1354 0.5854 118 0.3527 13.7736 0.07518 1.0355
47.8 -0.3521 2.9129 0.0902 0.2627 67.8 -0.3521 8.0816 0.0822 0.6640 28 1 54.3881 0.0357 1.9417 28 0.2331 4.3671 0.1350 0.5894 119 0.3513 13.7834 0.07519 1.0364
47.9 -0.3521 2.9304 0.0901 0.2641 67.9 -0.3521 8.1044 0.0822 0.6659 29 1 54.5268 0.0357 1.9439 29 0.2317 4.4100 0.1346 0.5934 120 0.3499 13.793 0.07521 1.0374
48.0 -0.3521 2.9480 0.0901 0.2655 68.0 -0.3521 8.1272 0.0822 0.6678 30 1 54.6645 0.0356 1.9455 30 0.2303 4.4525 0.1341 0.5972 121 0.3485 13.8026 0.07522 1.0382
48.1 -0.3521 2.9657 0.0900 0.2669 68.1 -0.3521 8.1500 0.0822 0.6698 31 1 54.8012 0.0355 1.9476 31 0.2290 4.4946 0.1337 0.6010 122 0.3472 13.812 0.07524 1.0392
48.2 -0.3521 2.9835 0.0900 0.2684 68.2 -0.3521 8.1727 0.0822 0.6717 32 1 54.9368 0.0355 1.9497 32 0.2276 4.5363 0.1333 0.6048 123 0.3458 13.8214 0.07525 1.0401
48.3 -0.3521 3.0014 0.0899 0.2698 68.3 -0.3521 8.1955 0.0822 0.6736 33 1 55.0714 0.0354 1.9517 33 0.2263 4.5776 0.1329 0.6085 124 0.3445 13.8307 0.07527 1.0410
48.4 -0.3521 3.0195 0.0898 0.2712 68.4 -0.3521 8.2183 0.0822 0.6755 34 1 55.2049 0.0354 1.9537 34 0.2250 4.6185 0.1325 0.6121 125 0.3432 13.8399 0.07528 1.0419
48.5 -0.3521 3.0377 0.0898 0.2727 68.5 -0.3521 8.2410 0.0822 0.6775 35 1 55.3374 0.0353 1.9556 35 0.2237 4.6590 0.1322 0.6157 126 0.3418 13.849 0.0753 1.0428
48.6 -0.3521 3.0560 0.0897 0.2742 68.6 -0.3521 8.2638 0.0822 0.6794 36 1 55.4688 0.0353 1.9575 36 0.2225 4.6990 0.1318 0.6192 127 0.3405 13.8581 0.07531 1.0437
48.7 -0.3521 3.0745 0.0897 0.2757 68.7 -0.3521 8.2865 0.0822 0.6814 37 1 55.5992 0.0352 1.9593 37 0.2213 4.7386 0.1314 0.6226 128 0.3392 13.867 0.07532 1.0445
48.8 -0.3521 3.0931 0.0896 0.2771 68.8 -0.3521 8.3092 0.0822 0.6833 38 1 55.7285 0.0352 1.9616 38 0.2201 4.7778 0.1310 0.6260 129 0.3379 13.8759 0.07534 1.0454
48.9 -0.3521 3.1119 0.0895 0.2786 68.9 -0.3521 8.3320 0.0823 0.6853 39 1 55.8568 0.0352 1.9634 39 0.2189 4.8166 0.1307 0.6293 130 0.3366 13.8847 0.07535 1.0462
49.0 -0.3521 3.1308 0.0895 0.2801 69.0 -0.3521 8.3547 0.0823 0.6873 40 1 55.9841 0.0351 1.9650 40 0.2178 4.8549 0.1303 0.6326 131 0.3353 13.8934 0.07537 1.0471
49.1 -0.3521 3.1499 0.0894 0.2817 69.1 -0.3521 8.3774 0.0823 0.6892 41 1 56.1104 0.0351 1.9672 41 0.2166 4.8928 0.1299 0.6358 132 0.334 13.902 0.07538 1.0479
49.2 -0.3521 3.1691 0.0894 0.2832 69.2 -0.3521 8.4001 0.0823 0.6912 42 1 56.2357 0.0350 1.9688 42 0.2155 4.9303 0.1296 0.6390 133 0.3327 13.9105 0.0754 1.0489
49.3 -0.3521 3.1884 0.0893 0.2848 69.3 -0.3521 8.4227 0.0823 0.6931 43 1 56.3599 0.0350 1.9703 43 0.2144 4.9674 0.1293 0.6420 134 0.3314 13.919 0.07541 1.0496
49.4 -0.3521 3.2079 0.0893 0.2863 69.4 -0.3521 8.4454 0.0823 0.6951 44 1 56.4833 0.0349 1.9724 44 0.2133 5.0041 0.1289 0.6451 135 0.3301 13.9273 0.07542 1.0504
49.5 -0.3521 3.2276 0.0892 0.2879 69.5 -0.3521 8.4680 0.0823 0.6970 45 1 56.6056 0.0349 1.9744 45 0.2122 5.0404 0.1286 0.6481 136 0.3289 13.9356 0.07544 1.0513
49.6 -0.3521 3.2473 0.0891 0.2894 69.6 -0.3521 8.4906 0.0823 0.6989 46 1 56.7269 0.0348 1.9758 46 0.2112 5.0763 0.1283 0.6510 137 0.3276 13.9438 0.07545 1.0521
49.7 -0.3521 3.2672 0.0891 0.2910 69.7 -0.3521 8.5132 0.0823 0.7009 47 1 56.8472 0.0348 1.9777 47 0.2101 5.1118 0.1279 0.6539 138 0.3264 13.9519 0.07547 1.0529
49.8 -0.3521 3.2873 0.0890 0.2926 69.8 -0.3521 8.5358 0.0824 0.7029 48 1 56.9666 0.0348 1.9796 48 0.2091 5.1469 0.1276 0.6567 139 0.3251 13.96 0.07548 1.0537
LENGTH
(in cm)
WEIGHT-FOR-LENGTH
HEIGHT
(in cm)
WEIGHT-FOR-HEIGHT
DAYS
HEIGHT/LENGTH-FOR-AGE
DAYS
WEIGHT-FOR-AGE
DAYS
MUAC
L M S SD L M S SD L M S SD L M S SD L M S SD
49.9 -0.3521 3.3075 0.0890 0.2942 69.9 -0.3521 8.5583 0.0824 0.7049 49 1 57.0851 0.0347 1.9809 49 0.2081 5.1817 0.1273 0.6596 140 0.3239 13.9679 0.07549 1.0544
50.0 -0.3521 3.3278 0.0889 0.2958 70.0 -0.3521 8.5808 0.0824 0.7068 50 1 57.2026 0.0347 1.9826 50 0.2071 5.2161 0.1270 0.6623 141 0.3226 13.9758 0.07551 1.0553
50.1 -0.3521 3.3482 0.0888 0.2975 70.1 -0.3521 8.6032 0.0824 0.7087 51 1 57.3192 0.0346 1.9844 51 0.2061 5.2501 0.1267 0.6650 142 0.3214 13.9836 0.07552 1.0560
50.2 -0.3521 3.3688 0.0888 0.2991 70.2 -0.3521 8.6257 0.0824 0.7108 52 1 57.4349 0.0346 1.9861 52 0.2052 5.2837 0.1264 0.6677 143 0.3202 13.9913 0.07553 1.0568
50.3 -0.3521 3.3894 0.0887 0.3007 70.3 -0.3521 8.6480 0.0824 0.7127 53 1 57.5497 0.0345 1.9878 53 0.2042 5.3171 0.1261 0.6703 144 0.319 13.9989 0.07555 1.0576
50.4 -0.3521 3.4102 0.0887 0.3024 70.4 -0.3521 8.6704 0.0824 0.7146 54 1 57.6637 0.0345 1.9894 54 0.2032 5.3500 0.1258 0.6729 145 0.3177 14.0065 0.07556 1.0583
50.5 -0.3521 3.4311 0.0886 0.3040 70.5 -0.3521 8.6927 0.0824 0.7165 55 1 57.7767 0.0345 1.9910 55 0.2023 5.3826 0.1255 0.6754 146 0.3165 14.014 0.07557 1.0590
50.6 -0.3521 3.4522 0.0886 0.3057 70.6 -0.3521 8.7150 0.0825 0.7186 56 1 57.8889 0.0344 1.9925 56 0.2014 5.4149 0.1252 0.6779 147 0.3153 14.0214 0.07559 1.0599
50.7 -0.3521 3.4733 0.0885 0.3074 70.7 -0.3521 8.7372 0.0825 0.7205 57 1 58.0003 0.0344 1.9941 57 0.2005 5.4468 0.1249 0.6804 148 0.3141 14.0287 0.0756 1.0606
50.8 -0.3521 3.4946 0.0884 0.3090 70.8 -0.3521 8.7594 0.0825 0.7225 58 1 58.1109 0.0343 1.9955 58 0.1996 5.4784 0.1246 0.6828 149 0.3129 14.0359 0.07561 1.0613
50.9 -0.3521 3.5161 0.0884 0.3107 70.9 -0.3521 8.7815 0.0825 0.7244 59 1 58.2207 0.0343 1.9976 59 0.1987 5.5097 0.1244 0.6852 150 0.3117 14.0431 0.07563 1.0621
51.0 -0.3521 3.5376 0.0883 0.3124 71.0 -0.3521 8.8036 0.0825 0.7263 60 1 58.3299 0.0343 1.9990 60 0.1978 5.5407 0.1241 0.6875 151 0.3106 14.0502 0.07564 1.0628
51.1 -0.3521 3.5593 0.0883 0.3141 71.1 -0.3521 8.8257 0.0825 0.7283 61 1 58.4384 0.0342 2.0003 61 0.1969 5.5714 0.1238 0.6899 152 0.3094 14.0572 0.07565 1.0634
51.2 -0.3521 3.5812 0.0882 0.3158 71.2 -0.3521 8.8477 0.0825 0.7302 62 1 58.5463 0.0342 2.0023 62 0.1960 5.6018 0.1236 0.6922 153 0.3082 14.0642 0.07567 1.0642
51.3 -0.3521 3.6032 0.0881 0.3176 71.3 -0.3521 8.8697 0.0825 0.7321 63 1 58.6536 0.0342 2.0036 63 0.1952 5.6319 0.1233 0.6944 154 0.307 14.071 0.07568 1.0649
51.4 -0.3521 3.6254 0.0881 0.3193 71.4 -0.3521 8.8916 0.0826 0.7341 64 1 58.7603 0.0341 2.0049 64 0.1943 5.6617 0.1230 0.6966 155 0.3059 14.0778 0.07569 1.0655
51.5 -0.3521 3.6477 0.0880 0.3210 71.5 -0.3521 8.9135 0.0826 0.7360 65 1 58.8664 0.0341 2.0068 65 0.1935 5.6912 0.1228 0.6988 156 0.3047 14.0845 0.0757 1.0662
51.6 -0.3521 3.6702 0.0880 0.3228 71.6 -0.3521 8.9353 0.0826 0.7380 66 1 58.9718 0.0341 2.0080 66 0.1926 5.7205 0.1225 0.7010 157 0.3036 14.0912 0.07572 1.0670
51.7 -0.3521 3.6929 0.0879 0.3246 71.7 -0.3521 8.9571 0.0826 0.7399 67 1 59.0766 0.0340 2.0098 67 0.1918 5.7494 0.1223 0.7031 158 0.3024 14.0977 0.07573 1.0676
51.8 -0.3521 3.7157 0.0878 0.3263 71.8 -0.3521 8.9788 0.0826 0.7418 68 1 59.1808 0.0340 2.0110 68 0.1910 5.7781 0.1221 0.7052 159 0.3013 14.1042 0.07574 1.0683
51.9 -0.3521 3.7388 0.0878 0.3282 71.9 -0.3521 9.0005 0.0826 0.7437 69 1 59.2843 0.0340 2.0127 69 0.1902 5.8065 0.1218 0.7073 160 0.3001 14.1107 0.07575 1.0689
52.0 -0.3521 3.7620 0.0877 0.3300 72.0 -0.3521 9.0221 0.0826 0.7456 70 1 59.3872 0.0339 2.0144 70 0.1894 5.8346 0.1216 0.7093 161 0.299 14.117 0.07577 1.0696
52.1 -0.3521 3.7855 0.0877 0.3318 72.1 -0.3521 9.0436 0.0827 0.7475 71 1 59.4894 0.0339 2.0155 71 0.1886 5.8625 0.1213 0.7114 162 0.2979 14.1233 0.07578 1.0703
52.2 -0.3521 3.8092 0.0876 0.3336 72.2 -0.3521 9.0651 0.0827 0.7494 72 1 59.5910 0.0339 2.0172 72 0.1878 5.8901 0.1211 0.7134 163 0.2967 14.1295 0.07579 1.0709
52.3 -0.3521 3.8330 0.0875 0.3355 72.3 -0.3521 9.0865 0.0827 0.7514 73 1 59.6920 0.0338 2.0188 73 0.1870 5.9174 0.1209 0.7153 164 0.2956 14.1357 0.0758 1.0715
52.4 -0.3521 3.8571 0.0875 0.3374 72.4 -0.3521 9.1079 0.0827 0.7532 74 1 59.7923 0.0338 2.0204 74 0.1863 5.9445 0.1207 0.7173 165 0.2945 14.1418 0.07581 1.0721
52.5 -0.3521 3.8814 0.0874 0.3393 72.5 -0.3521 9.1292 0.0827 0.7552 75 1 59.8920 0.0338 2.0214 75 0.1855 5.9713 0.1204 0.7192 166 0.2934 14.1478 0.07583 1.0728
52.6 -0.3521 3.9059 0.0874 0.3412 72.6 -0.3521 9.1504 0.0827 0.7570 76 1 59.9910 0.0337 2.0229 76 0.1847 5.9979 0.1202 0.7211 167 0.2923 14.1538 0.07584 1.0734
52.7 -0.3521 3.9306 0.0873 0.3431 72.7 -0.3521 9.1716 0.0827 0.7589 77 1 60.0894 0.0337 2.0244 77 0.1840 6.0242 0.1200 0.7230 168 0.2912 14.1597 0.07585 1.0740
52.8 -0.3521 3.9555 0.0872 0.3450 72.8 -0.3521 9.1927 0.0828 0.7608 78 1 60.1872 0.0337 2.0259 78 0.1832 6.0503 0.1198 0.7248 169 0.2901 14.1655 0.07586 1.0746
52.9 -0.3521 3.9806 0.0872 0.3470 72.9 -0.3521 9.2137 0.0828 0.7626 79 1 60.2843 0.0336 2.0274 79 0.1825 6.0762 0.1196 0.7267 170 0.289 14.1713 0.07587 1.0752
53.0 -0.3521 4.0060 0.0871 0.3490 73.0 -0.3521 9.2347 0.0828 0.7644 80 1 60.3808 0.0336 2.0288 80 0.1818 6.1018 0.1194 0.7285 171 0.2879 14.177 0.07588 1.0758
53.1 -0.3521 4.0315 0.0871 0.3509 73.1 -0.3521 9.2557 0.0828 0.7664 81 1 60.4767 0.0336 2.0302 81 0.1810 6.1272 0.1192 0.7302 172 0.2868 14.1826 0.07589 1.0763
53.2 -0.3521 4.0572 0.0870 0.3529 73.2 -0.3521 9.2766 0.0828 0.7682 82 1 60.5719 0.0335 2.0316 82 0.1803 6.1523 0.1190 0.7321 173 0.2857 14.1882 0.07591 1.0770
53.3 -0.3521 4.0831 0.0869 0.3549 73.3 -0.3521 9.2974 0.0828 0.7701 83 1 60.6665 0.0335 2.0329 83 0.1796 6.1772 0.1188 0.7338 174 0.2847 14.1937 0.07592 1.0776
53.4 -0.3521 4.1092 0.0869 0.3570 73.4 -0.3521 9.3182 0.0828 0.7719 84 1 60.7605 0.0335 2.0343 84 0.1789 6.2019 0.1186 0.7355 175 0.2836 14.1992 0.07593 1.0781
53.5 -0.3521 4.1354 0.0868 0.3590 73.5 -0.3521 9.3390 0.0829 0.7737 85 1 60.8539 0.0335 2.0356 85 0.1782 6.2264 0.1184 0.7373 176 0.2825 14.2046 0.07594 1.0787
53.6 -0.3521 4.1619 0.0868 0.3610 73.6 -0.3521 9.3597 0.0829 0.7756 86 1 60.9466 0.0334 2.0368 86 0.1775 6.2507 0.1182 0.7390 177 0.2814 14.2099 0.07595 1.0792
53.7 -0.3521 4.1885 0.0867 0.3631 73.7 -0.3521 9.3803 0.0829 0.7774 87 1 61.0388 0.0334 2.0387 87 0.1768 6.2748 0.1180 0.7406 178 0.2804 14.2152 0.07596 1.0798
53.8 -0.3521 4.2153 0.0866 0.3652 73.8 -0.3521 9.4010 0.0829 0.7792 88 1 61.1303 0.0334 2.0399 88 0.1761 6.2986 0.1179 0.7423 179 0.2793 14.2205 0.07597 1.0803
53.9 -0.3521 4.2422 0.0866 0.3672 73.9 -0.3521 9.4215 0.0829 0.7810 89 1 61.2212 0.0333 2.0411 89 0.1754 6.3223 0.1177 0.7439 180 0.2783 14.2256 0.07598 1.0809
54.0 -0.3521 4.2693 0.0865 0.3693 74.0 -0.3521 9.4420 0.0829 0.7829 90 1 61.3115 0.0333 2.0423 90 0.1747 6.3457 0.1175 0.7456 181 0.2772 14.2307 0.07599 1.0814
54.1 -0.3521 4.2965 0.0865 0.3714 74.1 -0.3521 9.4625 0.0829 0.7847 91 1 61.4013 0.0333 2.0440 91 0.1740 6.3690 0.1173 0.7472 182 0.2762 14.2358 0.076 1.0819
54.2 -0.3521 4.3239 0.0864 0.3735 74.2 -0.3521 9.4829 0.0829 0.7865 92 1 61.4904 0.0333 2.0452 92 0.1734 6.3921 0.1172 0.7488 183 0.2751 14.2408 0.07601 1.0824
54.3 -0.3521 4.3513 0.0863 0.3756 74.3 -0.3521 9.5032 0.0830 0.7883 93 1 61.5790 0.0332 2.0463 93 0.1727 6.4149 0.1170 0.7504 184 0.2741 14.2458 0.07603 1.0831
54.4 -0.3521 4.3789 0.0863 0.3778 74.4 -0.3521 9.5235 0.0830 0.7902 94 1 61.6670 0.0332 2.0480 94 0.1720 6.4376 0.1168 0.7520 185 0.273 14.2507 0.07604 1.0836
54.5 -0.3521 4.4066 0.0862 0.3799 74.5 -0.3521 9.5438 0.0830 0.7919 95 1 61.7543 0.0332 2.0490 95 0.1714 6.4601 0.1167 0.7536 186 0.272 14.2555 0.07605 1.0841
54.6 -0.3521 4.4344 0.0862 0.3820 74.6 -0.3521 9.5639 0.0830 0.7937 96 1 61.8411 0.0332 2.0507 96 0.1707 6.4824 0.1165 0.7551 187 0.271 14.2603 0.07606 1.0846
54.7 -0.3521 4.4623 0.0861 0.3842 74.7 -0.3521 9.5841 0.0830 0.7955 97 1 61.9274 0.0331 2.0517 97 0.1701 6.5046 0.1163 0.7567 188 0.27 14.265 0.07607 1.0851
LENGTH
(in cm)
WEIGHT-FOR-LENGTH
HEIGHT
(in cm)
WEIGHT-FOR-HEIGHT
DAYS
HEIGHT/LENGTH-FOR-AGE
DAYS
WEIGHT-FOR-AGE
DAYS
MUAC
L M S SD L M S SD L M S SD L M S SD L M S SD
54.8 -0.3521 4.4903 0.0860 0.3863 74.8 -0.3521 9.6041 0.0830 0.7972 98 1 62.0130 0.0331 2.0533 98 0.1694 6.5265 0.1162 0.7582 189 0.2689 14.2697 0.07608 1.0856
54.9 -0.3521 4.5185 0.0860 0.3885 74.9 -0.3521 9.6241 0.0830 0.7990 99 1 62.0981 0.0331 2.0542 99 0.1688 6.5483 0.1160 0.7598 190 0.2679 14.2743 0.07609 1.0861
55.0 -0.3521 4.5467 0.0859 0.3907 75.0 -0.3521 9.6440 0.0830 0.8007 100 1 62.1826 0.0331 2.0558 100 0.1682 6.5699 0.1159 0.7613 191 0.2669 14.2789 0.0761 1.0866
55.1 -0.3521 4.5750 0.0859 0.3928 75.1 -0.3521 9.6639 0.0831 0.8026 101 1 62.2665 0.0330 2.0567 101 0.1675 6.5914 0.1157 0.7628 192 0.2659 14.2834 0.07611 1.0871
55.2 -0.3521 4.6034 0.0858 0.3950 75.2 -0.3521 9.6836 0.0831 0.8043 102 1 62.3499 0.0330 2.0582 102 0.1669 6.6126 0.1156 0.7643 193 0.2649 14.2879 0.07612 1.0876
55.3 -0.3521 4.6319 0.0858 0.3972 75.3 -0.3521 9.7033 0.0831 0.8061 103 1 62.4327 0.0330 2.0590 103 0.1663 6.6338 0.1154 0.7658 194 0.2639 14.2923 0.07613 1.0881
55.4 -0.3521 4.6605 0.0857 0.3994 75.4 -0.3521 9.7230 0.0831 0.8077 104 1 62.5149 0.0330 2.0605 104 0.1657 6.6547 0.1153 0.7673 195 0.2629 14.2967 0.07613 1.0884
55.5 -0.3521 4.6892 0.0856 0.4015 75.5 -0.3521 9.7425 0.0831 0.8094 105 1 62.5966 0.0329 2.0619 105 0.1651 6.6755 0.1152 0.7688 196 0.2619 14.3011 0.07614 1.0889
55.6 -0.3521 4.7180 0.0856 0.4038 75.6 -0.3521 9.7620 0.0831 0.8111 106 1 62.6778 0.0329 2.0627 106 0.1644 6.6962 0.1150 0.7702 197 0.2609 14.3053 0.07615 1.0893
55.7 -0.3521 4.7469 0.0855 0.4060 75.7 -0.3521 9.7814 0.0831 0.8128 107 1 62.7584 0.0329 2.0641 107 0.1638 6.7166 0.1149 0.7717 198 0.2599 14.3096 0.07616 1.0898
55.8 -0.3521 4.7758 0.0855 0.4081 75.8 -0.3521 9.8007 0.0831 0.8145 108 1 62.8384 0.0329 2.0655 108 0.1632 6.7370 0.1148 0.7731 199 0.2589 14.3137 0.07617 1.0903
55.9 -0.3521 4.8048 0.0854 0.4104 75.9 -0.3521 9.8200 0.0831 0.8162 109 1 62.9180 0.0328 2.0662 109 0.1626 6.7572 0.1146 0.7746 200 0.2579 14.3179 0.07618 1.0907
56.0 -0.3521 4.8338 0.0854 0.4126 76.0 -0.3521 9.8392 0.0831 0.8178 110 1 62.9969 0.0328 2.0676 110 0.1620 6.7772 0.1145 0.7760 201 0.2569 14.322 0.07619 1.0912
56.1 -0.3521 4.8629 0.0853 0.4148 76.1 -0.3521 9.8583 0.0831 0.8195 111 1 63.0754 0.0328 2.0689 111 0.1614 6.7971 0.1144 0.7775 202 0.256 14.326 0.0762 1.0916
56.2 -0.3521 4.8920 0.0852 0.4170 76.2 -0.3521 9.8773 0.0831 0.8212 112 1 63.1533 0.0328 2.0702 112 0.1609 6.8168 0.1143 0.7788 203 0.255 14.33 0.07621 1.0921
56.3 -0.3521 4.9212 0.0852 0.4192 76.3 -0.3521 9.8963 0.0831 0.8228 113 1 63.2307 0.0328 2.0714 113 0.1603 6.8365 0.1141 0.7802 204 0.254 14.334 0.07622 1.0925
56.4 -0.3521 4.9504 0.0851 0.4214 76.4 -0.3521 9.9152 0.0832 0.8244 114 1 63.3076 0.0327 2.0721 114 0.1597 6.8559 0.1140 0.7816 205 0.253 14.3379 0.07623 1.0930
56.5 -0.3521 4.9796 0.0851 0.4236 76.5 -0.3521 9.9341 0.0832 0.8260 115 1 63.3839 0.0327 2.0733 115 0.1591 6.8753 0.1139 0.7831 206 0.2521 14.3417 0.07623 1.0933
56.6 -0.3521 5.0088 0.0850 0.4258 76.6 -0.3521 9.9528 0.0832 0.8277 116 1 63.4598 0.0327 2.0745 116 0.1585 6.8945 0.1138 0.7845 207 0.2511 14.3456 0.07624 1.0937
56.7 -0.3521 5.0381 0.0850 0.4281 76.7 -0.3521 9.9716 0.0832 0.8292 117 1 63.5351 0.0327 2.0757 117 0.1580 6.9135 0.1137 0.7859 208 0.2502 14.3493 0.07625 1.0941
56.8 -0.3521 5.0673 0.0849 0.4303 76.8 -0.3521 9.9902 0.0832 0.8309 118 1 63.6099 0.0327 2.0769 118 0.1574 6.9325 0.1136 0.7873 209 0.2492 14.3531 0.07626 1.0946
56.9 -0.3521 5.0966 0.0849 0.4325 76.9 -0.3521 10.0088 0.0832 0.8324 119 1 63.6842 0.0326 2.0780 119 0.1568 6.9513 0.1135 0.7886 210 0.2482 14.3568 0.07627 1.0950
57.0 -0.3521 5.1259 0.0848 0.4347 77.0 -0.3521 10.0274 0.0832 0.8340 120 1 63.7580 0.0326 2.0791 120 0.1563 6.9699 0.1133 0.7900 211 0.2473 14.3604 0.07628 1.0954
57.1 -0.3521 5.1551 0.0848 0.4369 77.1 -0.3521 10.0459 0.0832 0.8356 121 1 63.8313 0.0326 2.0803 121 0.1557 6.9885 0.1132 0.7914 212 0.2463 14.364 0.07628 1.0957
57.2 -0.3521 5.1844 0.0847 0.4391 77.2 -0.3521 10.0643 0.0832 0.8371 122 1 63.9041 0.0326 2.0814 122 0.1551 7.0069 0.1131 0.7927 213 0.2454 14.3676 0.07629 1.0961
57.3 -0.3521 5.2137 0.0847 0.4413 77.3 -0.3521 10.0827 0.0832 0.8387 123 1 63.9765 0.0326 2.0824 123 0.1546 7.0252 0.1130 0.7941 214 0.2445 14.3711 0.0763 1.0965
57.4 -0.3521 5.2429 0.0846 0.4435 77.4 -0.3521 10.1011 0.0832 0.8402 124 1 64.0483 0.0325 2.0835 124 0.1540 7.0434 0.1129 0.7954 215 0.2435 14.3746 0.07631 1.0969
57.5 -0.3521 5.2721 0.0846 0.4458 77.5 -0.3521 10.1194 0.0832 0.8417 125 1 64.1197 0.0325 2.0845 125 0.1535 7.0615 0.1128 0.7967 216 0.2426 14.3781 0.07632 1.0973
57.6 -0.3521 5.3014 0.0845 0.4479 77.6 -0.3521 10.1377 0.0832 0.8433 126 1 64.1906 0.0325 2.0856 126 0.1529 7.0794 0.1127 0.7981 217 0.2417 14.3815 0.07632 1.0976
57.7 -0.3521 5.3306 0.0844 0.4501 77.7 -0.3521 10.1559 0.0832 0.8448 127 1 64.2610 0.0325 2.0866 127 0.1524 7.0972 0.1127 0.7995 218 0.2407 14.3849 0.07633 1.0980
57.8 -0.3521 5.3598 0.0844 0.4523 77.8 -0.3521 10.1741 0.0832 0.8463 128 1 64.3310 0.0325 2.0875 128 0.1519 7.1149 0.1126 0.8008 219 0.2398 14.3882 0.07634 1.0984
57.9 -0.3521 5.3889 0.0843 0.4545 77.9 -0.3521 10.1923 0.0832 0.8477 129 1 64.4006 0.0324 2.0885 129 0.1513 7.1325 0.1125 0.8021 220 0.2389 14.3915 0.07635 1.0988
58.0 -0.3521 5.4180 0.0843 0.4567 78.0 -0.3521 10.2105 0.0832 0.8492 130 1 64.4697 0.0324 2.0895 130 0.1508 7.1500 0.1124 0.8034 221 0.2379 14.3947 0.07635 1.0990
58.1 -0.3521 5.4471 0.0843 0.4589 78.1 -0.3521 10.2286 0.0832 0.8507 131 1 64.5383 0.0324 2.0904 131 0.1502 7.1674 0.1123 0.8048 222 0.237 14.398 0.07636 1.0994
58.2 -0.3521 5.4762 0.0842 0.4611 78.2 -0.3521 10.2468 0.0832 0.8521 132 1 64.6066 0.0324 2.0920 132 0.1497 7.1846 0.1122 0.8061 223 0.2361 14.4012 0.07637 1.0998
58.3 -0.3521 5.5053 0.0842 0.4633 78.3 -0.3521 10.2649 0.0832 0.8536 133 1 64.6744 0.0324 2.0929 133 0.1492 7.2018 0.1121 0.8075 224 0.2352 14.4043 0.07638 1.1002
58.4 -0.3521 5.5343 0.0841 0.4654 78.4 -0.3521 10.2831 0.0832 0.8550 134 1 64.7418 0.0323 2.0937 134 0.1487 7.2188 0.1120 0.8088 225 0.2343 14.4074 0.07638 1.1004
58.5 -0.3521 5.5632 0.0841 0.4676 78.5 -0.3521 10.3012 0.0832 0.8565 135 1 64.8088 0.0323 2.0946 135 0.1481 7.2357 0.1120 0.8101 226 0.2334 14.4105 0.07639 1.1008
58.6 -0.3521 5.5922 0.0840 0.4698 78.6 -0.3521 10.3194 0.0831 0.8580 136 1 64.8755 0.0323 2.0955 136 0.1476 7.2525 0.1119 0.8114 227 0.2325 14.4135 0.0764 1.1012
58.7 -0.3521 5.6210 0.0840 0.4720 78.7 -0.3521 10.3376 0.0831 0.8594 137 1 64.9417 0.0323 2.0970 137 0.1471 7.2692 0.1118 0.8127 228 0.2316 14.4165 0.0764 1.1014
58.8 -0.3521 5.6499 0.0839 0.4741 78.8 -0.3521 10.3558 0.0831 0.8609 138 1 65.0075 0.0323 2.0978 138 0.1466 7.2858 0.1117 0.8140 229 0.2307 14.4195 0.07641 1.1018
58.9 -0.3521 5.6787 0.0839 0.4763 78.9 -0.3521 10.3741 0.0831 0.8623 139 1 65.0730 0.0323 2.0986 139 0.1461 7.3023 0.1117 0.8153 230 0.2298 14.4225 0.07642 1.1022
59.0 -0.3521 5.7074 0.0838 0.4785 79.0 -0.3521 10.3923 0.0831 0.8637 140 1 65.1380 0.0322 2.0994 140 0.1456 7.3187 0.1116 0.8166 231 0.2289 14.4254 0.07642 1.1024
59.1 -0.3521 5.7361 0.0838 0.4806 79.1 -0.3521 10.4107 0.0831 0.8651 141 1 65.2027 0.0322 2.1008 141 0.1451 7.3350 0.1115 0.8179 232 0.228 14.4282 0.07643 1.1027
59.2 -0.3521 5.7647 0.0838 0.4828 79.2 -0.3521 10.4291 0.0831 0.8666 142 1 65.2671 0.0322 2.1016 142 0.1446 7.3512 0.1114 0.8191 233 0.2271 14.4311 0.07644 1.1031
59.3 -0.3521 5.7933 0.0837 0.4849 79.3 -0.3521 10.4475 0.0831 0.8680 143 1 65.3310 0.0322 2.1024 143 0.1441 7.3673 0.1114 0.8205 234 0.2262 14.4339 0.07644 1.1033
59.4 -0.3521 5.8217 0.0837 0.4870 79.4 -0.3521 10.4660 0.0831 0.8694 144 1 65.3946 0.0322 2.1037 144 0.1436 7.3833 0.1113 0.8218 235 0.2253 14.4367 0.07645 1.1037
59.5 -0.3521 5.8501 0.0836 0.4892 79.5 -0.3521 10.4845 0.0831 0.8707 145 1 65.4579 0.0322 2.1045 145 0.1431 7.3992 0.1112 0.8230 236 0.2244 14.4394 0.07646 1.1040
59.6 -0.3521 5.8784 0.0836 0.4913 79.6 -0.3521 10.5031 0.0830 0.8722 146 1 65.5208 0.0321 2.1058 146 0.1426 7.4150 0.1112 0.8243 237 0.2235 14.4421 0.07646 1.1042
LENGTH
(in cm)
WEIGHT-FOR-LENGTH
HEIGHT
(in cm)
WEIGHT-FOR-HEIGHT
DAYS
HEIGHT/LENGTH-FOR-AGE
DAYS
WEIGHT-FOR-AGE
DAYS
MUAC
L M S SD L M S SD L M S SD L M S SD L M S SD
59.7 -0.3521 5.9067 0.0835 0.4934 79.7 -0.3521 10.5217 0.0830 0.8736 147 1 65.5834 0.0321 2.1065 147 0.1421 7.4307 0.1111 0.8256 238 0.2227 14.4448 0.07647 1.1046
59.8 -0.3521 5.9348 0.0835 0.4956 79.8 -0.3521 10.5405 0.0830 0.8750 148 1 65.6456 0.0321 2.1072 148 0.1416 7.4463 0.1110 0.8268 239 0.2218 14.4475 0.07647 1.1048
59.9 -0.3521 5.9628 0.0835 0.4977 79.9 -0.3521 10.5592 0.0830 0.8764 149 1 65.7075 0.0321 2.1086 149 0.1411 7.4618 0.1110 0.8281 240 0.2209 14.4501 0.07648 1.1051
60.0 -0.3521 5.9907 0.0834 0.4997 80.0 -0.3521 10.5781 0.0830 0.8778 150 1 65.7690 0.0321 2.1092 150 0.1406 7.4772 0.1109 0.8294 241 0.22 14.4527 0.07649 1.1055
60.1 -0.3521 6.0185 0.0834 0.5019 80.1 -0.3521 10.5970 0.0830 0.8792 151 1 65.8303 0.0321 2.1105 151 0.1401 7.4925 0.1109 0.8307 242 0.2192 14.4553 0.07649 1.1057
60.2 -0.3521 6.0461 0.0834 0.5039 80.2 -0.3521 10.6161 0.0830 0.8806 152 1 65.8912 0.0320 2.1112 152 0.1396 7.5077 0.1108 0.8319 243 0.2183 14.4578 0.0765 1.1060
60.3 -0.3521 6.0737 0.0833 0.5060 80.3 -0.3521 10.6352 0.0829 0.8820 153 1 65.9518 0.0320 2.1124 153 0.1391 7.5228 0.1108 0.8332 244 0.2174 14.4604 0.0765 1.1062
60.4 -0.3521 6.1011 0.0833 0.5081 80.4 -0.3521 10.6544 0.0829 0.8834 154 1 66.0121 0.0320 2.1130 154 0.1387 7.5379 0.1107 0.8344 245 0.2166 14.4628 0.07651 1.1065
60.5 -0.3521 6.1284 0.0832 0.5101 80.5 -0.3521 10.6737 0.0829 0.8848 155 1 66.0721 0.0320 2.1143 155 0.1382 7.5528 0.1107 0.8357 246 0.2157 14.4653 0.07652 1.1069
60.6 -0.3521 6.1556 0.0832 0.5122 80.6 -0.3521 10.6931 0.0829 0.8862 156 1 66.1317 0.0320 2.1149 156 0.1377 7.5677 0.1106 0.8369 247 0.2148 14.4677 0.07652 1.1071
60.7 -0.3521 6.1827 0.0832 0.5142 80.7 -0.3521 10.7126 0.0829 0.8876 157 1 66.1911 0.0320 2.1161 157 0.1372 7.5824 0.1105 0.8382 248 0.214 14.4702 0.07653 1.1074
60.8 -0.3521 6.2096 0.0831 0.5163 80.8 -0.3521 10.7322 0.0828 0.8891 158 1 66.2502 0.0320 2.1174 158 0.1368 7.5971 0.1105 0.8394 249 0.2131 14.4725 0.07653 1.1076
60.9 -0.3521 6.2365 0.0831 0.5183 80.9 -0.3521 10.7520 0.0828 0.8905 159 1 66.3089 0.0319 2.1179 159 0.1363 7.6117 0.1104 0.8406 250 0.2123 14.4749 0.07654 1.1079
61.0 -0.3521 6.2632 0.0831 0.5203 81.0 -0.3521 10.7718 0.0828 0.8918 160 1 66.3674 0.0319 2.1191 160 0.1358 7.6262 0.1104 0.8419 251 0.2114 14.4772 0.07654 1.1081
61.1 -0.3521 6.2899 0.0830 0.5223 81.1 -0.3521 10.7918 0.0828 0.8932 161 1 66.4256 0.0319 2.1196 161 0.1354 7.6406 0.1104 0.8431 252 0.2106 14.4795 0.07655 1.1084
61.2 -0.3521 6.3164 0.0830 0.5243 81.2 -0.3521 10.8119 0.0828 0.8947 162 1 66.4835 0.0319 2.1208 162 0.1349 7.6550 0.1103 0.8444 253 0.2097 14.4818 0.07655 1.1086
61.3 -0.3521 6.3428 0.0830 0.5263 81.3 -0.3521 10.8321 0.0827 0.8961 163 1 66.5412 0.0319 2.1220 163 0.1344 7.6692 0.1103 0.8456 254 0.2089 14.4841 0.07656 1.1089
61.4 -0.3521 6.3692 0.0830 0.5283 81.4 -0.3521 10.8524 0.0827 0.8975 164 1 66.5985 0.0319 2.1225 164 0.1340 7.6834 0.1102 0.8469 255 0.2081 14.4863 0.07656 1.1091
61.5 -0.3521 6.3954 0.0829 0.5303 81.5 -0.3521 10.8728 0.0827 0.8990 165 1 66.6556 0.0319 2.1236 165 0.1335 7.6975 0.1102 0.8481 256 0.2072 14.4885 0.07657 1.1094
61.6 -0.3521 6.4215 0.0829 0.5323 81.6 -0.3521 10.8934 0.0827 0.9003 166 1 66.7125 0.0319 2.1248 166 0.1331 7.7115 0.1101 0.8493 257 0.2064 14.4907 0.07657 1.1096
61.7 -0.3521 6.4475 0.0829 0.5343 81.7 -0.3521 10.9142 0.0826 0.9018 167 1 66.7691 0.0318 2.1253 167 0.1326 7.7255 0.1101 0.8505 258 0.2056 14.4929 0.07658 1.1099
61.8 -0.3521 6.4735 0.0828 0.5363 81.8 -0.3521 10.9350 0.0826 0.9032 168 1 66.8254 0.0318 2.1264 168 0.1322 7.7394 0.1101 0.8517 259 0.2047 14.495 0.07658 1.1100
61.9 -0.3521 6.4993 0.0828 0.5382 81.9 -0.3521 10.9560 0.0826 0.9047 169 1 66.8815 0.0318 2.1275 169 0.1317 7.7532 0.1100 0.8530 260 0.2039 14.4971 0.07659 1.1103
62.0 -0.3521 6.5251 0.0828 0.5402 82.0 -0.3521 10.9772 0.0826 0.9062 170 1 66.9373 0.0318 2.1286 170 0.1313 7.7669 0.1100 0.8542 261 0.2031 14.4992 0.07659 1.1105
62.1 -0.3521 6.5508 0.0828 0.5421 82.1 -0.3521 10.9985 0.0825 0.9076 171 1 66.9930 0.0318 2.1297 171 0.1308 7.7805 0.1099 0.8554 262 0.2022 14.5013 0.0766 1.1108
62.2 -0.3521 6.5764 0.0827 0.5441 82.2 -0.3521 11.0199 0.0825 0.9090 172 1 67.0483 0.0318 2.1301 172 0.1304 7.7941 0.1099 0.8566 263 0.2014 14.5034 0.0766 1.1110
62.3 -0.3521 6.6019 0.0827 0.5460 82.3 -0.3521 11.0415 0.0825 0.9105 173 1 67.1035 0.0318 2.1312 173 0.1299 7.8076 0.1099 0.8578 264 0.2006 14.5054 0.07661 1.1113
62.4 -0.3521 6.6273 0.0827 0.5479 82.4 -0.3521 11.0632 0.0824 0.9121 174 1 67.1584 0.0318 2.1323 174 0.1295 7.8210 0.1098 0.8591 265 0.1998 14.5074 0.07661 1.1114
62.5 -0.3521 6.6527 0.0827 0.5499 82.5 -0.3521 11.0851 0.0824 0.9135 175 1 67.2132 0.0317 2.1333 175 0.1290 7.8344 0.1098 0.8602 266 0.199 14.5094 0.07662 1.1117
62.6 -0.3521 6.6780 0.0826 0.5519 82.6 -0.3521 11.1071 0.0824 0.9150 176 1 67.2677 0.0317 2.1344 176 0.1286 7.8477 0.1098 0.8614 267 0.1981 14.5114 0.07662 1.1119
62.7 -0.3521 6.7033 0.0826 0.5538 82.7 -0.3521 11.1293 0.0824 0.9165 177 1 67.3219 0.0317 2.1348 177 0.1282 7.8609 0.1097 0.8627 268 0.1973 14.5133 0.07663 1.1122
62.8 -0.3521 6.7284 0.0826 0.5557 82.8 -0.3521 11.1516 0.0823 0.9179 178 1 67.3760 0.0317 2.1358 178 0.1277 7.8741 0.1097 0.8639 269 0.1965 14.5153 0.07663 1.1123
62.9 -0.3521 6.7535 0.0826 0.5576 82.9 -0.3521 11.1740 0.0823 0.9194 179 1 67.4299 0.0317 2.1369 179 0.1273 7.8871 0.1097 0.8651 270 0.1957 14.5172 0.07663 1.1125
63.0 -0.3521 6.7786 0.0826 0.5596 83.0 -0.3521 11.1966 0.0823 0.9209 180 1 67.4836 0.0317 2.1379 180 0.1269 7.9002 0.1097 0.8663 271 0.1949 14.5191 0.07664 1.1127
63.1 -0.3521 6.8035 0.0825 0.5615 83.1 -0.3521 11.2193 0.0822 0.9225 181 1 67.5371 0.0317 2.1389 181 0.1264 7.9131 0.1096 0.8674 272 0.1941 14.521 0.07664 1.1129
63.2 -0.3521 6.8285 0.0825 0.5634 83.2 -0.3521 11.2422 0.0822 0.9240 182 1 67.5904 0.0317 2.1399 182 0.1260 7.9260 0.1096 0.8686 273 0.1933 14.5228 0.07665 1.1132
63.3 -0.3521 6.8533 0.0825 0.5653 83.3 -0.3521 11.2651 0.0822 0.9254 183 1 67.6435 0.0317 2.1409 183 0.1256 7.9389 0.1096 0.8699 274 0.1925 14.5247 0.07665 1.1133
63.4 -0.3521 6.8781 0.0825 0.5672 83.4 -0.3521 11.2882 0.0821 0.9270 184 1 67.6964 0.0316 2.1419 184 0.1251 7.9516 0.1095 0.8710 275 0.1917 14.5265 0.07666 1.1136
63.5 -0.3521 6.9028 0.0825 0.5691 83.5 -0.3521 11.3114 0.0821 0.9286 185 1 67.7491 0.0316 2.1429 185 0.1247 7.9643 0.1095 0.8722 276 0.1909 14.5283 0.07666 1.1137
63.6 -0.3521 6.9275 0.0824 0.5710 83.6 -0.3521 11.3347 0.0821 0.9300 186 1 67.8017 0.0316 2.1439 186 0.1243 7.9770 0.1095 0.8734 277 0.1901 14.5301 0.07666 1.1139
63.7 -0.3521 6.9521 0.0824 0.5729 83.7 -0.3521 11.3581 0.0820 0.9316 187 1 67.8541 0.0316 2.1449 187 0.1239 7.9895 0.1095 0.8745 278 0.1893 14.5319 0.07667 1.1142
63.8 -0.3521 6.9766 0.0824 0.5749 83.8 -0.3521 11.3817 0.0820 0.9331 188 1 67.9062 0.0316 2.1458 188 0.1235 8.0021 0.1094 0.8757 279 0.1885 14.5336 0.07667 1.1143
63.9 -0.3521 7.0011 0.0824 0.5768 83.9 -0.3521 11.4053 0.0820 0.9347 189 1 67.9583 0.0316 2.1468 189 0.1230 8.0145 0.1094 0.8769 280 0.1877 14.5354 0.07667 1.1144
64.0 -0.3521 7.0255 0.0824 0.5786 84.0 -0.3521 11.4290 0.0819 0.9361 190 1 68.0101 0.0316 2.1478 190 0.1226 8.0269 0.1094 0.8781 281 0.1869 14.5371 0.07668 1.1147
64.1 -0.3521 7.0499 0.0824 0.5806 84.1 -0.3521 11.4529 0.0819 0.9378 191 1 68.0618 0.0316 2.1487 191 0.1222 8.0392 0.1094 0.8792 282 0.1861 14.5388 0.07668 1.1148
64.2 -0.3521 7.0742 0.0823 0.5824 84.2 -0.3521 11.4768 0.0818 0.9393 192 1 68.1133 0.0316 2.1497 192 0.1218 8.0515 0.1094 0.8804 283 0.1853 14.5405 0.07669 1.1151
64.3 -0.3521 7.0984 0.0823 0.5843 84.3 -0.3521 11.5007 0.0818 0.9409 193 1 68.1647 0.0316 2.1506 193 0.1214 8.0637 0.1093 0.8816 284 0.1846 14.5422 0.07669 1.1152
64.4 -0.3521 7.1226 0.0823 0.5862 84.4 -0.3521 11.5248 0.0818 0.9424 194 1 68.2158 0.0315 2.1515 194 0.1210 8.0759 0.1093 0.8828 285 0.1838 14.5438 0.07669 1.1154
64.5 -0.3521 7.1467 0.0823 0.5881 84.5 -0.3521 11.5490 0.0817 0.9440 195 1 68.2669 0.0315 2.1525 195 0.1206 8.0879 0.1093 0.8839 286 0.183 14.5455 0.0767 1.1156
LENGTH
(in cm)
WEIGHT-FOR-LENGTH
HEIGHT
(in cm)
WEIGHT-FOR-HEIGHT
DAYS
HEIGHT/LENGTH-FOR-AGE
DAYS
WEIGHT-FOR-AGE
DAYS
MUAC
L M S SD L M S SD L M S SD L M S SD L M S SD
64.6 -0.3521 7.1708 0.0823 0.5900 84.6 -0.3521 11.5732 0.0817 0.9455 196 1 68.3177 0.0315 2.1534 196 0.1201 8.1000 0.1093 0.8851 287 0.1822 14.5471 0.0767 1.1158
64.7 -0.3521 7.1948 0.0823 0.5919 84.7 -0.3521 11.5975 0.0817 0.9471 197 1 68.3685 0.0315 2.1550 197 0.1197 8.1120 0.1093 0.8862 288 0.1814 14.5487 0.0767 1.1159
64.8 -0.3521 7.2188 0.0823 0.5937 84.8 -0.3521 11.6218 0.0816 0.9487 198 1 68.4190 0.0315 2.1559 198 0.1193 8.1239 0.1092 0.8875 289 0.1807 14.5503 0.07671 1.1162
64.9 -0.3521 7.2427 0.0822 0.5956 84.9 -0.3521 11.6462 0.0816 0.9502 199 1 68.4695 0.0315 2.1568 199 0.1189 8.1357 0.1092 0.8886 290 0.1799 14.5519 0.07671 1.1163
65.0 -0.3521 7.2666 0.0822 0.5975 85.0 -0.3521 11.6707 0.0816 0.9519 200 1 68.5198 0.0315 2.1577 200 0.1185 8.1475 0.1092 0.8897 291 0.1791 14.5535 0.07671 1.1164
65.1 -0.3521 7.2905 0.0822 0.5994 85.1 -0.3521 11.6952 0.0815 0.9534 201 1 68.5699 0.0315 2.1586 201 0.1181 8.1593 0.1092 0.8909 292 0.1784 14.555 0.07672 1.1167
65.2 -0.3521 7.3143 0.0822 0.6013 85.2 -0.3521 11.7198 0.0815 0.9549 202 1 68.6199 0.0315 2.1595 202 0.1177 8.1710 0.1092 0.8920 293 0.1776 14.5566 0.07672 1.1168
65.3 -0.3521 7.3380 0.0822 0.6032 85.3 -0.3521 11.7444 0.0815 0.9566 203 1 68.6698 0.0315 2.1610 203 0.1173 8.1826 0.1092 0.8931 294 0.1768 14.5581 0.07672 1.1169
65.4 -0.3521 7.3617 0.0822 0.6051 85.4 -0.3521 11.7690 0.0814 0.9581 204 1 68.7195 0.0315 2.1619 204 0.1169 8.1942 0.1091 0.8943 295 0.1761 14.5596 0.07673 1.1172
65.5 -0.3521 7.3854 0.0822 0.6069 85.5 -0.3521 11.7937 0.0814 0.9598 205 1 68.7691 0.0315 2.1628 205 0.1165 8.2058 0.1091 0.8955 296 0.1753 14.5611 0.07673 1.1173
65.6 -0.3521 7.4091 0.0822 0.6089 85.6 -0.3521 11.8184 0.0813 0.9613 206 1 68.8186 0.0314 2.1637 206 0.1161 8.2173 0.1091 0.8966 297 0.1745 14.5626 0.07673 1.1174
65.7 -0.3521 7.4327 0.0822 0.6107 85.7 -0.3521 11.8431 0.0813 0.9630 207 1 68.8679 0.0314 2.1652 207 0.1157 8.2287 0.1091 0.8978 298 0.1738 14.5641 0.07674 1.1176
65.8 -0.3521 7.4563 0.0822 0.6126 85.8 -0.3521 11.8678 0.0813 0.9646 208 1 68.9171 0.0314 2.1661 208 0.1153 8.2401 0.1091 0.8988 299 0.173 14.5656 0.07674 1.1178
65.9 -0.3521 7.4799 0.0822 0.6145 85.9 -0.3521 11.8926 0.0812 0.9662 209 1 68.9662 0.0314 2.1669 209 0.1149 8.2514 0.1091 0.9000 300 0.1723 14.567 0.07674 1.1179
66.0 -0.3521 7.5034 0.0822 0.6164 86.0 -0.3521 11.9173 0.0812 0.9678 210 1 69.0152 0.0314 2.1678 210 0.1145 8.2627 0.1091 0.9011 301 0.1715 14.5685 0.07675 1.1181
66.1 -0.3521 7.5269 0.0821 0.6183 86.1 -0.3521 11.9421 0.0812 0.9695 211 1 69.0641 0.0314 2.1693 211 0.1142 8.2739 0.1091 0.9023 302 0.1707 14.5699 0.07675 1.1182
66.2 -0.3521 7.5504 0.0821 0.6202 86.2 -0.3521 11.9668 0.0811 0.9710 212 1 69.1128 0.0314 2.1701 212 0.1138 8.2851 0.1090 0.9033 303 0.17 14.5713 0.07675 1.1183
66.3 -0.3521 7.5738 0.0821 0.6221 86.3 -0.3521 11.9916 0.0811 0.9726 213 1 69.1615 0.0314 2.1710 213 0.1134 8.2963 0.1090 0.9045 304 0.1692 14.5728 0.07675 1.1185
66.4 -0.3521 7.5973 0.0821 0.6240 86.4 -0.3521 12.0163 0.0811 0.9743 214 1 69.2100 0.0314 2.1725 214 0.1130 8.3074 0.1090 0.9056 305 0.1685 14.5742 0.07676 1.1187
66.5 -0.3521 7.6206 0.0821 0.6259 86.5 -0.3521 12.0411 0.0811 0.9759 215 1 69.2584 0.0314 2.1733 215 0.1126 8.3184 0.1090 0.9067 306 0.1678 14.5756 0.07676 1.1188
66.6 -0.3521 7.6440 0.0821 0.6278 86.6 -0.3521 12.0658 0.0810 0.9776 216 1 69.3067 0.0314 2.1742 216 0.1122 8.3294 0.1090 0.9078 307 0.167 14.5769 0.07676 1.1189
66.7 -0.3521 7.6673 0.0821 0.6296 86.7 -0.3521 12.0905 0.0810 0.9792 217 1 69.3549 0.0314 2.1757 217 0.1118 8.3404 0.1090 0.9089 308 0.1663 14.5783 0.07677 1.1192
66.8 -0.3521 7.6906 0.0821 0.6316 86.8 -0.3521 12.1152 0.0810 0.9808 218 1 69.4031 0.0314 2.1765 218 0.1115 8.3513 0.1090 0.9100 309 0.1655 14.5797 0.07677 1.1193
66.9 -0.3521 7.7138 0.0821 0.6335 86.9 -0.3521 12.1398 0.0809 0.9825 219 1 69.4511 0.0314 2.1780 219 0.1111 8.3621 0.1090 0.9111 310 0.1648 14.581 0.07677 1.1194
67.0 -0.3521 7.7370 0.0821 0.6354 87.0 -0.3521 12.1645 0.0809 0.9841 220 1 69.4990 0.0314 2.1788 220 0.1107 8.3729 0.1090 0.9122 311 0.164 14.5824 0.07677 1.1195
67.1 -0.3521 7.7602 0.0821 0.6373 87.1 -0.3521 12.1891 0.0809 0.9857 221 1 69.5468 0.0313 2.1796 221 0.1103 8.3837 0.1089 0.9133 312 0.1633 14.5837 0.07678 1.1197
67.2 -0.3521 7.7834 0.0821 0.6392 87.2 -0.3521 12.2136 0.0808 0.9873 222 1 69.5945 0.0313 2.1811 222 0.1099 8.3944 0.1089 0.9145 313 0.1626 14.585 0.07678 1.1198
67.3 -0.3521 7.8065 0.0821 0.6411 87.3 -0.3521 12.2382 0.0808 0.9891 223 1 69.6421 0.0313 2.1819 223 0.1096 8.4051 0.1089 0.9156 314 0.1618 14.5863 0.07678 1.1199
67.4 -0.3521 7.8296 0.0821 0.6430 87.4 -0.3521 12.2627 0.0808 0.9907 224 1 69.6896 0.0313 2.1834 224 0.1092 8.4157 0.1089 0.9166 315 0.1611 14.5876 0.07679 1.1202
67.5 -0.3521 7.8526 0.0821 0.6449 87.5 -0.3521 12.2871 0.0808 0.9923 225 1 69.7370 0.0313 2.1842 225 0.1088 8.4263 0.1089 0.9177 316 0.1604 14.5889 0.07679 1.1203
67.6 -0.3521 7.8757 0.0821 0.6468 87.6 -0.3521 12.3116 0.0807 0.9940 226 1 69.7844 0.0313 2.1856 226 0.1084 8.4369 0.1089 0.9189 317 0.1596 14.5902 0.07679 1.1204
67.7 -0.3521 7.8986 0.0821 0.6487 87.7 -0.3521 12.3360 0.0807 0.9956 227 1 69.8316 0.0313 2.1864 227 0.1081 8.4474 0.1089 0.9199 318 0.1589 14.5915 0.07679 1.1205
67.8 -0.3521 7.9216 0.0821 0.6506 87.8 -0.3521 12.3603 0.0807 0.9974 228 1 69.8787 0.0313 2.1879 228 0.1077 8.4578 0.1089 0.9210 319 0.1582 14.5928 0.0768 1.1207
67.9 -0.3521 7.9445 0.0821 0.6525 87.9 -0.3521 12.3846 0.0807 0.9991 229 1 69.9258 0.0313 2.1887 229 0.1073 8.4683 0.1089 0.9221 320 0.1575 14.594 0.0768 1.1208
68.0 -0.3521 7.9674 0.0821 0.6544 88.0 -0.3521 12.4089 0.0806 1.0007 230 1 69.9728 0.0313 2.1901 230 0.1070 8.4787 0.1089 0.9232 321 0.1567 14.5953 0.0768 1.1209
68.1 -0.3521 7.9903 0.0821 0.6563 88.1 -0.3521 12.4332 0.0806 1.0024 231 1 70.0197 0.0313 2.1909 231 0.1066 8.4890 0.1089 0.9242 322 0.156 14.5965 0.0768 1.1210
68.2 -0.3521 8.0132 0.0821 0.6582 88.2 -0.3521 12.4574 0.0806 1.0041 232 1 70.0665 0.0313 2.1924 232 0.1062 8.4993 0.1089 0.9253 323 0.1553 14.5978 0.07681 1.1213
68.3 -0.3521 8.0360 0.0822 0.6602 88.3 -0.3521 12.4815 0.0806 1.0058 233 1 70.1132 0.0313 2.1931 233 0.1059 8.5096 0.1089 0.9264 324 0.1546 14.599 0.07681 1.1213
68.4 -0.3521 8.0588 0.0822 0.6620 88.4 -0.3521 12.5057 0.0806 1.0075 234 1 70.1599 0.0313 2.1946 234 0.1055 8.5198 0.1089 0.9275 325 0.1539 14.6002 0.07681 1.1214
68.5 -0.3521 8.0816 0.0822 0.6640 88.5 -0.3521 12.5298 0.0805 1.0092 235 1 70.2064 0.0313 2.1954 235 0.1051 8.5300 0.1089 0.9285 326 0.1531 14.6014 0.07681 1.1215
68.6 -0.3521 8.1044 0.0822 0.6659 88.6 -0.3521 12.5538 0.0805 1.0108 236 1 70.2529 0.0313 2.1968 236 0.1048 8.5401 0.1089 0.9296 327 0.1524 14.6026 0.07681 1.1216
68.7 -0.3521 8.1272 0.0822 0.6678 88.7 -0.3521 12.5778 0.0805 1.0125 237 1 70.2994 0.0313 2.1976 237 0.1044 8.5502 0.1088 0.9306 328 0.1517 14.6038 0.07682 1.1219
68.8 -0.3521 8.1500 0.0822 0.6698 88.8 -0.3521 12.6017 0.0805 1.0142 238 1 70.3457 0.0313 2.1990 238 0.1040 8.5603 0.1088 0.9317 329 0.151 14.605 0.07682 1.1220
68.9 -0.3521 8.1727 0.0822 0.6717 88.9 -0.3521 12.6257 0.0805 1.0160 239 1 70.3920 0.0313 2.2005 239 0.1037 8.5704 0.1088 0.9328 330 0.1503 14.6062 0.07682 1.1220
69.0 -0.3521 8.1955 0.0822 0.6736 89.0 -0.3521 12.6495 0.0805 1.0177 240 1 70.4382 0.0313 2.2012 240 0.1033 8.5804 0.1088 0.9338 331 0.1496 14.6074 0.07682 1.1221
69.1 -0.3521 8.2183 0.0822 0.6755 89.1 -0.3521 12.6734 0.0804 1.0194 241 1 70.4843 0.0313 2.2026 241 0.1030 8.5903 0.1088 0.9349 332 0.1489 14.6086 0.07683 1.1224
69.2 -0.3521 8.2410 0.0822 0.6775 89.2 -0.3521 12.6972 0.0804 1.0211 242 1 70.5304 0.0313 2.2041 242 0.1026 8.6003 0.1088 0.9359 333 0.1482 14.6098 0.07683 1.1225
69.3 -0.3521 8.2638 0.0822 0.6794 89.3 -0.3521 12.7209 0.0804 1.0229 243 1 70.5764 0.0312 2.2048 243 0.1023 8.6102 0.1088 0.9370 334 0.1475 14.6109 0.07683 1.1226
69.4 -0.3521 8.2865 0.0822 0.6814 89.4 -0.3521 12.7446 0.0804 1.0245 244 1 70.6224 0.0312 2.2062 244 0.1019 8.6200 0.1088 0.9380 335 0.1468 14.6121 0.07683 1.1226
LENGTH
(in cm)
WEIGHT-FOR-LENGTH
HEIGHT
(in cm)
WEIGHT-FOR-HEIGHT
DAYS
HEIGHT/LENGTH-FOR-AGE
DAYS
WEIGHT-FOR-AGE
DAYS
MUAC
L M S SD L M S SD L M S SD L M S SD L M S SD
69.5 -0.3521 8.3092 0.0822 0.6833 89.5 -0.3521 12.7683 0.0804 1.0263 245 1 70.6683 0.0312 2.2070 245 0.1015 8.6299 0.1088 0.9391 336 0.1461 14.6132 0.07683 1.1227
69.6 -0.3521 8.3320 0.0823 0.6853 89.6 -0.3521 12.7920 0.0804 1.0281 246 1 70.7141 0.0312 2.2084 246 0.1012 8.6397 0.1088 0.9401 337 0.1454 14.6144 0.07684 1.1230
69.7 -0.3521 8.3547 0.0823 0.6873 89.7 -0.3521 12.8156 0.0804 1.0297 247 1 70.7598 0.0312 2.2098 247 0.1008 8.6494 0.1088 0.9411 338 0.1447 14.6155 0.07684 1.1231
69.8 -0.3521 8.3774 0.0823 0.6892 89.8 -0.3521 12.8392 0.0803 1.0315 248 1 70.8055 0.0312 2.2105 248 0.1005 8.6592 0.1088 0.9422 339 0.144 14.6167 0.07684 1.1231
69.9 -0.3521 8.4001 0.0823 0.6912 89.9 -0.3521 12.8628 0.0803 1.0333 249 1 70.8511 0.0312 2.2120 249 0.1001 8.6689 0.1088 0.9433 340 0.1433 14.6178 0.07684 1.1232
70.0 -0.3521 8.4227 0.0823 0.6931 90.0 -0.3521 12.8864 0.0803 1.0350 250 1 70.8967 0.0312 2.2134 250 0.0998 8.6785 0.1088 0.9443 341 0.1426 14.6189 0.07685 1.1235
70.1 -0.3521 8.4454 0.0823 0.6951 90.1 -0.3521 12.9099 0.0803 1.0368 251 1 70.9422 0.0312 2.2148 251 0.0994 8.6882 0.1088 0.9453 342 0.1419 14.62 0.07685 1.1235
70.2 -0.3521 8.4680 0.0823 0.6970 90.2 -0.3521 12.9334 0.0803 1.0386 252 1 70.9876 0.0312 2.2155 252 0.0991 8.6978 0.1088 0.9463 343 0.1412 14.6211 0.07685 1.1236
70.3 -0.3521 8.4906 0.0823 0.6989 90.3 -0.3521 12.9569 0.0803 1.0404 253 1 71.0330 0.0312 2.2169 253 0.0987 8.7073 0.1088 0.9474 344 0.1405 14.6223 0.07685 1.1237
70.4 -0.3521 8.5132 0.0823 0.7009 90.4 -0.3521 12.9804 0.0803 1.0422 254 1 71.0783 0.0312 2.2184 254 0.0984 8.7169 0.1088 0.9484 345 0.1398 14.6234 0.07685 1.1238
70.5 -0.3521 8.5358 0.0824 0.7029 90.5 -0.3521 13.0038 0.0803 1.0439 255 1 71.1235 0.0312 2.2198 255 0.0981 8.7264 0.1088 0.9494 346 0.1391 14.6245 0.07686 1.1240
70.6 -0.3521 8.5583 0.0824 0.7049 90.6 -0.3521 13.0273 0.0803 1.0457 256 1 71.1687 0.0312 2.2205 256 0.0977 8.7359 0.1088 0.9505 347 0.1384 14.6256 0.07686 1.1241
70.7 -0.3521 8.5808 0.0824 0.7068 90.7 -0.3521 13.0507 0.0803 1.0476 257 1 71.2138 0.0312 2.2219 257 0.0974 8.7453 0.1088 0.9515 348 0.1377 14.6267 0.07686 1.1242
70.8 -0.3521 8.6032 0.0824 0.7087 90.8 -0.3521 13.0742 0.0803 1.0493 258 1 71.2589 0.0312 2.2233 258 0.0970 8.7548 0.1088 0.9525 349 0.137 14.6277 0.07686 1.1243
70.9 -0.3521 8.6257 0.0824 0.7108 90.9 -0.3521 13.0976 0.0803 1.0512 259 1 71.3039 0.0312 2.2247 259 0.0967 8.7642 0.1088 0.9535 350 0.1364 14.6288 0.07686 1.1244
71.0 -0.3521 8.6480 0.0824 0.7127 91.0 -0.3521 13.1209 0.0803 1.0530 260 1 71.3488 0.0312 2.2254 260 0.0963 8.7735 0.1088 0.9546 351 0.1357 14.6299 0.07687 1.1246
71.1 -0.3521 8.6704 0.0824 0.7146 91.1 -0.3521 13.1443 0.0803 1.0548 261 1 71.3937 0.0312 2.2268 261 0.0960 8.7829 0.1088 0.9556 352 0.135 14.631 0.07687 1.1247
71.2 -0.3521 8.6927 0.0824 0.7165 91.2 -0.3521 13.1677 0.0803 1.0567 262 1 71.4385 0.0312 2.2282 262 0.0957 8.7922 0.1088 0.9566 353 0.1343 14.6321 0.07687 1.1248
71.3 -0.3521 8.7150 0.0825 0.7186 91.3 -0.3521 13.1910 0.0803 1.0586 263 1 71.4832 0.0312 2.2296 263 0.0953 8.8015 0.1088 0.9576 354 0.1336 14.6331 0.07687 1.1248
71.4 -0.3521 8.7372 0.0825 0.7205 91.4 -0.3521 13.2143 0.0803 1.0604 264 1 71.5279 0.0312 2.2310 264 0.0950 8.8107 0.1088 0.9586 355 0.133 14.6342 0.07687 1.1249
71.5 -0.3521 8.7594 0.0825 0.7225 91.5 -0.3521 13.2376 0.0802 1.0622 265 1 71.5725 0.0312 2.2316 265 0.0947 8.8200 0.1088 0.9596 356 0.1323 14.6353 0.07687 1.1250
71.6 -0.3521 8.7815 0.0825 0.7244 91.6 -0.3521 13.2609 0.0802 1.0641 266 1 71.6171 0.0312 2.2330 266 0.0943 8.8292 0.1088 0.9606 357 0.1316 14.6363 0.07688 1.1252
71.7 -0.3521 8.8036 0.0825 0.7263 91.7 -0.3521 13.2842 0.0802 1.0659 267 1 71.6616 0.0312 2.2344 267 0.0940 8.8384 0.1088 0.9616 358 0.1309 14.6374 0.07688 1.1253
71.8 -0.3521 8.8257 0.0825 0.7283 91.8 -0.3521 13.3075 0.0803 1.0679 268 1 71.7060 0.0312 2.2358 268 0.0937 8.8475 0.1088 0.9626 359 0.1303 14.6384 0.07688 1.1254
71.9 -0.3521 8.8477 0.0825 0.7302 91.9 -0.3521 13.3308 0.0803 1.0698 269 1 71.7504 0.0312 2.2372 269 0.0933 8.8567 0.1088 0.9636 360 0.1296 14.6395 0.07688 1.1255
72.0 -0.3521 8.8697 0.0825 0.7321 92.0 -0.3521 13.3541 0.0803 1.0717 270 1 71.7947 0.0312 2.2386 270 0.0930 8.8658 0.1088 0.9646 361 0.1289 14.6405 0.07688 1.1256
72.1 -0.3521 8.8916 0.0826 0.7341 92.1 -0.3521 13.3773 0.0803 1.0735 271 1 71.8390 0.0312 2.2399 271 0.0927 8.8748 0.1088 0.9656 362 0.1283 14.6416 0.07689 1.1258
72.2 -0.3521 8.9135 0.0826 0.7360 92.2 -0.3521 13.4006 0.0803 1.0755 272 1 71.8832 0.0312 2.2413 272 0.0923 8.8839 0.1088 0.9667 363 0.1276 14.6426 0.07689 1.1259
72.3 -0.3521 8.9353 0.0826 0.7380 92.3 -0.3521 13.4239 0.0803 1.0774 273 1 71.9273 0.0312 2.2420 273 0.0920 8.8929 0.1088 0.9676 364 0.1269 14.6436 0.07689 1.1259
72.4 -0.3521 8.9571 0.0826 0.7399 92.4 -0.3521 13.4472 0.0803 1.0794 274 1 71.9714 0.0312 2.2433 274 0.0917 8.9019 0.1088 0.9686 365 0.1263 14.6447 0.07689 1.1260
72.5 -0.3521 8.9788 0.0826 0.7418 92.5 -0.3521 13.4705 0.0803 1.0813 275 1 72.0154 0.0312 2.2447 275 0.0913 8.9109 0.1088 0.9696 366 0.1256 14.6457 0.07689 1.1261
72.6 -0.3521 9.0005 0.0826 0.7437 92.6 -0.3521 13.4937 0.0803 1.0833 276 1 72.0594 0.0312 2.2461 276 0.0910 8.9199 0.1088 0.9706 367 0.1249 14.6468 0.07689 1.1262
72.7 -0.3521 9.0221 0.0826 0.7456 92.7 -0.3521 13.5171 0.0803 1.0852 277 1 72.1033 0.0312 2.2475 277 0.0907 8.9288 0.1088 0.9716 368 0.1243 14.6478 0.0769 1.1264
72.8 -0.3521 9.0436 0.0827 0.7475 92.8 -0.3521 13.5404 0.0803 1.0872 278 1 72.1472 0.0312 2.2488 278 0.0904 8.9377 0.1088 0.9726 369 0.1236 14.6488 0.0769 1.1265
72.9 -0.3521 9.0651 0.0827 0.7494 92.9 -0.3521 13.5637 0.0803 1.0892 279 1 72.1909 0.0312 2.2502 279 0.0900 8.9466 0.1088 0.9736 370 0.1229 14.6498 0.0769 1.1266
73.0 -0.3521 9.0865 0.0827 0.7514 93.0 -0.3521 13.5870 0.0803 1.0912 280 1 72.2347 0.0312 2.2516 280 0.0897 8.9555 0.1088 0.9745 371 0.1223 14.6509 0.0769 1.1267
73.1 -0.3521 9.1079 0.0827 0.7532 93.1 -0.3521 13.6104 0.0803 1.0932 281 1 72.2783 0.0312 2.2529 281 0.0894 8.9643 0.1088 0.9755 372 0.1216 14.6519 0.0769 1.1267
73.2 -0.3521 9.1292 0.0827 0.7552 93.2 -0.3521 13.6338 0.0803 1.0952 282 1 72.3219 0.0312 2.2543 282 0.0891 8.9731 0.1088 0.9765 373 0.121 14.6529 0.07691 1.1270
73.3 -0.3521 9.1504 0.0827 0.7570 93.3 -0.3521 13.6572 0.0803 1.0972 283 1 72.3655 0.0312 2.2556 283 0.0887 8.9819 0.1088 0.9775 374 0.1203 14.6539 0.07691 1.1270
73.4 -0.3521 9.1716 0.0827 0.7589 93.4 -0.3521 13.6806 0.0804 1.0992 284 1 72.4089 0.0312 2.2570 284 0.0884 8.9907 0.1088 0.9785 375 0.1197 14.655 0.07691 1.1271
73.5 -0.3521 9.1927 0.0828 0.7608 93.5 -0.3521 13.7041 0.0804 1.1013 285 1 72.4523 0.0312 2.2583 285 0.0881 8.9995 0.1088 0.9795 376 0.119 14.656 0.07691 1.1272
73.6 -0.3521 9.2137 0.0828 0.7626 93.6 -0.3521 13.7275 0.0804 1.1033 286 1 72.4957 0.0312 2.2597 286 0.0878 9.0082 0.1088 0.9805 377 0.1184 14.657 0.07691 1.1273
73.7 -0.3521 9.2347 0.0828 0.7644 93.7 -0.3521 13.7510 0.0804 1.1053 287 1 72.5390 0.0312 2.2610 287 0.0875 9.0169 0.1088 0.9814 378 0.1177 14.658 0.07691 1.1273
73.8 -0.3521 9.2557 0.0828 0.7664 93.8 -0.3521 13.7746 0.0804 1.1075 288 1 72.5822 0.0312 2.2624 288 0.0871 9.0256 0.1088 0.9823 379 0.1171 14.659 0.07692 1.1276
73.9 -0.3521 9.2766 0.0828 0.7682 93.9 -0.3521 13.7981 0.0804 1.1095 289 1 72.6253 0.0312 2.2637 289 0.0868 9.0342 0.1089 0.9834 380 0.1164 14.66 0.07692 1.1276
74.0 -0.3521 9.2974 0.0828 0.7701 94.0 -0.3521 13.8217 0.0804 1.1117 290 1 72.6684 0.0312 2.2651 290 0.0865 9.0429 0.1089 0.9843 381 0.1158 14.661 0.07692 1.1277
74.1 -0.3521 9.3182 0.0828 0.7719 94.1 -0.3521 13.8454 0.0804 1.1137 291 1 72.7115 0.0312 2.2664 291 0.0862 9.0515 0.1089 0.9853 382 0.1151 14.662 0.07692 1.1278
74.2 -0.3521 9.3390 0.0829 0.7737 94.2 -0.3521 13.8691 0.0805 1.1159 292 1 72.7544 0.0312 2.2678 292 0.0859 9.0601 0.1089 0.9863 383 0.1145 14.6631 0.07692 1.1279
74.3 -0.3521 9.3597 0.0829 0.7756 94.3 -0.3521 13.8928 0.0805 1.1180 293 1 72.7974 0.0312 2.2691 293 0.0856 9.0687 0.1089 0.9872 384 0.1138 14.6641 0.07692 1.1280
LENGTH
(in cm)
WEIGHT-FOR-LENGTH
HEIGHT
(in cm)
WEIGHT-FOR-HEIGHT
DAYS
HEIGHT/LENGTH-FOR-AGE
DAYS
WEIGHT-FOR-AGE
DAYS
MUAC
L M S SD L M S SD L M S SD L M S SD L M S SD
74.4 -0.3521 9.3803 0.0829 0.7774 94.4 -0.3521 13.9165 0.0805 1.1201 294 1 72.8402 0.0312 2.2704 294 0.0852 9.0772 0.1089 0.9882 385 0.1132 14.6651 0.07693 1.1282
74.5 -0.3521 9.4010 0.0829 0.7792 94.5 -0.3521 13.9403 0.0805 1.1223 295 1 72.8830 0.0312 2.2718 295 0.0849 9.0858 0.1089 0.9892 386 0.1125 14.6661 0.07693 1.1283
74.6 -0.3521 9.4215 0.0829 0.7810 94.6 -0.3521 13.9642 0.0805 1.1244 296 1 72.9257 0.0312 2.2731 296 0.0846 9.0943 0.1089 0.9901 387 0.1119 14.6671 0.07693 1.1283
74.7 -0.3521 9.4420 0.0829 0.7829 94.7 -0.3521 13.9881 0.0805 1.1266 297 1 72.9684 0.0312 2.2744 297 0.0843 9.1028 0.1089 0.9911 388 0.1113 14.6681 0.07693 1.1284
74.8 -0.3521 9.4625 0.0829 0.7847 94.8 -0.3521 14.0120 0.0806 1.1288 298 1 73.0110 0.0312 2.2758 298 0.0840 9.1113 0.1089 0.9920 389 0.1106 14.6691 0.07693 1.1285
74.9 -0.3521 9.4829 0.0829 0.7865 94.9 -0.3521 14.0360 0.0806 1.1310 299 1 73.0535 0.0312 2.2778 299 0.0837 9.1198 0.1089 0.9930 390 0.11 14.6701 0.07693 1.1286
75.0 -0.3521 9.5032 0.0830 0.7883 95.0 -0.3521 14.0600 0.0806 1.1332 300 1 73.0960 0.0312 2.2791 300 0.0834 9.1282 0.1089 0.9940 391 0.1093 14.6711 0.07693 1.1286
75.1 -0.3521 9.5235 0.0830 0.7902 95.1 -0.3521 14.0841 0.0806 1.1355 301 1 73.1384 0.0312 2.2805 301 0.0831 9.1366 0.1089 0.9949 392 0.1087 14.6721 0.07694 1.1289
75.2 -0.3521 9.5438 0.0830 0.7919 95.2 -0.3521 14.1083 0.0806 1.1377 302 1 73.1808 0.0312 2.2818 302 0.0827 9.1450 0.1089 0.9959 393 0.1081 14.6731 0.07694 1.1289
75.3 -0.3521 9.5639 0.0830 0.7937 95.3 -0.3521 14.1325 0.0807 1.1401 303 1 73.2231 0.0312 2.2831 303 0.0824 9.1534 0.1089 0.9968 394 0.1074 14.6741 0.07694 1.1290
75.4 -0.3521 9.5841 0.0830 0.7955 95.4 -0.3521 14.1567 0.0807 1.1423 304 1 73.2653 0.0312 2.2844 304 0.0821 9.1618 0.1089 0.9977 395 0.1068 14.6751 0.07694 1.1291
75.5 -0.3521 9.6041 0.0830 0.7972 95.5 -0.3521 14.1811 0.0807 1.1446 305 1 73.3075 0.0312 2.2857 305 0.0818 9.1701 0.1089 0.9987 396 0.1062 14.6761 0.07694 1.1292
75.6 -0.3521 9.6241 0.0830 0.7990 95.6 -0.3521 14.2055 0.0807 1.1468 306 1 73.3497 0.0312 2.2870 306 0.0815 9.1785 0.1089 0.9996 397 0.1056 14.6771 0.07694 1.1293
75.7 -0.3521 9.6440 0.0830 0.8007 95.7 -0.3521 14.2299 0.0808 1.1492 307 1 73.3917 0.0312 2.2891 307 0.0812 9.1868 0.1089 1.0006 398 0.1049 14.6781 0.07695 1.1295
75.8 -0.3521 9.6639 0.0831 0.8026 95.8 -0.3521 14.2544 0.0808 1.1515 308 1 73.4337 0.0312 2.2904 308 0.0809 9.1951 0.1089 1.0015 399 0.1043 14.6791 0.07695 1.1296
75.9 -0.3521 9.6836 0.0831 0.8043 95.9 -0.3521 14.2790 0.0808 1.1539 309 1 73.4757 0.0312 2.2917 309 0.0806 9.2034 0.1089 1.0025 400 0.1037 14.6801 0.07695 1.1296
76.0 -0.3521 9.7033 0.0831 0.8061 96.0 -0.3521 14.3037 0.0808 1.1562 310 1 73.5176 0.0312 2.2930 310 0.0803 9.2117 0.1089 1.0034 401 0.103 14.6811 0.07695 1.1297
76.1 -0.3521 9.7230 0.0831 0.8077 96.1 -0.3521 14.3284 0.0809 1.1586 311 1 73.5594 0.0312 2.2943 311 0.0800 9.2199 0.1089 1.0044 402 0.1024 14.6821 0.07695 1.1298
76.2 -0.3521 9.7425 0.0831 0.8094 96.2 -0.3521 14.3533 0.0809 1.1610 312 1 73.6012 0.0312 2.2956 312 0.0797 9.2282 0.1089 1.0053 403 0.1018 14.683 0.07695 1.1299
76.3 -0.3521 9.7620 0.0831 0.8111 96.3 -0.3521 14.3782 0.0809 1.1635 313 1 73.6429 0.0312 2.2977 313 0.0794 9.2364 0.1089 1.0062 404 0.1012 14.684 0.07695 1.1299
76.4 -0.3521 9.7814 0.0831 0.8128 96.4 -0.3521 14.4031 0.0809 1.1658 314 1 73.6845 0.0312 2.2990 314 0.0791 9.2446 0.1090 1.0072 405 0.1005 14.685 0.07696 1.1302
76.5 -0.3521 9.8007 0.0831 0.8145 96.5 -0.3521 14.4282 0.0810 1.1683 315 1 73.7261 0.0312 2.3003 315 0.0788 9.2528 0.1090 1.0081 406 0.0999 14.686 0.07696 1.1302
76.6 -0.3521 9.8200 0.0831 0.8162 96.6 -0.3521 14.4533 0.0810 1.1707 316 1 73.7677 0.0312 2.3016 316 0.0785 9.2610 0.1090 1.0091 407 0.0993 14.687 0.07696 1.1303
76.7 -0.3521 9.8392 0.0831 0.8178 96.7 -0.3521 14.4785 0.0810 1.1732 317 1 73.8091 0.0312 2.3028 317 0.0782 9.2691 0.1090 1.0100 408 0.0987 14.688 0.07696 1.1304
76.8 -0.3521 9.8583 0.0831 0.8195 96.8 -0.3521 14.5038 0.0811 1.1757 318 1 73.8506 0.0312 2.3049 318 0.0779 9.2773 0.1090 1.0109 409 0.0981 14.689 0.07696 1.1305
76.9 -0.3521 9.8773 0.0831 0.8212 96.9 -0.3521 14.5292 0.0811 1.1782 319 1 73.8919 0.0312 2.3062 319 0.0776 9.2854 0.1090 1.0118 410 0.0975 14.69 0.07696 1.1305
77.0 -0.3521 9.8963 0.0831 0.8228 97.0 -0.3521 14.5547 0.0811 1.1807 320 1 73.9333 0.0312 2.3075 320 0.0773 9.2935 0.1090 1.0128 411 0.0968 14.691 0.07697 1.1308
77.1 -0.3521 9.9152 0.0832 0.8244 97.1 -0.3521 14.5802 0.0812 1.1833 321 1 73.9745 0.0312 2.3087 321 0.0770 9.3016 0.1090 1.0137 412 0.0962 14.692 0.07697 1.1308
77.2 -0.3521 9.9341 0.0832 0.8260 97.2 -0.3521 14.6058 0.0812 1.1858 322 1 74.0157 0.0312 2.3108 322 0.0767 9.3097 0.1090 1.0147 413 0.0956 14.693 0.07697 1.1309
77.3 -0.3521 9.9528 0.0832 0.8277 97.3 -0.3521 14.6316 0.0812 1.1884 323 1 74.0569 0.0312 2.3121 323 0.0764 9.3178 0.1090 1.0155 414 0.095 14.694 0.07697 1.1310
77.4 -0.3521 9.9716 0.0832 0.8292 97.4 -0.3521 14.6574 0.0813 1.1909 324 1 74.0979 0.0312 2.3133 324 0.0761 9.3258 0.1090 1.0165 415 0.0944 14.695 0.07697 1.1311
77.5 -0.3521 9.9902 0.0832 0.8309 97.5 -0.3521 14.6832 0.0813 1.1936 325 1 74.1390 0.0312 2.3146 325 0.0758 9.3339 0.1090 1.0175 416 0.0938 14.696 0.07697 1.1312
77.6 -0.3521 10.0088 0.0832 0.8324 97.6 -0.3521 14.7092 0.0813 1.1962 326 1 74.1800 0.0312 2.3166 326 0.0755 9.3419 0.1090 1.0184 417 0.0932 14.6971 0.07697 1.1312
77.7 -0.3521 10.0274 0.0832 0.8340 97.7 -0.3521 14.7353 0.0814 1.1989 327 1 74.2209 0.0312 2.3179 327 0.0752 9.3499 0.1090 1.0193 418 0.0926 14.6981 0.07698 1.1315
77.8 -0.3521 10.0459 0.0832 0.8356 97.8 -0.3521 14.7614 0.0814 1.2014 328 1 74.2618 0.0312 2.3192 328 0.0749 9.3579 0.1090 1.0202 419 0.0919 14.6991 0.07698 1.1315
77.9 -0.3521 10.0643 0.0832 0.8371 97.9 -0.3521 14.7877 0.0814 1.2042 329 1 74.3026 0.0312 2.3212 329 0.0746 9.3659 0.1090 1.0212 420 0.0913 14.7001 0.07698 1.1316
78.0 -0.3521 10.0827 0.0832 0.8387 98.0 -0.3521 14.8140 0.0815 1.2067 330 1 74.3433 0.0312 2.3225 330 0.0744 9.3739 0.1090 1.0220 421 0.0907 14.7011 0.07698 1.1317
78.1 -0.3521 10.1011 0.0832 0.8402 98.1 -0.3521 14.8404 0.0815 1.2095 331 1 74.3841 0.0312 2.3238 331 0.0741 9.3819 0.1090 1.0230 422 0.0901 14.7021 0.07698 1.1318
78.2 -0.3521 10.1194 0.0832 0.8417 98.2 -0.3521 14.8669 0.0815 1.2122 332 1 74.4247 0.0312 2.3250 332 0.0738 9.3898 0.1090 1.0239 423 0.0895 14.7031 0.07698 1.1318
78.3 -0.3521 10.1377 0.0832 0.8433 98.3 -0.3521 14.8934 0.0816 1.2149 333 1 74.4653 0.0313 2.3270 333 0.0735 9.3978 0.1091 1.0248 424 0.0889 14.7041 0.07698 1.1319
78.4 -0.3521 10.1559 0.0832 0.8448 98.4 -0.3521 14.9201 0.0816 1.2176 334 1 74.5059 0.0313 2.3283 334 0.0732 9.4057 0.1091 1.0257 425 0.0883 14.7051 0.07699 1.1321
78.5 -0.3521 10.1741 0.0832 0.8463 98.5 -0.3521 14.9468 0.0817 1.2204 335 1 74.5464 0.0313 2.3296 335 0.0729 9.4136 0.1091 1.0266 426 0.0877 14.7061 0.07699 1.1322
78.6 -0.3521 10.1923 0.0832 0.8477 98.6 -0.3521 14.9736 0.0817 1.2232 336 1 74.5868 0.0313 2.3316 336 0.0726 9.4215 0.1091 1.0276 427 0.0871 14.7072 0.07699 1.1323
78.7 -0.3521 10.2105 0.0832 0.8492 98.7 -0.3521 15.0005 0.0817 1.2260 337 1 74.6272 0.0313 2.3328 337 0.0723 9.4294 0.1091 1.0285 428 0.0865 14.7082 0.07699 1.1324
78.8 -0.3521 10.2286 0.0832 0.8507 98.8 -0.3521 15.0275 0.0818 1.2288 338 1 74.6676 0.0313 2.3341 338 0.0720 9.4373 0.1091 1.0294 429 0.0859 14.7092 0.07699 1.1325
78.9 -0.3521 10.2468 0.0832 0.8521 98.9 -0.3521 15.0546 0.0818 1.2316 339 1 74.7079 0.0313 2.3361 339 0.0718 9.4452 0.1091 1.0303 430 0.0853 14.7102 0.07699 1.1325
79.0 -0.3521 10.2649 0.0832 0.8536 99.0 -0.3521 15.0818 0.0819 1.2344 340 1 74.7481 0.0313 2.3374 340 0.0715 9.4530 0.1091 1.0312 431 0.0847 14.7112 0.07699 1.1326
79.1 -0.3521 10.2831 0.0832 0.8550 99.1 -0.3521 15.1090 0.0819 1.2373 341 1 74.7883 0.0313 2.3386 341 0.0712 9.4609 0.1091 1.0322 432 0.0841 14.7123 0.077 1.1328
79.2 -0.3521 10.3012 0.0832 0.8565 99.2 -0.3521 15.1363 0.0819 1.2403 342 1 74.8285 0.0313 2.3406 342 0.0709 9.4687 0.1091 1.0330 433 0.0835 14.7133 0.077 1.1329
LENGTH
(in cm)
WEIGHT-FOR-LENGTH
HEIGHT
(in cm)
WEIGHT-FOR-HEIGHT
DAYS
HEIGHT/LENGTH-FOR-AGE
DAYS
WEIGHT-FOR-AGE
DAYS
MUAC
L M S SD L M S SD L M S SD L M S SD L M S SD
79.3 -0.3521 10.3194 0.0831 0.8580 99.3 -0.3521 15.1637 0.0820 1.2431 343 1 74.8686 0.0313 2.3419 343 0.0706 9.4765 0.1091 1.0340 434 0.0829 14.7143 0.077 1.1330
79.4 -0.3521 10.3376 0.0831 0.8594 99.4 -0.3521 15.1912 0.0820 1.2460 344 1 74.9086 0.0313 2.3431 344 0.0703 9.4844 0.1091 1.0348 435 0.0823 14.7153 0.077 1.1331
79.5 -0.3521 10.3558 0.0831 0.8609 99.5 -0.3521 15.2187 0.0821 1.2488 345 1 74.9486 0.0313 2.3451 345 0.0701 9.4922 0.1091 1.0358 436 0.0817 14.7164 0.077 1.1332
79.6 -0.3521 10.3741 0.0831 0.8623 99.6 -0.3521 15.2463 0.0821 1.2519 346 1 74.9886 0.0313 2.3464 346 0.0698 9.4999 0.1091 1.0367 437 0.0812 14.7174 0.077 1.1332
79.7 -0.3521 10.3923 0.0831 0.8637 99.7 -0.3521 15.2740 0.0822 1.2548 347 1 75.0285 0.0313 2.3484 347 0.0695 9.5077 0.1091 1.0376 438 0.0806 14.7184 0.077 1.1333
79.8 -0.3521 10.4107 0.0831 0.8651 99.8 -0.3521 15.3018 0.0822 1.2578 348 1 75.0683 0.0313 2.3496 348 0.0692 9.5155 0.1091 1.0385 439 0.08 14.7195 0.07701 1.1335
79.9 -0.3521 10.4291 0.0831 0.8666 99.9 -0.3521 15.3297 0.0822 1.2607 349 1 75.1081 0.0313 2.3509 349 0.0689 9.5232 0.1092 1.0395 440 0.0794 14.7205 0.07701 1.1336
80.0 -0.3521 10.4475 0.0831 0.8680 100.0 -0.3521 15.3576 0.0823 1.2638 350 1 75.1479 0.0313 2.3529 350 0.0686 9.5310 0.1092 1.0403 441 0.0788 14.7216 0.07701 1.1337
80.1 -0.3521 10.4660 0.0831 0.8694 100.1 -0.3521 15.3856 0.0823 1.2667 351 1 75.1876 0.0313 2.3541 351 0.0684 9.5387 0.1092 1.0412 442 0.0782 14.7226 0.07701 1.1338
80.2 -0.3521 10.4845 0.0831 0.8707 100.2 -0.3521 15.4137 0.0824 1.2698 352 1 75.2273 0.0313 2.3561 352 0.0681 9.5464 0.1092 1.0421 443 0.0776 14.7236 0.07701 1.1339
80.3 -0.3521 10.5031 0.0830 0.8722 100.3 -0.3521 15.4419 0.0824 1.2729 353 1 75.2669 0.0313 2.3574 353 0.0678 9.5542 0.1092 1.0430 444 0.077 14.7247 0.07701 1.1339
80.4 -0.3521 10.5217 0.0830 0.8736 100.4 -0.3521 15.4701 0.0825 1.2758 354 1 75.3065 0.0313 2.3586 354 0.0675 9.5619 0.1092 1.0440 445 0.0764 14.7257 0.07701 1.1340
80.5 -0.3521 10.5405 0.0830 0.8750 100.5 -0.3521 15.4985 0.0825 1.2789 355 1 75.3460 0.0313 2.3606 355 0.0672 9.5696 0.1092 1.0448 446 0.0759 14.7268 0.07701 1.1341
80.6 -0.3521 10.5592 0.0830 0.8764 100.6 -0.3521 15.5268 0.0826 1.2820 356 1 75.3855 0.0313 2.3618 356 0.0670 9.5772 0.1092 1.0457 447 0.0753 14.7278 0.07702 1.1343
80.7 -0.3521 10.5781 0.0830 0.8778 100.7 -0.3521 15.5553 0.0826 1.2852 357 1 75.4250 0.0313 2.3638 357 0.0667 9.5849 0.1092 1.0467 448 0.0747 14.7289 0.07702 1.1344
80.8 -0.3521 10.5970 0.0830 0.8792 100.8 -0.3521 15.5838 0.0827 1.2883 358 1 75.4644 0.0313 2.3651 358 0.0664 9.5926 0.1092 1.0475 449 0.0741 14.73 0.07702 1.1345
80.9 -0.3521 10.6161 0.0830 0.8806 100.9 -0.3521 15.6125 0.0827 1.2915 359 1 75.5037 0.0314 2.3670 359 0.0661 9.6002 0.1092 1.0484 450 0.0735 14.731 0.07702 1.1346
81.0 -0.3521 10.6352 0.0829 0.8820 101.0 -0.3521 15.6412 0.0828 1.2946 360 1 75.5431 0.0314 2.3683 360 0.0659 9.6079 0.1092 1.0494 451 0.073 14.7321 0.07702 1.1347
81.1 -0.3521 10.6544 0.0829 0.8834 101.1 -0.3521 15.6699 0.0828 1.2976 361 1 75.5824 0.0314 2.3703 361 0.0656 9.6155 0.1092 1.0502 452 0.0724 14.7331 0.07702 1.1347
81.2 -0.3521 10.6737 0.0829 0.8848 101.2 -0.3521 15.6987 0.0829 1.3010 362 1 75.6216 0.0314 2.3715 362 0.0653 9.6231 0.1092 1.0511 453 0.0718 14.7342 0.07702 1.1348
81.3 -0.3521 10.6931 0.0829 0.8862 101.3 -0.3521 15.7276 0.0829 1.3041 363 1 75.6608 0.0314 2.3727 363 0.0650 9.6308 0.1092 1.0521 454 0.0712 14.7353 0.07703 1.1351
81.4 -0.3521 10.7126 0.0829 0.8876 101.4 -0.3521 15.7566 0.0830 1.3073 364 1 75.6999 0.0314 2.3747 364 0.0648 9.6384 0.1093 1.0530 455 0.0706 14.7364 0.07703 1.1351
81.5 -0.3521 10.7322 0.0828 0.8891 101.5 -0.3521 15.7857 0.0830 1.3105 365 1 75.7391 0.0314 2.3759 365 0.0645 9.6460 0.1093 1.0538 456 0.0701 14.7374 0.07703 1.1352
81.6 -0.3521 10.7520 0.0828 0.8905 101.6 -0.3521 15.8148 0.0831 1.3137 366 1 75.7781 0.0314 2.3779 366 0.0642 9.6535 0.1093 1.0547 457 0.0695 14.7385 0.07703 1.1353
81.7 -0.3521 10.7718 0.0828 0.8918 101.7 -0.3521 15.8440 0.0831 1.3170 367 1 75.8172 0.0314 2.3791 367 0.0640 9.6611 0.1093 1.0557 458 0.0689 14.7396 0.07703 1.1354
81.8 -0.3521 10.7918 0.0828 0.8932 101.8 -0.3521 15.8732 0.0832 1.3202 368 1 75.8562 0.0314 2.3811 368 0.0637 9.6687 0.1093 1.0565 459 0.0683 14.7407 0.07703 1.1355
81.9 -0.3521 10.8119 0.0828 0.8947 101.9 -0.3521 15.9026 0.0832 1.3234 369 1 75.8951 0.0314 2.3823 369 0.0634 9.6763 0.1093 1.0574 460 0.0678 14.7418 0.07703 1.1356
82.0 -0.3521 10.8321 0.0827 0.8961 102.0 -0.3521 15.9320 0.0833 1.3268 370 1 75.9340 0.0314 2.3843 370 0.0631 9.6838 0.1093 1.0583 461 0.0672 14.7429 0.07703 1.1356
82.1 -0.3521 10.8524 0.0827 0.8975 102.1 -0.3521 15.9615 0.0833 1.3301 371 1 75.9729 0.0314 2.3855 371 0.0629 9.6914 0.1093 1.0593 462 0.0666 14.7439 0.07704 1.1359
82.2 -0.3521 10.8728 0.0827 0.8990 102.2 -0.3521 15.9910 0.0834 1.3333 372 1 76.0117 0.0314 2.3875 372 0.0626 9.6989 0.1093 1.0601 463 0.0661 14.745 0.07704 1.1360
82.3 -0.3521 10.8934 0.0827 0.9003 102.3 -0.3521 16.0206 0.0834 1.3366 373 1 76.0505 0.0314 2.3887 373 0.0623 9.7064 0.1093 1.0610 464 0.0655 14.7461 0.07704 1.1360
82.4 -0.3521 10.9142 0.0826 0.9018 102.4 -0.3521 16.0503 0.0835 1.3400 374 1 76.0892 0.0314 2.3907 374 0.0621 9.7139 0.1093 1.0619 465 0.0649 14.7472 0.07704 1.1361
82.5 -0.3521 10.9350 0.0826 0.9032 102.5 -0.3521 16.0801 0.0835 1.3433 375 1 76.1279 0.0314 2.3919 375 0.0618 9.7214 0.1093 1.0628 466 0.0644 14.7483 0.07704 1.1362
82.6 -0.3521 10.9560 0.0826 0.9047 102.6 -0.3521 16.1099 0.0836 1.3466 376 1 76.1665 0.0314 2.3939 376 0.0615 9.7289 0.1093 1.0637 467 0.0638 14.7495 0.07704 1.1363
82.7 -0.3521 10.9772 0.0826 0.9062 102.7 -0.3521 16.1398 0.0837 1.3501 377 1 76.2051 0.0314 2.3951 377 0.0613 9.7364 0.1093 1.0646 468 0.0632 14.7506 0.07704 1.1364
82.8 -0.3521 10.9985 0.0825 0.9076 102.8 -0.3521 16.1697 0.0837 1.3534 378 1 76.2437 0.0314 2.3971 378 0.0610 9.7439 0.1094 1.0655 469 0.0627 14.7517 0.07704 1.1365
82.9 -0.3521 11.0199 0.0825 0.9090 102.9 -0.3521 16.1997 0.0838 1.3569 379 1 76.2822 0.0314 2.3983 379 0.0607 9.7514 0.1094 1.0664 470 0.0621 14.7528 0.07705 1.1367
83.0 -0.3521 11.0415 0.0825 0.9105 103.0 -0.3521 16.2298 0.0838 1.3602 380 1 76.3207 0.0315 2.4003 380 0.0605 9.7588 0.1094 1.0672 471 0.0615 14.7539 0.07705 1.1368
83.1 -0.3521 11.0632 0.0824 0.9121 103.1 -0.3521 16.2600 0.0839 1.3636 381 1 76.3591 0.0315 2.4023 381 0.0602 9.7663 0.1094 1.0681 472 0.061 14.755 0.07705 1.1369
83.2 -0.3521 11.0851 0.0824 0.9135 103.2 -0.3521 16.2902 0.0839 1.3671 382 1 76.3975 0.0315 2.4035 382 0.0599 9.7738 0.1094 1.0691 473 0.0604 14.7562 0.07705 1.1370
83.3 -0.3521 11.1071 0.0824 0.9150 103.3 -0.3521 16.3204 0.0840 1.3704 383 1 76.4358 0.0315 2.4054 383 0.0597 9.7812 0.1094 1.0700 474 0.0598 14.7573 0.07705 1.1370
83.4 -0.3521 11.1293 0.0824 0.9165 103.4 -0.3521 16.3508 0.0840 1.3740 384 1 76.4741 0.0315 2.4066 384 0.0594 9.7886 0.1094 1.0708 475 0.0593 14.7584 0.07705 1.1371
83.5 -0.3521 11.1516 0.0823 0.9179 103.5 -0.3521 16.3812 0.0841 1.3773 385 1 76.5124 0.0315 2.4086 385 0.0591 9.7960 0.1094 1.0717 476 0.0587 14.7596 0.07705 1.1372
83.6 -0.3521 11.1740 0.0823 0.9194 103.6 -0.3521 16.4117 0.0841 1.3809 386 1 76.5506 0.0315 2.4098 386 0.0589 9.8035 0.1094 1.0726 477 0.0582 14.7607 0.07705 1.1373
83.7 -0.3521 11.1966 0.0823 0.9209 103.7 -0.3521 16.4422 0.0842 1.3843 387 1 76.5888 0.0315 2.4118 387 0.0586 9.8109 0.1094 1.0735 478 0.0576 14.7618 0.07706 1.1375
83.8 -0.3521 11.2193 0.0822 0.9225 103.8 -0.3521 16.4728 0.0843 1.3878 388 1 76.6269 0.0315 2.4130 388 0.0583 9.8183 0.1094 1.0744 479 0.0571 14.763 0.07706 1.1376
83.9 -0.3521 11.2422 0.0822 0.9240 103.9 -0.3521 16.5035 0.0843 1.3914 389 1 76.6650 0.0315 2.4149 389 0.0581 9.8257 0.1094 1.0752 480 0.0565 14.7641 0.07706 1.1377
84.0 -0.3521 11.2651 0.0822 0.9254 104.0 -0.3521 16.5342 0.0844 1.3948 390 1 76.7030 0.0315 2.4169 390 0.0578 9.8330 0.1094 1.0761 481 0.0559 14.7653 0.07706 1.1378
84.1 -0.3521 11.2882 0.0821 0.9270 104.1 -0.3521 16.5650 0.0844 1.3984 391 1 76.7410 0.0315 2.4181 391 0.0576 9.8404 0.1095 1.0770 482 0.0554 14.7664 0.07706 1.1379
LENGTH
(in cm)
WEIGHT-FOR-LENGTH
HEIGHT
(in cm)
WEIGHT-FOR-HEIGHT
DAYS
HEIGHT/LENGTH-FOR-AGE
DAYS
WEIGHT-FOR-AGE
DAYS
MUAC
L M S SD L M S SD L M S SD L M S SD L M S SD
84.2 -0.3521 11.3114 0.0821 0.9286 104.2 -0.3521 16.5959 0.0845 1.4019 392 1 76.7790 0.0315 2.4201 392 0.0573 9.8478 0.1095 1.0779 483 0.0548 14.7676 0.07706 1.1380
84.3 -0.3521 11.3347 0.0821 0.9300 104.3 -0.3521 16.6268 0.0845 1.4055 393 1 76.8169 0.0315 2.4213 393 0.0570 9.8551 0.1095 1.0788 484 0.0543 14.7688 0.07706 1.1381
84.4 -0.3521 11.3581 0.0820 0.9316 104.4 -0.3521 16.6579 0.0846 1.4089 394 1 76.8548 0.0315 2.4232 394 0.0568 9.8625 0.1095 1.0797 485 0.0537 14.7699 0.07706 1.1382
84.5 -0.3521 11.3817 0.0820 0.9331 104.5 -0.3521 16.6889 0.0846 1.4125 395 1 76.8926 0.0315 2.4252 395 0.0565 9.8699 0.1095 1.0806 486 0.0532 14.7711 0.07707 1.1384
84.6 -0.3521 11.4053 0.0820 0.9347 104.6 -0.3521 16.7201 0.0847 1.4162 396 1 76.9304 0.0315 2.4264 396 0.0563 9.8772 0.1095 1.0815 487 0.0526 14.7723 0.07707 1.1385
84.7 -0.3521 11.4290 0.0819 0.9361 104.7 -0.3521 16.7513 0.0848 1.4197 397 1 76.9682 0.0316 2.4283 397 0.0560 9.8845 0.1095 1.0824 488 0.0521 14.7734 0.07707 1.1386
84.8 -0.3521 11.4529 0.0819 0.9378 104.8 -0.3521 16.7826 0.0848 1.4233 398 1 77.0059 0.0316 2.4295 398 0.0557 9.8918 0.1095 1.0833 489 0.0515 14.7746 0.07707 1.1387
84.9 -0.3521 11.4768 0.0818 0.9393 104.9 -0.3521 16.8139 0.0849 1.4270 399 1 77.0435 0.0316 2.4315 399 0.0555 9.8992 0.1095 1.0842 490 0.051 14.7758 0.07707 1.1388
85.0 -0.3521 11.5007 0.0818 0.9409 105.0 -0.3521 16.8454 0.0849 1.4307 400 1 77.0812 0.0316 2.4335 400 0.0552 9.9065 0.1095 1.0851 491 0.0504 14.777 0.07707 1.1389
85.1 -0.3521 11.5248 0.0818 0.9424 105.1 -0.3521 16.8769 0.0850 1.4342 401 1 77.1187 0.0316 2.4346 401 0.0550 9.9138 0.1095 1.0860 492 0.0499 14.7782 0.07707 1.1390
85.2 -0.3521 11.5490 0.0817 0.9440 105.2 -0.3521 16.9084 0.0850 1.4379 402 1 77.1563 0.0316 2.4366 402 0.0547 9.9211 0.1095 1.0868 493 0.0493 14.7794 0.07707 1.1390
85.3 -0.3521 11.5732 0.0817 0.9455 105.3 -0.3521 16.9401 0.0851 1.4416 403 1 77.1938 0.0316 2.4386 403 0.0545 9.9284 0.1096 1.0877 494 0.0488 14.7805 0.07707 1.1391
85.4 -0.3521 11.5975 0.0817 0.9471 105.4 -0.3521 16.9718 0.0852 1.4453 404 1 77.2313 0.0316 2.4397 404 0.0542 9.9357 0.1096 1.0886 495 0.0482 14.7817 0.07708 1.1394
85.5 -0.3521 11.6218 0.0816 0.9487 105.5 -0.3521 17.0036 0.0852 1.4489 405 1 77.2687 0.0316 2.4417 405 0.0540 9.9429 0.1096 1.0894 496 0.0477 14.7829 0.07708 1.1395
85.6 -0.3521 11.6462 0.0816 0.9502 105.6 -0.3521 17.0355 0.0853 1.4526 406 1 77.3060 0.0316 2.4429 406 0.0537 9.9502 0.1096 1.0903 497 0.0471 14.7842 0.07708 1.1396
85.7 -0.3521 11.6707 0.0816 0.9519 105.7 -0.3521 17.0674 0.0853 1.4564 407 1 77.3434 0.0316 2.4448 407 0.0534 9.9575 0.1096 1.0912 498 0.0466 14.7854 0.07708 1.1397
85.8 -0.3521 11.6952 0.0815 0.9534 105.8 -0.3521 17.0995 0.0854 1.4601 408 1 77.3807 0.0316 2.4468 408 0.0532 9.9647 0.1096 1.0921 499 0.0461 14.7866 0.07708 1.1398
85.9 -0.3521 11.7198 0.0815 0.9549 105.9 -0.3521 17.1316 0.0855 1.4639 409 1 77.4179 0.0316 2.4480 409 0.0529 9.9720 0.1096 1.0930 500 0.0455 14.7878 0.07708 1.1398
86.0 -0.3521 11.7444 0.0815 0.9566 106.0 -0.3521 17.1637 0.0855 1.4677 410 1 77.4551 0.0316 2.4499 410 0.0527 9.9792 0.1096 1.0938 501 0.045 14.789 0.07708 1.1399
86.1 -0.3521 11.7690 0.0814 0.9581 106.1 -0.3521 17.1960 0.0856 1.4715 411 1 77.4923 0.0316 2.4519 411 0.0524 9.9865 0.1096 1.0947 502 0.0444 14.7902 0.07708 1.1400
86.2 -0.3521 11.7937 0.0814 0.9598 106.2 -0.3521 17.2283 0.0856 1.4751 412 1 77.5295 0.0316 2.4530 412 0.0522 9.9937 0.1096 1.0956 503 0.0439 14.7914 0.07708 1.1401
86.3 -0.3521 11.8184 0.0813 0.9613 106.3 -0.3521 17.2607 0.0857 1.4789 413 1 77.5665 0.0317 2.4550 413 0.0519 10.0009 0.1096 1.0965 504 0.0434 14.7927 0.07709 1.1404
86.4 -0.3521 11.8431 0.0813 0.9630 106.4 -0.3521 17.2931 0.0857 1.4827 414 1 77.6036 0.0317 2.4569 414 0.0517 10.0082 0.1097 1.0974 505 0.0428 14.7939 0.07709 1.1405
86.5 -0.3521 11.8678 0.0813 0.9646 106.5 -0.3521 17.3256 0.0858 1.4865 415 1 77.6406 0.0317 2.4581 415 0.0514 10.0154 0.1097 1.0983 506 0.0423 14.7951 0.07709 1.1406
86.6 -0.3521 11.8926 0.0812 0.9662 106.6 -0.3521 17.3582 0.0859 1.4904 416 1 77.6776 0.0317 2.4600 416 0.0512 10.0226 0.1097 1.0992 507 0.0417 14.7964 0.07709 1.1407
86.7 -0.3521 11.9173 0.0812 0.9678 106.7 -0.3521 17.3909 0.0859 1.4942 417 1 77.7145 0.0317 2.4620 417 0.0509 10.0298 0.1097 1.1001 508 0.0412 14.7976 0.07709 1.1407
86.8 -0.3521 11.9421 0.0812 0.9695 106.8 -0.3521 17.4237 0.0860 1.4983 418 1 77.7514 0.0317 2.4632 418 0.0507 10.0370 0.1097 1.1010 509 0.0407 14.7989 0.07709 1.1408
86.9 -0.3521 11.9668 0.0811 0.9710 106.9 -0.3521 17.4565 0.0861 1.5021 419 1 77.7883 0.0317 2.4651 419 0.0504 10.0442 0.1097 1.1018 510 0.0401 14.8001 0.07709 1.1409
87.0 -0.3521 11.9916 0.0811 0.9726 107.0 -0.3521 17.4894 0.0861 1.5060 420 1 77.8251 0.0317 2.4671 420 0.0502 10.0514 0.1097 1.1027 511 0.0396 14.8013 0.07709 1.1410
87.1 -0.3521 12.0163 0.0811 0.9743 107.1 -0.3521 17.5224 0.0862 1.5099 421 1 77.8618 0.0317 2.4682 421 0.0499 10.0586 0.1097 1.1035 512 0.0391 14.8026 0.07709 1.1411
87.2 -0.3521 12.0411 0.0811 0.9759 107.2 -0.3521 17.5554 0.0862 1.5138 422 1 77.8986 0.0317 2.4702 422 0.0497 10.0657 0.1097 1.1044 513 0.0385 14.8039 0.0771 1.1414
87.3 -0.3521 12.0658 0.0810 0.9776 107.3 -0.3521 17.5885 0.0863 1.5177 423 1 77.9353 0.0317 2.4721 423 0.0494 10.0729 0.1097 1.1053 514 0.038 14.8051 0.0771 1.1415
87.4 -0.3521 12.0905 0.0810 0.9792 107.4 -0.3521 17.6217 0.0864 1.5216 424 1 77.9719 0.0317 2.4733 424 0.0492 10.0801 0.1097 1.1062 515 0.0375 14.8064 0.0771 1.1416
87.5 -0.3521 12.1152 0.0810 0.9808 107.5 -0.3521 17.6550 0.0864 1.5256 425 1 78.0085 0.0317 2.4752 425 0.0489 10.0872 0.1098 1.1071 516 0.0369 14.8076 0.0771 1.1417
87.6 -0.3521 12.1398 0.0809 0.9825 107.6 -0.3521 17.6884 0.0865 1.5297 426 1 78.0451 0.0317 2.4772 426 0.0487 10.0944 0.1098 1.1080 517 0.0364 14.8089 0.0771 1.1418
87.7 -0.3521 12.1645 0.0809 0.9841 107.7 -0.3521 17.7218 0.0865 1.5336 427 1 78.0817 0.0318 2.4791 427 0.0484 10.1015 0.1098 1.1088 518 0.0359 14.8102 0.0771 1.1419
87.8 -0.3521 12.1891 0.0809 0.9857 107.8 -0.3521 17.7553 0.0866 1.5376 428 1 78.1182 0.0318 2.4803 428 0.0482 10.1087 0.1098 1.1097 519 0.0353 14.8115 0.0771 1.1420
87.9 -0.3521 12.2136 0.0808 0.9873 107.9 -0.3521 17.7889 0.0867 1.5416 429 1 78.1546 0.0318 2.4822 429 0.0479 10.1158 0.1098 1.1106 520 0.0348 14.8127 0.0771 1.1421
88.0 -0.3521 12.2382 0.0808 0.9891 108.0 -0.3521 17.8226 0.0867 1.5458 430 1 78.1911 0.0318 2.4841 430 0.0477 10.1230 0.1098 1.1115 521 0.0343 14.814 0.0771 1.1422
88.1 -0.3521 12.2627 0.0808 0.9907 108.1 -0.3521 17.8564 0.0868 1.5498 431 1 78.2275 0.0318 2.4853 431 0.0475 10.1301 0.1098 1.1124 522 0.0338 14.8153 0.07711 1.1424
88.2 -0.3521 12.2871 0.0808 0.9923 108.2 -0.3521 17.8903 0.0869 1.5538 432 1 78.2638 0.0318 2.4872 432 0.0472 10.1372 0.1098 1.1133 523 0.0332 14.8166 0.07711 1.1425
88.3 -0.3521 12.3116 0.0807 0.9940 108.3 -0.3521 17.9242 0.0869 1.5578 433 1 78.3001 0.0318 2.4892 433 0.0470 10.1443 0.1098 1.1141 524 0.0327 14.8179 0.07711 1.1426
88.4 -0.3521 12.3360 0.0807 0.9956 108.4 -0.3521 17.9583 0.0870 1.5620 434 1 78.3364 0.0318 2.4911 434 0.0467 10.1515 0.1098 1.1150 525 0.0322 14.8192 0.07711 1.1427
88.5 -0.3521 12.3603 0.0807 0.9974 108.5 -0.3521 17.9924 0.0870 1.5661 435 1 78.3727 0.0318 2.4923 435 0.0465 10.1586 0.1099 1.1159 526 0.0317 14.8205 0.07711 1.1428
88.6 -0.3521 12.3846 0.0807 0.9991 108.6 -0.3521 18.0267 0.0871 1.5701 436 1 78.4089 0.0318 2.4942 436 0.0462 10.1657 0.1099 1.1168 527 0.0311 14.8218 0.07711 1.1429
88.7 -0.3521 12.4089 0.0806 1.0007 108.7 -0.3521 18.0610 0.0872 1.5744 437 1 78.4451 0.0318 2.4961 437 0.0460 10.1728 0.1099 1.1177 528 0.0306 14.8231 0.07711 1.1430
88.8 -0.3521 12.4332 0.0806 1.0024 108.8 -0.3521 18.0954 0.0872 1.5785 438 1 78.4812 0.0318 2.4981 438 0.0458 10.1799 0.1099 1.1186 529 0.0301 14.8244 0.07711 1.1431
88.9 -0.3521 12.4574 0.0806 1.0041 108.9 -0.3521 18.1299 0.0873 1.5827 439 1 78.5173 0.0318 2.4992 439 0.0455 10.1870 0.1099 1.1194 530 0.0296 14.8257 0.07711 1.1432
89.0 -0.3521 12.4815 0.0806 1.0058 109.0 -0.3521 18.1645 0.0874 1.5869 440 1 78.5534 0.0318 2.5011 440 0.0453 10.1941 0.1099 1.1203 531 0.0291 14.827 0.07711 1.1433
LENGTH
(in cm)
WEIGHT-FOR-LENGTH
HEIGHT
(in cm)
WEIGHT-FOR-HEIGHT
DAYS
HEIGHT/LENGTH-FOR-AGE
DAYS
WEIGHT-FOR-AGE
DAYS
MUAC
L M S SD L M S SD L M S SD L M S SD L M S SD
89.1 -0.3521 12.5057 0.0806 1.0075 109.1 -0.3521 18.1992 0.0874 1.5910 441 1 78.5894 0.0319 2.5031 441 0.0450 10.2011 0.1099 1.1212 532 0.0285 14.8283 0.07712 1.1436
89.2 -0.3521 12.5298 0.0805 1.0092 109.2 -0.3521 18.2340 0.0875 1.5953 442 1 78.6254 0.0319 2.5050 442 0.0448 10.2082 0.1099 1.1221 533 0.028 14.8296 0.07712 1.1437
89.3 -0.3521 12.5538 0.0805 1.0108 109.3 -0.3521 18.2689 0.0876 1.5994 443 1 78.6614 0.0319 2.5062 443 0.0445 10.2153 0.1099 1.1230 534 0.0275 14.8309 0.07712 1.1438
89.4 -0.3521 12.5778 0.0805 1.0125 109.4 -0.3521 18.3039 0.0876 1.6038 444 1 78.6973 0.0319 2.5081 444 0.0443 10.2224 0.1099 1.1239 535 0.027 14.8323 0.07712 1.1439
89.5 -0.3521 12.6017 0.0805 1.0142 109.5 -0.3521 18.3390 0.0877 1.6080 445 1 78.7332 0.0319 2.5100 445 0.0441 10.2294 0.1100 1.1247 536 0.0265 14.8336 0.07712 1.1440
89.6 -0.3521 12.6257 0.0805 1.0160 109.6 -0.3521 18.3742 0.0877 1.6122 446 1 78.7691 0.0319 2.5119 446 0.0438 10.2365 0.1100 1.1256 537 0.0259 14.8349 0.07712 1.1441
89.7 -0.3521 12.6495 0.0805 1.0177 109.7 -0.3521 18.4094 0.0878 1.6165 447 1 78.8049 0.0319 2.5131 447 0.0436 10.2435 0.1100 1.1265 538 0.0254 14.8362 0.07712 1.1442
89.8 -0.3521 12.6734 0.0804 1.0194 109.8 -0.3521 18.4448 0.0879 1.6207 448 1 78.8407 0.0319 2.5150 448 0.0433 10.2506 0.1100 1.1274 539 0.0249 14.8376 0.07712 1.1443
89.9 -0.3521 12.6972 0.0804 1.0211 109.9 -0.3521 18.4802 0.0879 1.6251 449 1 78.8764 0.0319 2.5169 449 0.0431 10.2576 0.1100 1.1282 540 0.0244 14.8389 0.07712 1.1444
90.0 -0.3521 12.7209 0.0804 1.0229 110.0 -0.3521 18.5158 0.0880 1.6294 450 1 78.9122 0.0319 2.5189 450 0.0429 10.2647 0.1100 1.1291 541 0.0239 14.8403 0.07713 1.1446
90.1 -0.3521 12.7446 0.0804 1.0245 110.1 -0.3521 18.5514 0.0881 1.6336 451 1 78.9479 0.0319 2.5200 451 0.0426 10.2717 0.1100 1.1300 542 0.0234 14.8416 0.07713 1.1447
90.2 -0.3521 12.7683 0.0804 1.0263 110.2 -0.3521 18.5871 0.0881 1.6381 452 1 78.9835 0.0319 2.5219 452 0.0424 10.2788 0.1100 1.1309 543 0.0228 14.843 0.07713 1.1448
90.3 -0.3521 12.7920 0.0804 1.0281 110.3 -0.3521 18.6229 0.0882 1.6424 453 1 79.0191 0.0319 2.5239 453 0.0422 10.2858 0.1100 1.1317 544 0.0223 14.8443 0.07713 1.1449
90.4 -0.3521 12.8156 0.0804 1.0297 110.4 -0.3521 18.6588 0.0883 1.6468 454 1 79.0547 0.0320 2.5258 454 0.0419 10.2928 0.1101 1.1327 545 0.0218 14.8457 0.07713 1.1450
90.5 -0.3521 12.8392 0.0803 1.0315 110.5 -0.3521 18.6948 0.0883 1.6511 455 1 79.0903 0.0320 2.5277 455 0.0417 10.2998 0.1101 1.1336 546 0.0213 14.847 0.07713 1.1451
90.6 -0.3521 12.8628 0.0803 1.0333 110.6 -0.3521 18.7308 0.0884 1.6554 456 1 79.1258 0.0320 2.5289 456 0.0414 10.3069 0.1101 1.1345 547 0.0208 14.8484 0.07713 1.1453
90.7 -0.3521 12.8864 0.0803 1.0350 110.7 -0.3521 18.7670 0.0885 1.6599 457 1 79.1613 0.0320 2.5308 457 0.0412 10.3139 0.1101 1.1354 548 0.0203 14.8497 0.07713 1.1454
90.8 -0.3521 12.9099 0.0803 1.0368 110.8 -0.3521 18.8032 0.0885 1.6643 458 1 79.1968 0.0320 2.5327 458 0.0410 10.3209 0.1101 1.1362 549 0.0198 14.8511 0.07713 1.1455
90.9 -0.3521 12.9334 0.0803 1.0386 110.9 -0.3521 18.8395 0.0886 1.6688 459 1 79.2322 0.0320 2.5346 459 0.0407 10.3279 0.1101 1.1371 550 0.0193 14.8525 0.07714 1.1457
91.0 -0.3521 12.9569 0.0803 1.0404 111.0 -0.3521 18.8759 0.0886 1.6732 460 1 79.2676 0.0320 2.5366 460 0.0405 10.3349 0.1101 1.1380 551 0.0188 14.8539 0.07714 1.1458
91.1 -0.3521 12.9804 0.0803 1.0422 111.1 -0.3521 18.9123 0.0887 1.6777 461 1 79.3030 0.0320 2.5377 461 0.0403 10.3419 0.1101 1.1389 552 0.0183 14.8552 0.07714 1.1459
91.2 -0.3521 13.0038 0.0803 1.0439 111.2 -0.3521 18.9489 0.0888 1.6821 462 1 79.3383 0.0320 2.5396 462 0.0400 10.3489 0.1101 1.1397 553 0.0177 14.8566 0.07714 1.1460
91.3 -0.3521 13.0273 0.0803 1.0457 111.3 -0.3521 18.9855 0.0888 1.6865 463 1 79.3736 0.0320 2.5415 463 0.0398 10.3559 0.1101 1.1406 554 0.0172 14.858 0.07714 1.1461
91.4 -0.3521 13.0507 0.0803 1.0476 111.4 -0.3521 19.0222 0.0889 1.6911 464 1 79.4089 0.0320 2.5435 464 0.0396 10.3629 0.1102 1.1415 555 0.0167 14.8594 0.07714 1.1463
91.5 -0.3521 13.0742 0.0803 1.0493 111.5 -0.3521 19.0590 0.0890 1.6955 465 1 79.4441 0.0320 2.5454 465 0.0393 10.3699 0.1102 1.1423 556 0.0162 14.8608 0.07714 1.1464
91.6 -0.3521 13.0976 0.0803 1.0512 111.6 -0.3521 19.0958 0.0890 1.7001 466 1 79.4793 0.0320 2.5465 466 0.0391 10.3769 0.1102 1.1432 557 0.0157 14.8622 0.07714 1.1465
91.7 -0.3521 13.1209 0.0803 1.0530 111.7 -0.3521 19.1327 0.0891 1.7045 467 1 79.5145 0.0321 2.5484 467 0.0389 10.3839 0.1102 1.1442 558 0.0152 14.8635 0.07714 1.1466
91.8 -0.3521 13.1443 0.0803 1.0548 111.8 -0.3521 19.1697 0.0892 1.7090 468 1 79.5496 0.0321 2.5504 468 0.0386 10.3908 0.1102 1.1451 559 0.0147 14.8649 0.07714 1.1467
91.9 -0.3521 13.1677 0.0803 1.0567 111.9 -0.3521 19.2067 0.0892 1.7136 469 1 79.5847 0.0321 2.5523 469 0.0384 10.3978 0.1102 1.1459 560 0.0142 14.8663 0.07715 1.1469
92.0 -0.3521 13.1910 0.0803 1.0586 112.0 -0.3521 19.2439 0.0893 1.7181 470 1 79.6198 0.0321 2.5542 470 0.0382 10.4048 0.1102 1.1468 561 0.0137 14.8677 0.07715 1.1470
92.1 -0.3521 13.2143 0.0803 1.0604 112.1 -0.3521 19.2810 0.0893 1.7226 471 1 79.6548 0.0321 2.5561 471 0.0379 10.4118 0.1102 1.1477 562 0.0132 14.8692 0.07715 1.1472
92.2 -0.3521 13.2376 0.0802 1.0622 112.2 -0.3521 19.3183 0.0894 1.7272 472 1 79.6898 0.0321 2.5572 472 0.0377 10.4187 0.1102 1.1486 563 0.0127 14.8706 0.07715 1.1473
92.3 -0.3521 13.2609 0.0802 1.0641 112.3 -0.3521 19.3556 0.0895 1.7317 473 1 79.7248 0.0321 2.5592 473 0.0375 10.4257 0.1103 1.1494 564 0.0122 14.872 0.07715 1.1474
92.4 -0.3521 13.2842 0.0802 1.0659 112.4 -0.3521 19.3930 0.0895 1.7363 474 1 79.7598 0.0321 2.5611 474 0.0373 10.4326 0.1103 1.1503 565 0.0117 14.8734 0.07715 1.1475
92.5 -0.3521 13.3075 0.0803 1.0679 112.5 -0.3521 19.4304 0.0896 1.7410 475 1 79.7947 0.0321 2.5630 475 0.0370 10.4396 0.1103 1.1512 566 0.0112 14.8748 0.07715 1.1476
92.6 -0.3521 13.3308 0.0803 1.0698 112.6 -0.3521 19.4679 0.0897 1.7455 476 1 79.8296 0.0321 2.5649 476 0.0368 10.4465 0.1103 1.1521 567 0.0107 14.8762 0.07715 1.1477
92.7 -0.3521 13.3541 0.0803 1.0717 112.7 -0.3521 19.5055 0.0897 1.7500 477 1 79.8644 0.0321 2.5668 477 0.0366 10.4535 0.1103 1.1530 568 0.0102 14.8777 0.07716 1.1480
92.8 -0.3521 13.3773 0.0803 1.0735 112.8 -0.3521 19.5431 0.0898 1.7548 478 1 79.8993 0.0321 2.5680 478 0.0363 10.4604 0.1103 1.1539 569 0.0097 14.8791 0.07716 1.1481
92.9 -0.3521 13.4006 0.0803 1.0755 112.9 -0.3521 19.5807 0.0899 1.7593 479 1 79.9341 0.0322 2.5699 479 0.0361 10.4674 0.1103 1.1548 570 0.0092 14.8805 0.07716 1.1482
93.0 -0.3521 13.4239 0.0803 1.0774 113.0 -0.3521 19.6185 0.0899 1.7639 480 1 79.9688 0.0322 2.5718 480 0.0359 10.4743 0.1103 1.1556 571 0.0087 14.882 0.07716 1.1483
93.1 -0.3521 13.4472 0.0803 1.0794 113.1 -0.3521 19.6563 0.0900 1.7685 481 1 80.0036 0.0322 2.5737 481 0.0357 10.4813 0.1103 1.1565 572 0.0082 14.8834 0.07716 1.1484
93.2 -0.3521 13.4705 0.0803 1.0813 113.2 -0.3521 19.6941 0.0900 1.7733 482 1 80.0383 0.0322 2.5756 482 0.0354 10.4882 0.1104 1.1574 573 0.0077 14.8848 0.07716 1.1485
93.3 -0.3521 13.4937 0.0803 1.0833 113.3 -0.3521 19.7321 0.0901 1.7779 483 1 80.0729 0.0322 2.5775 483 0.0352 10.4951 0.1104 1.1583 574 0.0072 14.8863 0.07716 1.1486
93.4 -0.3521 13.5171 0.0803 1.0852 113.4 -0.3521 19.7700 0.0902 1.7825 484 1 80.1076 0.0322 2.5795 484 0.0350 10.5020 0.1104 1.1592 575 0.0067 14.8877 0.07716 1.1487
93.5 -0.3521 13.5404 0.0803 1.0872 113.5 -0.3521 19.8081 0.0902 1.7871 485 1 80.1422 0.0322 2.5806 485 0.0347 10.5090 0.1104 1.1601 576 0.0062 14.8892 0.07716 1.1489
93.6 -0.3521 13.5637 0.0803 1.0892 113.6 -0.3521 19.8461 0.0903 1.7919 486 1 80.1768 0.0322 2.5825 486 0.0345 10.5159 0.1104 1.1610 577 0.0057 14.8906 0.07717 1.1491
93.7 -0.3521 13.5870 0.0803 1.0912 113.7 -0.3521 19.8843 0.0904 1.7965 487 1 80.2113 0.0322 2.5844 487 0.0343 10.5228 0.1104 1.1618 578 0.0052 14.8921 0.07717 1.1492
93.8 -0.3521 13.6104 0.0803 1.0932 113.8 -0.3521 19.9225 0.0904 1.8012 488 1 80.2459 0.0322 2.5863 488 0.0341 10.5297 0.1104 1.1627 579 0.0047 14.8936 0.07717 1.1493
93.9 -0.3521 13.6338 0.0803 1.0952 113.9 -0.3521 19.9607 0.0905 1.8058 489 1 80.2804 0.0322 2.5882 489 0.0338 10.5366 0.1104 1.1637 580 0.0043 14.895 0.07717 1.1494
LENGTH
(in cm)
WEIGHT-FOR-LENGTH
HEIGHT
(in cm)
WEIGHT-FOR-HEIGHT
DAYS
HEIGHT/LENGTH-FOR-AGE
DAYS
WEIGHT-FOR-AGE
DAYS
MUAC
L M S SD L M S SD L M S SD L M S SD L M S SD
94.0 -0.3521 13.6572 0.0803 1.0972 114.0 -0.3521 19.9990 0.0905 1.8107 490 1 80.3148 0.0323 2.5902 490 0.0336 10.5435 0.1105 1.1645 581 0.0038 14.8965 0.07717 1.1496
94.1 -0.3521 13.6806 0.0804 1.0992 114.1 -0.3521 20.0373 0.0906 1.8154 491 1 80.3493 0.0323 2.5921 491 0.0334 10.5505 0.1105 1.1654 582 0.0033 14.898 0.07717 1.1497
94.2 -0.3521 13.7041 0.0804 1.1013 114.2 -0.3521 20.0757 0.0907 1.8201 492 1 80.3837 0.0323 2.5932 492 0.0332 10.5574 0.1105 1.1663 583 0.0028 14.8995 0.07717 1.1498
94.3 -0.3521 13.7275 0.0804 1.1033 114.3 -0.3521 20.1142 0.0907 1.8248 493 1 80.4181 0.0323 2.5951 493 0.0329 10.5643 0.1105 1.1671 584 0.0023 14.9009 0.07717 1.1499
94.4 -0.3521 13.7510 0.0804 1.1053 114.4 -0.3521 20.1527 0.0908 1.8297 494 1 80.4524 0.0323 2.5970 494 0.0327 10.5712 0.1105 1.1681 585 0.0018 14.9024 0.07718 1.1502
94.5 -0.3521 13.7746 0.0804 1.1075 114.5 -0.3521 20.1912 0.0909 1.8344 495 1 80.4867 0.0323 2.5989 495 0.0325 10.5780 0.1105 1.1690 586 0.0013 14.9039 0.07718 1.1503
94.6 -0.3521 13.7981 0.0804 1.1095 114.6 -0.3521 20.2298 0.0909 1.8391 496 1 80.5210 0.0323 2.6008 496 0.0323 10.5849 0.1105 1.1698 587 0.0008 14.9054 0.07718 1.1504
94.7 -0.3521 13.8217 0.0804 1.1117 114.7 -0.3521 20.2684 0.0910 1.8438 497 1 80.5553 0.0323 2.6027 497 0.0320 10.5918 0.1105 1.1707 588 0.0003 14.9069 0.07718 1.1505
94.8 -0.3521 13.8454 0.0804 1.1137 114.8 -0.3521 20.3071 0.0910 1.8486 498 1 80.5895 0.0323 2.6047 498 0.0318 10.5987 0.1105 1.1716 589 -0.0001 14.9084 0.07718 1.1506
94.9 -0.3521 13.8691 0.0805 1.1159 114.9 -0.3521 20.3458 0.0911 1.8535 499 1 80.6237 0.0323 2.6066 499 0.0316 10.6056 0.1106 1.1726 590 -0.0006 14.9099 0.07718 1.1507
95.0 -0.3521 13.8928 0.0805 1.1180 115.0 -0.3521 20.3846 0.0912 1.8583 500 1 80.6578 0.0323 2.6085 500 0.0314 10.6125 0.1106 1.1734 591 -0.0011 14.9114 0.07718 1.1509
95.1 -0.3521 13.9165 0.0805 1.1201 115.1 -0.3521 20.4233 0.0912 1.8630 501 1 80.6920 0.0323 2.6096 501 0.0312 10.6193 0.1106 1.1743 592 -0.0016 14.9129 0.07718 1.1510
95.2 -0.3521 13.9403 0.0805 1.1223 115.2 -0.3521 20.4622 0.0913 1.8678 502 1 80.7261 0.0324 2.6115 502 0.0309 10.6262 0.1106 1.1752 593 -0.0021 14.9144 0.07718 1.1511
95.3 -0.3521 13.9642 0.0805 1.1244 115.3 -0.3521 20.5010 0.0913 1.8726 503 1 80.7602 0.0324 2.6134 503 0.0307 10.6331 0.1106 1.1760 594 -0.0026 14.916 0.07719 1.1514
95.4 -0.3521 13.9881 0.0805 1.1266 115.4 -0.3521 20.5400 0.0914 1.8774 504 1 80.7942 0.0324 2.6153 504 0.0305 10.6399 0.1106 1.1770 595 -0.0031 14.9175 0.07719 1.1515
95.5 -0.3521 14.0120 0.0806 1.1288 115.5 -0.3521 20.5789 0.0915 1.8824 505 1 80.8282 0.0324 2.6172 505 0.0303 10.6468 0.1106 1.1779 596 -0.0035 14.919 0.07719 1.1516
95.6 -0.3521 14.0360 0.0806 1.1310 115.6 -0.3521 20.6179 0.0915 1.8872 506 1 80.8622 0.0324 2.6191 506 0.0300 10.6537 0.1106 1.1787 597 -0.004 14.9205 0.07719 1.1517
95.7 -0.3521 14.0600 0.0806 1.1332 115.7 -0.3521 20.6569 0.0916 1.8920 507 1 80.8961 0.0324 2.6210 507 0.0298 10.6605 0.1107 1.1796 598 -0.0045 14.9221 0.07719 1.1518
95.8 -0.3521 14.0841 0.0806 1.1355 115.8 -0.3521 20.6959 0.0917 1.8968 508 1 80.9301 0.0324 2.6229 508 0.0296 10.6674 0.1107 1.1806 599 -0.005 14.9236 0.07719 1.1520
95.9 -0.3521 14.1083 0.0806 1.1377 115.9 -0.3521 20.7350 0.0917 1.9016 509 1 80.9640 0.0324 2.6249 509 0.0294 10.6742 0.1107 1.1814 600 -0.0055 14.9251 0.07719 1.1521
96.0 -0.3521 14.1325 0.0807 1.1401 116.0 -0.3521 20.7741 0.0918 1.9064 510 1 80.9978 0.0324 2.6268 510 0.0292 10.6811 0.1107 1.1823 601 -0.006 14.9267 0.0772 1.1523
96.1 -0.3521 14.1567 0.0807 1.1423 116.1 -0.3521 20.8132 0.0918 1.9113 511 1 81.0317 0.0324 2.6287 511 0.0289 10.6879 0.1107 1.1832 602 -0.0064 14.9282 0.0772 1.1525
96.2 -0.3521 14.1811 0.0807 1.1446 116.2 -0.3521 20.8524 0.0919 1.9163 512 1 81.0655 0.0325 2.6306 512 0.0287 10.6948 0.1107 1.1841 603 -0.0069 14.9298 0.0772 1.1526
96.3 -0.3521 14.2055 0.0807 1.1468 116.3 -0.3521 20.8916 0.0920 1.9212 513 1 81.0992 0.0325 2.6317 513 0.0285 10.7016 0.1107 1.1850 604 -0.0074 14.9313 0.0772 1.1527
96.4 -0.3521 14.2299 0.0808 1.1492 116.4 -0.3521 20.9308 0.0920 1.9261 514 1 81.1330 0.0325 2.6336 514 0.0283 10.7084 0.1107 1.1858 605 -0.0079 14.9329 0.0772 1.1528
96.5 -0.3521 14.2544 0.0808 1.1515 116.5 -0.3521 20.9700 0.0921 1.9309 515 1 81.1667 0.0325 2.6355 515 0.0281 10.7153 0.1108 1.1867 606 -0.0083 14.9345 0.0772 1.1529
96.6 -0.3521 14.2790 0.0808 1.1539 116.6 -0.3521 21.0093 0.0921 1.9358 516 1 81.2004 0.0325 2.6374 516 0.0279 10.7221 0.1108 1.1877 607 -0.0088 14.936 0.0772 1.1531
96.7 -0.3521 14.3037 0.0808 1.1562 116.7 -0.3521 21.0486 0.0922 1.9407 517 1 81.2340 0.0325 2.6393 517 0.0276 10.7289 0.1108 1.1885 608 -0.0093 14.9376 0.0772 1.1532
96.8 -0.3521 14.3284 0.0809 1.1586 116.8 -0.3521 21.0879 0.0923 1.9458 518 1 81.2677 0.0325 2.6412 518 0.0274 10.7357 0.1108 1.1894 609 -0.0098 14.9392 0.07721 1.1535
96.9 -0.3521 14.3533 0.0809 1.1610 116.9 -0.3521 21.1272 0.0923 1.9507 519 1 81.3013 0.0325 2.6431 519 0.0272 10.7426 0.1108 1.1904 610 -0.0103 14.9407 0.07721 1.1536
97.0 -0.3521 14.3782 0.0809 1.1635 117.0 -0.3521 21.1666 0.0924 1.9556 520 1 81.3348 0.0325 2.6450 520 0.0270 10.7494 0.1108 1.1912 611 -0.0107 14.9423 0.07721 1.1537
97.1 -0.3521 14.4031 0.0809 1.1658 117.1 -0.3521 21.2059 0.0925 1.9605 521 1 81.3684 0.0325 2.6469 521 0.0268 10.7562 0.1108 1.1921 612 -0.0112 14.9439 0.07721 1.1538
97.2 -0.3521 14.4282 0.0810 1.1683 117.2 -0.3521 21.2453 0.0925 1.9654 522 1 81.4019 0.0325 2.6488 522 0.0266 10.7630 0.1108 1.1930 613 -0.0117 14.9455 0.07721 1.1539
97.3 -0.3521 14.4533 0.0810 1.1707 117.3 -0.3521 21.2847 0.0926 1.9703 523 1 81.4353 0.0326 2.6507 523 0.0263 10.7698 0.1109 1.1939 614 -0.0122 14.9471 0.07721 1.1541
97.4 -0.3521 14.4785 0.0810 1.1732 117.4 -0.3521 21.3242 0.0926 1.9753 524 1 81.4688 0.0326 2.6526 524 0.0261 10.7766 0.1109 1.1948 615 -0.0126 14.9487 0.07721 1.1542
97.5 -0.3521 14.5038 0.0811 1.1757 117.5 -0.3521 21.3636 0.0927 1.9804 525 1 81.5022 0.0326 2.6545 525 0.0259 10.7835 0.1109 1.1957 616 -0.0131 14.9503 0.07722 1.1545
97.6 -0.3521 14.5292 0.0811 1.1782 117.6 -0.3521 21.4031 0.0928 1.9854 526 1 81.5356 0.0326 2.6564 526 0.0257 10.7903 0.1109 1.1966 617 -0.0136 14.9519 0.07722 1.1546
97.7 -0.3521 14.5547 0.0811 1.1807 117.7 -0.3521 21.4426 0.0928 1.9903 527 1 81.5690 0.0326 2.6583 527 0.0255 10.7971 0.1109 1.1975 618 -0.014 14.9535 0.07722 1.1547
97.8 -0.3521 14.5802 0.0812 1.1833 117.8 -0.3521 21.4820 0.0929 1.9952 528 1 81.6023 0.0326 2.6602 528 0.0253 10.8039 0.1109 1.1984 619 -0.0145 14.9551 0.07722 1.1548
97.9 -0.3521 14.6058 0.0812 1.1858 117.9 -0.3521 21.5215 0.0929 2.0002 529 1 81.6356 0.0326 2.6621 529 0.0250 10.8107 0.1109 1.1993 620 -0.015 14.9567 0.07722 1.1550
98.0 -0.3521 14.6316 0.0812 1.1884 118.0 -0.3521 21.5611 0.0930 2.0052 530 1 81.6689 0.0326 2.6632 530 0.0248 10.8174 0.1110 1.2002 621 -0.0155 14.9583 0.07722 1.1551
98.1 -0.3521 14.6574 0.0813 1.1909 118.1 -0.3521 21.6006 0.0931 2.0104 531 1 81.7021 0.0326 2.6651 531 0.0246 10.8242 0.1110 1.2011 622 -0.0159 14.9599 0.07722 1.1552
98.2 -0.3521 14.6832 0.0813 1.1936 118.2 -0.3521 21.6401 0.0931 2.0153 532 1 81.7353 0.0326 2.6670 532 0.0244 10.8310 0.1110 1.2020 623 -0.0164 14.9616 0.07723 1.1555
98.3 -0.3521 14.7092 0.0813 1.1962 118.3 -0.3521 21.6797 0.0932 2.0203 533 1 81.7685 0.0326 2.6689 533 0.0242 10.8378 0.1110 1.2029 624 -0.0169 14.9632 0.07723 1.1556
98.4 -0.3521 14.7353 0.0814 1.1989 118.4 -0.3521 21.7193 0.0933 2.0253 534 1 81.8017 0.0327 2.6708 534 0.0240 10.8446 0.1110 1.2038 625 -0.0173 14.9648 0.07723 1.1557
98.5 -0.3521 14.7614 0.0814 1.2014 118.5 -0.3521 21.7588 0.0933 2.0303 535 1 81.8348 0.0327 2.6727 535 0.0238 10.8514 0.1110 1.2047 626 -0.0178 14.9665 0.07723 1.1559
98.6 -0.3521 14.7877 0.0814 1.2042 118.6 -0.3521 21.7984 0.0934 2.0355 536 1 81.8679 0.0327 2.6746 536 0.0236 10.8582 0.1110 1.2056 627 -0.0183 14.9681 0.07723 1.1560
98.7 -0.3521 14.8140 0.0815 1.2067 118.7 -0.3521 21.8380 0.0934 2.0405 537 1 81.9009 0.0327 2.6765 537 0.0233 10.8649 0.1110 1.2064 628 -0.0187 14.9697 0.07723 1.1561
98.8 -0.3521 14.8404 0.0815 1.2095 118.8 -0.3521 21.8776 0.0935 2.0456 538 1 81.9340 0.0327 2.6784 538 0.0231 10.8717 0.1111 1.2074 629 -0.0192 14.9714 0.07724 1.1564
LENGTH
(in cm)
WEIGHT-FOR-LENGTH
HEIGHT
(in cm)
WEIGHT-FOR-HEIGHT
DAYS
HEIGHT/LENGTH-FOR-AGE
DAYS
WEIGHT-FOR-AGE
DAYS
MUAC
L M S SD L M S SD L M S SD L M S SD L M S SD
98.9 -0.3521 14.8669 0.0815 1.2122 118.9 -0.3521 21.9172 0.0936 2.0506 539 1 81.9670 0.0327 2.6803 539 0.0229 10.8785 0.1111 1.2083 630 -0.0197 14.973 0.07724 1.1565
99.0 -0.3521 14.8934 0.0816 1.2149 119.0 -0.3521 21.9568 0.0936 2.0556 540 1 82.0000 0.0327 2.6822 540 0.0227 10.8852 0.1111 1.2091 631 -0.0201 14.9747 0.07724 1.1566
99.1 -0.3521 14.9201 0.0816 1.2176 119.1 -0.3521 21.9964 0.0937 2.0606 541 1 82.0329 0.0327 2.6841 541 0.0225 10.8920 0.1111 1.2101 632 -0.0206 14.9763 0.07724 1.1568
99.2 -0.3521 14.9468 0.0817 1.2204 119.2 -0.3521 22.0360 0.0938 2.0659 542 1 82.0659 0.0327 2.6860 542 0.0223 10.8988 0.1111 1.2110 633 -0.0211 14.978 0.07724 1.1569
99.3 -0.3521 14.9736 0.0817 1.2232 119.3 -0.3521 22.0757 0.0938 2.0709 543 1 82.0987 0.0327 2.6879 543 0.0221 10.9055 0.1111 1.2119 634 -0.0215 14.9797 0.07724 1.1570
99.4 -0.3521 15.0005 0.0817 1.2260 119.4 -0.3521 22.1153 0.0939 2.0760 544 1 82.1316 0.0328 2.6898 544 0.0219 10.9123 0.1111 1.2128 635 -0.022 14.9813 0.07725 1.1573
99.5 -0.3521 15.0275 0.0818 1.2288 119.5 -0.3521 22.1549 0.0939 2.0810 545 1 82.1644 0.0328 2.6917 545 0.0217 10.9191 0.1112 1.2137 636 -0.0225 14.983 0.07725 1.1574
99.6 -0.3521 15.0546 0.0818 1.2316 119.6 -0.3521 22.1945 0.0940 2.0861 546 1 82.1973 0.0328 2.6936 546 0.0214 10.9258 0.1112 1.2146 637 -0.0229 14.9847 0.07725 1.1576
99.7 -0.3521 15.0818 0.0819 1.2344 119.7 -0.3521 22.2341 0.0941 2.0913 547 1 82.2300 0.0328 2.6955 547 0.0212 10.9326 0.1112 1.2155 638 -0.0234 14.9863 0.07725 1.1577
99.8 -0.3521 15.1090 0.0819 1.2373 119.8 -0.3521 22.2738 0.0941 2.0964 548 1 82.2628 0.0328 2.6974 548 0.0210 10.9393 0.1112 1.2165 639 -0.0238 14.988 0.07725 1.1578
99.9 -0.3521 15.1363 0.0819 1.2403 119.9 -0.3521 22.3134 0.0942 2.1015 549 1 82.2955 0.0328 2.6993 549 0.0208 10.9461 0.1112 1.2173 640 -0.0243 14.9897 0.07725 1.1580
100.0 -0.3521 15.1637 0.0820 1.2431 120.0 -0.3521 22.3530 0.0942 2.1065 550 1 82.3282 0.0328 2.7012 550 0.0206 10.9528 0.1112 1.2182 641 -0.0248 14.9914 0.07726 1.1582
100.1 -0.3521 15.1912 0.0820 1.2460 551 1 82.3609 0.0328 2.7031 551 0.0204 10.9596 0.1112 1.2191 642 -0.0252 14.9931 0.07726 1.1584
100.2 -0.3521 15.2187 0.0821 1.2488 552 1 82.3935 0.0328 2.7050 552 0.0202 10.9663 0.1113 1.2200 643 -0.0257 14.9948 0.07726 1.1585
100.3 -0.3521 15.2463 0.0821 1.2519 553 1 82.4261 0.0328 2.7069 553 0.0200 10.9730 0.1113 1.2210 644 -0.0261 14.9965 0.07726 1.1586
100.4 -0.3521 15.2740 0.0822 1.2548 554 1 82.4587 0.0329 2.7088 554 0.0198 10.9798 0.1113 1.2218 645 -0.0266 14.9982 0.07726 1.1588
100.5 -0.3521 15.3018 0.0822 1.2578 555 1 82.4912 0.0329 2.7107 555 0.0196 10.9865 0.1113 1.2227 646 -0.0271 14.9999 0.07726 1.1589
100.6 -0.3521 15.3297 0.0822 1.2607 556 1 82.5237 0.0329 2.7126 556 0.0194 10.9932 0.1113 1.2237 647 -0.0275 15.0016 0.07727 1.1592
100.7 -0.3521 15.3576 0.0823 1.2638 557 1 82.5562 0.0329 2.7144 557 0.0192 11.0000 0.1113 1.2245 648 -0.028 15.0033 0.07727 1.1593
100.8 -0.3521 15.3856 0.0823 1.2667 558 1 82.5887 0.0329 2.7163 558 0.0189 11.0067 0.1113 1.2255 649 -0.0284 15.005 0.07727 1.1594
100.9 -0.3521 15.4137 0.0824 1.2698 559 1 82.6211 0.0329 2.7182 559 0.0187 11.0134 0.1114 1.2263 650 -0.0289 15.0067 0.07727 1.1596
101.0 -0.3521 15.4419 0.0824 1.2729 560 1 82.6535 0.0329 2.7201 560 0.0185 11.0202 0.1114 1.2273 651 -0.0294 15.0084 0.07727 1.1597
101.1 -0.3521 15.4701 0.0825 1.2758 561 1 82.6859 0.0329 2.7220 561 0.0183 11.0269 0.1114 1.2282 652 -0.0298 15.0101 0.07727 1.1598
101.2 -0.3521 15.4985 0.0825 1.2789 562 1 82.7182 0.0329 2.7239 562 0.0181 11.0336 0.1114 1.2290 653 -0.0303 15.0119 0.07728 1.1601
101.3 -0.3521 15.5268 0.0826 1.2820 563 1 82.7505 0.0329 2.7258 563 0.0179 11.0403 0.1114 1.2300 654 -0.0307 15.0136 0.07728 1.1603
101.4 -0.3521 15.5553 0.0826 1.2852 564 1 82.7828 0.0330 2.7277 564 0.0177 11.0470 0.1114 1.2309 655 -0.0312 15.0153 0.07728 1.1604
101.5 -0.3521 15.5838 0.0827 1.2883 565 1 82.8151 0.0330 2.7296 565 0.0175 11.0537 0.1114 1.2318 656 -0.0316 15.0171 0.07728 1.1605
101.6 -0.3521 15.6125 0.0827 1.2915 566 1 82.8473 0.0330 2.7315 566 0.0173 11.0605 0.1115 1.2327 657 -0.0321 15.0188 0.07728 1.1607
101.7 -0.3521 15.6412 0.0828 1.2946 567 1 82.8795 0.0330 2.7334 567 0.0171 11.0672 0.1115 1.2337 658 -0.0325 15.0205 0.07729 1.1609
101.8 -0.3521 15.6699 0.0828 1.2976 568 1 82.9117 0.0330 2.7353 568 0.0169 11.0739 0.1115 1.2345 659 -0.033 15.0223 0.07729 1.1611
101.9 -0.3521 15.6987 0.0829 1.3010 569 1 82.9438 0.0330 2.7371 569 0.0167 11.0806 0.1115 1.2355 660 -0.0334 15.024 0.07729 1.1612
102.0 -0.3521 15.7276 0.0829 1.3041 570 1 82.9759 0.0330 2.7390 570 0.0165 11.0873 0.1115 1.2363 661 -0.0339 15.0258 0.07729 1.1613
102.1 -0.3521 15.7566 0.0830 1.3073 571 1 83.0080 0.0330 2.7409 571 0.0163 11.0940 0.1115 1.2373 662 -0.0343 15.0275 0.07729 1.1615
102.2 -0.3521 15.7857 0.0830 1.3105 572 1 83.0400 0.0330 2.7428 572 0.0161 11.1007 0.1115 1.2382 663 -0.0348 15.0293 0.07729 1.1616
102.3 -0.3521 15.8148 0.0831 1.3137 573 1 83.0721 0.0330 2.7447 573 0.0159 11.1074 0.1116 1.2391 664 -0.0352 15.0311 0.0773 1.1619
102.4 -0.3521 15.8440 0.0831 1.3170 574 1 83.1041 0.0331 2.7466 574 0.0157 11.1141 0.1116 1.2400 665 -0.0357 15.0328 0.0773 1.1620
102.5 -0.3521 15.8732 0.0832 1.3202 575 1 83.1360 0.0331 2.7485 575 0.0155 11.1208 0.1116 1.2410 666 -0.0361 15.0346 0.0773 1.1622
102.6 -0.3521 15.9026 0.0832 1.3234 576 1 83.1680 0.0331 2.7512 576 0.0153 11.1275 0.1116 1.2418 667 -0.0366 15.0364 0.0773 1.1623
102.7 -0.3521 15.9320 0.0833 1.3268 577 1 83.1999 0.0331 2.7531 577 0.0151 11.1342 0.1116 1.2428 668 -0.037 15.0381 0.0773 1.1624
102.8 -0.3521 15.9615 0.0833 1.3301 578 1 83.2318 0.0331 2.7550 578 0.0149 11.1409 0.1116 1.2437 669 -0.0375 15.0399 0.07731 1.1627
102.9 -0.3521 15.9910 0.0834 1.3333 579 1 83.2637 0.0331 2.7569 579 0.0147 11.1476 0.1117 1.2446 670 -0.0379 15.0417 0.07731 1.1629
103.0 -0.3521 16.0206 0.0834 1.3366 580 1 83.2955 0.0331 2.7587 580 0.0144 11.1543 0.1117 1.2455 671 -0.0384 15.0435 0.07731 1.1630
103.1 -0.3521 16.0503 0.0835 1.3400 581 1 83.3273 0.0331 2.7606 581 0.0142 11.1610 0.1117 1.2465 672 -0.0388 15.0453 0.07731 1.1632
103.2 -0.3521 16.0801 0.0835 1.3433 582 1 83.3591 0.0331 2.7625 582 0.0140 11.1676 0.1117 1.2473 673 -0.0393 15.0471 0.07731 1.1633
103.3 -0.3521 16.1099 0.0836 1.3466 583 1 83.3908 0.0332 2.7644 583 0.0138 11.1743 0.1117 1.2483 674 -0.0397 15.0488 0.07732 1.1636
103.4 -0.3521 16.1398 0.0837 1.3501 584 1 83.4226 0.0332 2.7663 584 0.0136 11.1810 0.1117 1.2491 675 -0.0402 15.0506 0.07732 1.1637
103.5 -0.3521 16.1697 0.0837 1.3534 585 1 83.4543 0.0332 2.7682 585 0.0134 11.1877 0.1117 1.2501 676 -0.0406 15.0524 0.07732 1.1639
103.6 -0.3521 16.1997 0.0838 1.3569 586 1 83.4859 0.0332 2.7701 586 0.0132 11.1944 0.1118 1.2510 677 -0.0411 15.0542 0.07732 1.1640
103.7 -0.3521 16.2298 0.0838 1.3602 587 1 83.5176 0.0332 2.7719 587 0.0130 11.2011 0.1118 1.2519 678 -0.0415 15.056 0.07733 1.1643
LENGTH
(in cm)
WEIGHT-FOR-LENGTH
HEIGHT
(in cm)
WEIGHT-FOR-HEIGHT
DAYS
HEIGHT/LENGTH-FOR-AGE
DAYS
WEIGHT-FOR-AGE
DAYS
MUAC
L M S SD L M S SD L M S SD L M S SD L M S SD
103.8 -0.3521 16.2600 0.0839 1.3636 588 1 83.5492 0.0332 2.7738 588 0.0128 11.2077 0.1118 1.2528 679 -0.042 15.0578 0.07733 1.1644
103.9 -0.3521 16.2902 0.0839 1.3671 589 1 83.5808 0.0332 2.7757 589 0.0126 11.2144 0.1118 1.2538 680 -0.0424 15.0597 0.07733 1.1646
104.0 -0.3521 16.3204 0.0840 1.3704 590 1 83.6124 0.0332 2.7776 590 0.0124 11.2211 0.1118 1.2547 681 -0.0428 15.0615 0.07733 1.1647
104.1 -0.3521 16.3508 0.0840 1.3740 591 1 83.6439 0.0332 2.7795 591 0.0122 11.2278 0.1118 1.2556 682 -0.0433 15.0633 0.07733 1.1648
104.2 -0.3521 16.3812 0.0841 1.3773 592 1 83.6754 0.0332 2.7814 592 0.0120 11.2345 0.1119 1.2566 683 -0.0437 15.0651 0.07734 1.1651
104.3 -0.3521 16.4117 0.0841 1.3809 593 1 83.7069 0.0333 2.7833 593 0.0118 11.2411 0.1119 1.2574 684 -0.0442 15.0669 0.07734 1.1653
104.4 -0.3521 16.4422 0.0842 1.3843 594 1 83.7384 0.0333 2.7851 594 0.0116 11.2478 0.1119 1.2584 685 -0.0446 15.0687 0.07734 1.1654
104.5 -0.3521 16.4728 0.0843 1.3878 595 1 83.7698 0.0333 2.7870 595 0.0114 11.2545 0.1119 1.2593 686 -0.045 15.0706 0.07734 1.1656
104.6 -0.3521 16.5035 0.0843 1.3914 596 1 83.8012 0.0333 2.7897 596 0.0112 11.2612 0.1119 1.2602 687 -0.0455 15.0724 0.07734 1.1657
104.7 -0.3521 16.5342 0.0844 1.3948 597 1 83.8326 0.0333 2.7916 597 0.0111 11.2678 0.1119 1.2611 688 -0.0459 15.0742 0.07735 1.1660
104.8 -0.3521 16.5650 0.0844 1.3984 598 1 83.8640 0.0333 2.7935 598 0.0109 11.2745 0.1119 1.2621 689 -0.0464 15.076 0.07735 1.1661
104.9 -0.3521 16.5959 0.0845 1.4019 599 1 83.8953 0.0333 2.7954 599 0.0107 11.2812 0.1120 1.2630 690 -0.0468 15.0779 0.07735 1.1663
105.0 -0.3521 16.6268 0.0845 1.4055 600 1 83.9267 0.0333 2.7973 600 0.0105 11.2878 0.1120 1.2639 691 -0.0472 15.0797 0.07735 1.1664
105.1 -0.3521 16.6579 0.0846 1.4089 601 1 83.9579 0.0333 2.7992 601 0.0103 11.2945 0.1120 1.2649 692 -0.0477 15.0815 0.07736 1.1667
105.2 -0.3521 16.6889 0.0846 1.4125 602 1 83.9892 0.0334 2.8010 602 0.0101 11.3012 0.1120 1.2657 693 -0.0481 15.0834 0.07736 1.1669
105.3 -0.3521 16.7201 0.0847 1.4162 603 1 84.0205 0.0334 2.8029 603 0.0099 11.3078 0.1120 1.2667 694 -0.0486 15.0852 0.07736 1.1670
105.4 -0.3521 16.7513 0.0848 1.4197 604 1 84.0517 0.0334 2.8048 604 0.0097 11.3145 0.1120 1.2677 695 -0.049 15.0871 0.07736 1.1671
105.5 -0.3521 16.7826 0.0848 1.4233 605 1 84.0829 0.0334 2.8067 605 0.0095 11.3212 0.1121 1.2685 696 -0.0494 15.0889 0.07737 1.1674
105.6 -0.3521 16.8139 0.0849 1.4270 606 1 84.1140 0.0334 2.8086 606 0.0093 11.3278 0.1121 1.2695 697 -0.0499 15.0908 0.07737 1.1676
105.7 -0.3521 16.8454 0.0849 1.4307 607 1 84.1452 0.0334 2.8104 607 0.0091 11.3345 0.1121 1.2704 698 -0.0503 15.0926 0.07737 1.1677
105.8 -0.3521 16.8769 0.0850 1.4342 608 1 84.1763 0.0334 2.8123 608 0.0089 11.3412 0.1121 1.2713 699 -0.0507 15.0945 0.07737 1.1679
105.9 -0.3521 16.9084 0.0850 1.4379 609 1 84.2074 0.0334 2.8142 609 0.0087 11.3478 0.1121 1.2723 700 -0.0512 15.0963 0.07738 1.1682
106.0 -0.3521 16.9401 0.0851 1.4416 610 1 84.2385 0.0334 2.8169 610 0.0085 11.3545 0.1121 1.2732 701 -0.0516 15.0982 0.07738 1.1683
106.1 -0.3521 16.9718 0.0852 1.4453 611 1 84.2695 0.0335 2.8188 611 0.0083 11.3612 0.1122 1.2742 702 -0.0521 15.1 0.07738 1.1684
106.2 -0.3521 17.0036 0.0852 1.4489 612 1 84.3006 0.0335 2.8207 612 0.0081 11.3678 0.1122 1.2750 703 -0.0525 15.1019 0.07738 1.1686
106.3 -0.3521 17.0355 0.0853 1.4526 613 1 84.3316 0.0335 2.8226 613 0.0079 11.3745 0.1122 1.2760 704 -0.0529 15.1037 0.07739 1.1689
106.4 -0.3521 17.0674 0.0853 1.4564 614 1 84.3626 0.0335 2.8245 614 0.0077 11.3811 0.1122 1.2770 705 -0.0534 15.1056 0.07739 1.1690
106.5 -0.3521 17.0995 0.0854 1.4601 615 1 84.3935 0.0335 2.8263 615 0.0075 11.3878 0.1122 1.2778 706 -0.0538 15.1075 0.07739 1.1692
106.6 -0.3521 17.1316 0.0855 1.4639 616 1 84.4245 0.0335 2.8282 616 0.0073 11.3945 0.1122 1.2788 707 -0.0542 15.1093 0.07739 1.1693
106.7 -0.3521 17.1637 0.0855 1.4677 617 1 84.4554 0.0335 2.8301 617 0.0071 11.4011 0.1122 1.2797 708 -0.0546 15.1112 0.0774 1.1696
106.8 -0.3521 17.1960 0.0856 1.4715 618 1 84.4862 0.0335 2.8320 618 0.0069 11.4078 0.1123 1.2806 709 -0.0551 15.1131 0.0774 1.1698
106.9 -0.3521 17.2283 0.0856 1.4751 619 1 84.5171 0.0335 2.8339 619 0.0067 11.4144 0.1123 1.2816 710 -0.0555 15.1149 0.0774 1.1699
107.0 -0.3521 17.2607 0.0857 1.4789 620 1 84.5479 0.0335 2.8357 620 0.0066 11.4211 0.1123 1.2825 711 -0.0559 15.1168 0.0774 1.1700
107.1 -0.3521 17.2931 0.0857 1.4827 621 1 84.5787 0.0336 2.8385 621 0.0064 11.4277 0.1123 1.2834 712 -0.0564 15.1187 0.07741 1.1703
107.2 -0.3521 17.3256 0.0858 1.4865 622 1 84.6095 0.0336 2.8403 622 0.0062 11.4344 0.1123 1.2844 713 -0.0568 15.1206 0.07741 1.1705
107.3 -0.3521 17.3582 0.0859 1.4904 623 1 84.6403 0.0336 2.8422 623 0.0060 11.4410 0.1123 1.2853 714 -0.0572 15.1224 0.07741 1.1706
107.4 -0.3521 17.3909 0.0859 1.4942 624 1 84.6710 0.0336 2.8441 624 0.0058 11.4477 0.1124 1.2863 715 -0.0577 15.1243 0.07741 1.1708
107.5 -0.3521 17.4237 0.0860 1.4983 625 1 84.7017 0.0336 2.8460 625 0.0056 11.4543 0.1124 1.2872 716 -0.0581 15.1262 0.07742 1.1711
107.6 -0.3521 17.4565 0.0861 1.5021 626 1 84.7324 0.0336 2.8479 626 0.0054 11.4610 0.1124 1.2881 717 -0.0585 15.1281 0.07742 1.1712
107.7 -0.3521 17.4894 0.0861 1.5060 627 1 84.7631 0.0336 2.8497 627 0.0052 11.4676 0.1124 1.2891 718 -0.0589 15.13 0.07742 1.1714
107.8 -0.3521 17.5224 0.0862 1.5099 628 1 84.7937 0.0336 2.8516 628 0.0050 11.4743 0.1124 1.2901 719 -0.0594 15.1318 0.07742 1.1715
107.9 -0.3521 17.5554 0.0862 1.5138 629 1 84.8243 0.0336 2.8535 629 0.0048 11.4809 0.1124 1.2909 720 -0.0598 15.1337 0.07743 1.1718
108.0 -0.3521 17.5885 0.0863 1.5177 630 1 84.8549 0.0337 2.8554 630 0.0046 11.4876 0.1125 1.2919 721 -0.0602 15.1356 0.07743 1.1719
108.1 -0.3521 17.6217 0.0864 1.5216 631 1 84.8855 0.0337 2.8581 631 0.0044 11.4942 0.1125 1.2929 722 -0.0607 15.1375 0.07743 1.1721
108.2 -0.3521 17.6550 0.0864 1.5256 632 1 84.9160 0.0337 2.8600 632 0.0043 11.5009 0.1125 1.2937 723 -0.0611 15.1394 0.07744 1.1724
108.3 -0.3521 17.6884 0.0865 1.5297 633 1 84.9465 0.0337 2.8618 633 0.0041 11.5075 0.1125 1.2947 724 -0.0615 15.1413 0.07744 1.1725
108.4 -0.3521 17.7218 0.0865 1.5336 634 1 84.9770 0.0337 2.8637 634 0.0039 11.5142 0.1125 1.2957 725 -0.0619 15.1432 0.07744 1.1727
108.5 -0.3521 17.7553 0.0866 1.5376 635 1 85.0075 0.0337 2.8656 635 0.0037 11.5208 0.1125 1.2966 726 -0.0624 15.1451 0.07744 1.1728
108.6 -0.3521 17.7889 0.0867 1.5416 636 1 85.0379 0.0337 2.8675 636 0.0035 11.5274 0.1126 1.2975 727 -0.0628 15.147 0.07745 1.1731
LENGTH
(in cm)
WEIGHT-FOR-LENGTH
HEIGHT
(in cm)
WEIGHT-FOR-HEIGHT
DAYS
HEIGHT/LENGTH-FOR-AGE
DAYS
WEIGHT-FOR-AGE
DAYS
MUAC
L M S SD L M S SD L M S SD L M S SD L M S SD
108.7 -0.3521 17.8226 0.0867 1.5458 637 1 85.0683 0.0337 2.8694 637 0.0033 11.5341 0.1126 1.2985 728 -0.0632 15.1488 0.07745 1.1733
108.8 -0.3521 17.8564 0.0868 1.5498 638 1 85.0987 0.0337 2.8712 638 0.0031 11.5407 0.1126 1.2994 729 -0.0636 15.1507 0.07745 1.1734
108.9 -0.3521 17.8903 0.0869 1.5538 639 1 85.1291 0.0338 2.8731 639 0.0029 11.5474 0.1126 1.3004 730 -0.0641 15.1526 0.07746 1.1737
109.0 -0.3521 17.9242 0.0869 1.5578 640 1 85.1594 0.0338 2.8758 640 0.0027 11.5540 0.1126 1.3013 731 -0.0645 15.1545 0.07746 1.1739
109.1 -0.3521 17.9583 0.0870 1.5620 641 1 85.1897 0.0338 2.8777 641 0.0025 11.5606 0.1127 1.3023 732 -0.0649 15.1564 0.07746 1.1740
109.2 -0.3521 17.9924 0.0870 1.5661 642 1 85.2200 0.0338 2.8796 642 0.0024 11.5673 0.1127 1.3032 733 -0.0653 15.1583 0.07746 1.1742
109.3 -0.3521 18.0267 0.0871 1.5701 643 1 85.2503 0.0338 2.8815 643 0.0022 11.5739 0.1127 1.3041 734 -0.0657 15.1602 0.07747 1.1745
109.4 -0.3521 18.0610 0.0872 1.5744 644 1 85.2805 0.0338 2.8833 644 0.0020 11.5806 0.1127 1.3051 735 -0.0662 15.1621 0.07747 1.1746
109.5 -0.3521 18.0954 0.0872 1.5785 645 1 85.3108 0.0338 2.8852 645 0.0018 11.5872 0.1127 1.3060 736 -0.0666 15.164 0.07747 1.1748
109.6 -0.3521 18.1299 0.0873 1.5827 646 1 85.3410 0.0338 2.8871 646 0.0016 11.5938 0.1127 1.3070 737 -0.067 15.1659 0.07748 1.1751
109.7 -0.3521 18.1645 0.0874 1.5869 647 1 85.3711 0.0338 2.8890 647 0.0014 11.6005 0.1128 1.3080 738 -0.0674 15.1678 0.07748 1.1752
109.8 -0.3521 18.1992 0.0874 1.5910 648 1 85.4013 0.0339 2.8908 648 0.0012 11.6071 0.1128 1.3088 739 -0.0679 15.1697 0.07748 1.1753
109.9 -0.3521 18.2340 0.0875 1.5953 649 1 85.4314 0.0339 2.8936 649 0.0010 11.6137 0.1128 1.3098 740 -0.0683 15.1716 0.07749 1.1756
110.0 -0.3521 18.2689 0.0876 1.5994 650 1 85.4615 0.0339 2.8954 650 0.0008 11.6204 0.1128 1.3108 741 -0.0687 15.1735 0.07749 1.1758
651 1 85.4916 0.0339 2.8973 651 0.0007 11.6270 0.1128 1.3118 742 -0.0691 15.1754 0.07749 1.1759
652 1 85.5217 0.0339 2.8992 652 0.0005 11.6336 0.1128 1.3126 743 -0.0695 15.1774 0.07749 1.1761
653 1 85.5517 0.0339 2.9011 653 0.0003 11.6403 0.1129 1.3136 744 -0.0699 15.1793 0.0775 1.1764
654 1 85.5817 0.0339 2.9029 654 0.0001 11.6469 0.1129 1.3146 745 -0.0704 15.1812 0.0775 1.1765
655 1 85.6117 0.0339 2.9048 655 -0.0001 11.6535 0.1129 1.3156 746 -0.0708 15.1831 0.0775 1.1767
656 1 85.6417 0.0339 2.9067 656 -0.0003 11.6601 0.1129 1.3164 747 -0.0712 15.185 0.07751 1.1770
657 1 85.6716 0.0340 2.9094 657 -0.0005 11.6668 0.1129 1.3174 748 -0.0716 15.1869 0.07751 1.1771
658 1 85.7015 0.0340 2.9113 658 -0.0006 11.6734 0.1129 1.3184 749 -0.072 15.1888 0.07751 1.1773
659 1 85.7314 0.0340 2.9132 659 -0.0008 11.6800 0.1130 1.3194 750 -0.0725 15.1907 0.07752 1.1776
660 1 85.7613 0.0340 2.9150 660 -0.0010 11.6866 0.1130 1.3202 751 -0.0729 15.1926 0.07752 1.1777
661 1 85.7912 0.0340 2.9169 661 -0.0012 11.6933 0.1130 1.3212 752 -0.0733 15.1945 0.07752 1.1779
662 1 85.8210 0.0340 2.9188 662 -0.0014 11.6999 0.1130 1.3222 753 -0.0737 15.1964 0.07753 1.1782
663 1 85.8508 0.0340 2.9206 663 -0.0016 11.7065 0.1130 1.3232 754 -0.0741 15.1983 0.07753 1.1783
664 1 85.8806 0.0340 2.9234 664 -0.0018 11.7131 0.1130 1.3240 755 -0.0745 15.2002 0.07753 1.1785
665 1 85.9104 0.0341 2.9252 665 -0.0019 11.7198 0.1131 1.3250 756 -0.0749 15.2021 0.07754 1.1788
666 1 85.9401 0.0341 2.9271 666 -0.0021 11.7264 0.1131 1.3260 757 -0.0754 15.204 0.07754 1.1789
667 1 85.9698 0.0341 2.9290 667 -0.0023 11.7330 0.1131 1.3270 758 -0.0758 15.2059 0.07754 1.1791
668 1 85.9995 0.0341 2.9309 668 -0.0025 11.7396 0.1131 1.3279 759 -0.0762 15.2079 0.07755 1.1794
669 1 86.0292 0.0341 2.9327 669 -0.0027 11.7462 0.1131 1.3288 760 -0.0766 15.2098 0.07755 1.1795
670 1 86.0589 0.0341 2.9346 670 -0.0029 11.7528 0.1132 1.3298 761 -0.077 15.2117 0.07755 1.1797
671 1 86.0885 0.0341 2.9365 671 -0.0030 11.7595 0.1132 1.3308 762 -0.0774 15.2136 0.07756 1.1800
672 1 86.1181 0.0341 2.9392 672 -0.0032 11.7661 0.1132 1.3317 763 -0.0778 15.2155 0.07756 1.1801
673 1 86.1477 0.0341 2.9411 673 -0.0034 11.7727 0.1132 1.3327 764 -0.0782 15.2174 0.07756 1.1803
674 1 86.1773 0.0342 2.9430 674 -0.0036 11.7793 0.1132 1.3337 765 -0.0787 15.2193 0.07757 1.1806
675 1 86.2068 0.0342 2.9448 675 -0.0038 11.7859 0.1132 1.3346 766 -0.0791 15.2212 0.07757 1.1807
676 1 86.2363 0.0342 2.9467 676 -0.0040 11.7925 0.1133 1.3356 767 -0.0795 15.2231 0.07758 1.1810
677 1 86.2659 0.0342 2.9486 677 -0.0041 11.7991 0.1133 1.3365 768 -0.0799 15.225 0.07758 1.1812
678 1 86.2954 0.0342 2.9504 678 -0.0043 11.8057 0.1133 1.3375 769 -0.0803 15.2269 0.07758 1.1813
679 1 86.3248 0.0342 2.9532 679 -0.0045 11.8124 0.1133 1.3385 770 -0.0807 15.2288 0.07759 1.1816
680 1 86.3543 0.0342 2.9550 680 -0.0047 11.8190 0.1133 1.3394 771 -0.0811 15.2307 0.07759 1.1818
681 1 86.3837 0.0342 2.9569 681 -0.0049 11.8256 0.1134 1.3404 772 -0.0815 15.2326 0.07759 1.1819
682 1 86.4131 0.0342 2.9588 682 -0.0051 11.8322 0.1134 1.3413 773 -0.0819 15.2345 0.0776 1.1822
683 1 86.4425 0.0343 2.9607 683 -0.0052 11.8388 0.1134 1.3423 774 -0.0823 15.2364 0.0776 1.1823
684 1 86.4719 0.0343 2.9625 684 -0.0054 11.8454 0.1134 1.3433 775 -0.0827 15.2383 0.0776 1.1825
685 1 86.5012 0.0343 2.9644 685 -0.0056 11.8520 0.1134 1.3443 776 -0.0831 15.2402 0.07761 1.1828
LENGTH
(in cm)
WEIGHT-FOR-LENGTH
HEIGHT
(in cm)
WEIGHT-FOR-HEIGHT
DAYS
HEIGHT/LENGTH-FOR-AGE
DAYS
WEIGHT-FOR-AGE
DAYS
MUAC
L M S SD L M S SD L M S SD L M S SD L M S SD
686 1 86.5306 0.0343 2.9671 686 -0.0058 11.8586 0.1134 1.3452 777 -0.0836 15.2421 0.07761 1.1829
687 1 86.5599 0.0343 2.9690 687 -0.0060 11.8652 0.1135 1.3461 778 -0.084 15.244 0.07762 1.1832
688 1 86.5892 0.0343 2.9709 688 -0.0061 11.8718 0.1135 1.3471 779 -0.0844 15.2459 0.07762 1.1834
689 1 86.6184 0.0343 2.9727 689 -0.0063 11.8784 0.1135 1.3481 780 -0.0848 15.2478 0.07762 1.1835
690 1 86.6477 0.0343 2.9746 690 -0.0065 11.8850 0.1135 1.3491 781 -0.0852 15.2497 0.07763 1.1838
691 1 86.6769 0.0343 2.9765 691 -0.0067 11.8916 0.1135 1.3501 782 -0.0856 15.2516 0.07763 1.1840
692 1 86.7061 0.0344 2.9784 692 -0.0069 11.8982 0.1135 1.3509 783 -0.086 15.2535 0.07763 1.1841
693 1 86.7353 0.0344 2.9811 693 -0.0070 11.9048 0.1136 1.3519 784 -0.0864 15.2554 0.07764 1.1844
694 1 86.7645 0.0344 2.9830 694 -0.0072 11.9114 0.1136 1.3529 785 -0.0868 15.2573 0.07764 1.1846
695 1 86.7937 0.0344 2.9848 695 -0.0074 11.9180 0.1136 1.3539 786 -0.0872 15.2591 0.07765 1.1849
696 1 86.8228 0.0344 2.9867 696 -0.0076 11.9246 0.1136 1.3549 787 -0.0876 15.261 0.07765 1.1850
697 1 86.8519 0.0344 2.9886 697 -0.0078 11.9312 0.1136 1.3559 788 -0.088 15.2629 0.07765 1.1852
698 1 86.8810 0.0344 2.9904 698 -0.0079 11.9378 0.1137 1.3567 789 -0.0884 15.2648 0.07766 1.1855
699 1 86.9101 0.0344 2.9923 699 -0.0081 11.9444 0.1137 1.3577 790 -0.0888 15.2667 0.07766 1.1856
700 1 86.9392 0.0345 2.9951 700 -0.0083 11.9510 0.1137 1.3587 791 -0.0892 15.2686 0.07767 1.1859
701 1 86.9682 0.0345 2.9969 701 -0.0085 11.9576 0.1137 1.3597 792 -0.0896 15.2705 0.07767 1.1861
702 1 86.9972 0.0345 2.9988 702 -0.0087 11.9642 0.1137 1.3607 793 -0.09 15.2723 0.07767 1.1862
703 1 87.0262 0.0345 3.0007 703 -0.0088 11.9707 0.1138 1.3617 794 -0.0904 15.2742 0.07768 1.1865
704 1 87.0552 0.0345 3.0025 704 -0.0090 11.9773 0.1138 1.3625 795 -0.0908 15.2761 0.07768 1.1866
705 1 87.0842 0.0345 3.0044 705 -0.0092 11.9839 0.1138 1.3635 796 -0.0912 15.278 0.07769 1.1869
706 1 87.1131 0.0345 3.0063 706 -0.0094 11.9905 0.1138 1.3645 797 -0.0916 15.2799 0.07769 1.1871
707 1 87.1420 0.0345 3.0090 707 -0.0095 11.9971 0.1138 1.3655 798 -0.092 15.2817 0.07769 1.1872
708 1 87.1709 0.0345 3.0109 708 -0.0097 12.0037 0.1138 1.3665 799 -0.0924 15.2836 0.0777 1.1875
709 1 87.1998 0.0346 3.0128 709 -0.0099 12.0103 0.1139 1.3675 800 -0.0928 15.2855 0.0777 1.1877
710 1 87.2287 0.0346 3.0146 710 -0.0101 12.0168 0.1139 1.3685 801 -0.0932 15.2873 0.07771 1.1880
711 1 87.2575 0.0346 3.0165 711 -0.0102 12.0234 0.1139 1.3693 802 -0.0936 15.2892 0.07771 1.1881
712 1 87.2863 0.0346 3.0184 712 -0.0104 12.0300 0.1139 1.3703 803 -0.094 15.2911 0.07771 1.1883
713 1 87.3151 0.0346 3.0202 713 -0.0106 12.0366 0.1139 1.3713 804 -0.0944 15.293 0.07772 1.1886
714 1 87.3439 0.0346 3.0230 714 -0.0108 12.0431 0.1140 1.3723 805 -0.0948 15.2948 0.07772 1.1887
715 1 87.3727 0.0346 3.0248 715 -0.0110 12.0497 0.1140 1.3733 806 -0.0952 15.2967 0.07773 1.1890
716 1 87.4014 0.0346 3.0267 716 -0.0111 12.0563 0.1140 1.3743 807 -0.0956 15.2985 0.07773 1.1892
717 1 87.4302 0.0346 3.0286 717 -0.0113 12.0629 0.1140 1.3753 808 -0.096 15.3004 0.07774 1.1895
718 1 87.4589 0.0347 3.0305 718 -0.0115 12.0694 0.1140 1.3763 809 -0.0964 15.3023 0.07774 1.1896
719 1 87.4876 0.0347 3.0323 719 -0.0117 12.0760 0.1140 1.3771 810 -0.0968 15.3041 0.07774 1.1897
720 1 87.5162 0.0347 3.0342 720 -0.0118 12.0826 0.1141 1.3781 811 -0.0972 15.306 0.07775 1.1900
721 1 87.5449 0.0347 3.0369 721 -0.0120 12.0891 0.1141 1.3791 812 -0.0976 15.3078 0.07775 1.1902
722 1 87.5735 0.0347 3.0388 722 -0.0122 12.0957 0.1141 1.3801 813 -0.098 15.3097 0.07776 1.1905
723 1 87.6021 0.0347 3.0407 723 -0.0124 12.1023 0.1141 1.3811 814 -0.0984 15.3115 0.07776 1.1906
724 1 87.6307 0.0347 3.0425 724 -0.0125 12.1088 0.1141 1.3821 815 -0.0988 15.3134 0.07777 1.1909
725 1 87.6593 0.0347 3.0444 725 -0.0127 12.1154 0.1142 1.3831 816 -0.0992 15.3152 0.07777 1.1911
726 1 87.6878 0.0347 3.0463 726 -0.0129 12.1220 0.1142 1.3841 817 -0.0996 15.3171 0.07778 1.1914
727 1 87.7164 0.0348 3.0481 727 -0.0131 12.1285 0.1142 1.3851 818 -0.0999 15.3189 0.07778 1.1915
728 1 87.7449 0.0348 3.0509 728 -0.0132 12.1351 0.1142 1.3859 819 -0.1003 15.3207 0.07778 1.1916
729 1 87.7734 0.0348 3.0528 729 -0.0134 12.1416 0.1142 1.3869 820 -0.1007 15.3226 0.07779 1.1919
730 1 87.8018 0.0348 3.0546 730 -0.0136 12.1482 0.1143 1.3879 821 -0.1011 15.3244 0.07779 1.1921
731 1 87.1303 0.0351 3.0565 731 -0.0137 12.1548 0.1143 1.3889 822 -0.1015 15.3263 0.0778 1.1924
732 1 87.1587 0.0351 3.0584 732 -0.0139 12.1613 0.1143 1.3899 823 -0.1019 15.3281 0.0778 1.1925
733 1 87.1871 0.0351 3.0603 733 -0.0141 12.1679 0.1143 1.3909 824 -0.1023 15.3299 0.07781 1.1928
734 1 87.2155 0.0351 3.0621 734 -0.0143 12.1744 0.1143 1.3919 825 -0.1027 15.3318 0.07781 1.1930
LENGTH
(in cm)
WEIGHT-FOR-LENGTH
HEIGHT
(in cm)
WEIGHT-FOR-HEIGHT
DAYS
HEIGHT/LENGTH-FOR-AGE
DAYS
WEIGHT-FOR-AGE
DAYS
MUAC
L M S SD L M S SD L M S SD L M S SD L M S SD
735 1 87.2439 0.0351 3.0649 735 -0.0144 12.1810 0.1144 1.3929 826 -0.1031 15.3336 0.07782 1.1933
736 1 87.2722 0.0351 3.0667 736 -0.0146 12.1875 0.1144 1.3939 827 -0.1035 15.3354 0.07782 1.1934
737 1 87.3006 0.0352 3.0686 737 -0.0148 12.1941 0.1144 1.3949 828 -0.1039 15.3372 0.07782 1.1935
738 1 87.3289 0.0352 3.0705 738 -0.0150 12.2006 0.1144 1.3957 829 -0.1043 15.3391 0.07783 1.1938
739 1 87.3571 0.0352 3.0723 739 -0.0151 12.2072 0.1144 1.3967 830 -0.1046 15.3409 0.07783 1.1940
740 1 87.3854 0.0352 3.0742 740 -0.0153 12.2137 0.1144 1.3977 831 -0.105 15.3427 0.07784 1.1943
741 1 87.4136 0.0352 3.0761 741 -0.0155 12.2202 0.1145 1.3987 832 -0.1054 15.3445 0.07784 1.1944
742 1 87.4419 0.0352 3.0788 742 -0.0156 12.2268 0.1145 1.3997 833 -0.1058 15.3463 0.07785 1.1947
743 1 87.4701 0.0352 3.0807 743 -0.0158 12.2333 0.1145 1.4007 834 -0.1062 15.3481 0.07785 1.1948
744 1 87.4982 0.0352 3.0826 744 -0.0160 12.2398 0.1145 1.4017 835 -0.1066 15.3499 0.07786 1.1951
745 1 87.5264 0.0352 3.0844 745 -0.0162 12.2464 0.1145 1.4027 836 -0.107 15.3517 0.07786 1.1953
746 1 87.5545 0.0353 3.0863 746 -0.0163 12.2529 0.1146 1.4037 837 -0.1074 15.3536 0.07787 1.1956
747 1 87.5826 0.0353 3.0882 747 -0.0165 12.2594 0.1146 1.4047 838 -0.1077 15.3554 0.07787 1.1957
748 1 87.6107 0.0353 3.0900 748 -0.0167 12.2660 0.1146 1.4057 839 -0.1081 15.3572 0.07788 1.1960
749 1 87.6388 0.0353 3.0919 749 -0.0168 12.2725 0.1146 1.4067 840 -0.1085 15.359 0.07788 1.1962
750 1 87.6668 0.0353 3.0946 750 -0.0170 12.2790 0.1146 1.4077 841 -0.1089 15.3608 0.07789 1.1965
751 1 87.6948 0.0353 3.0965 751 -0.0172 12.2855 0.1147 1.4085 842 -0.1093 15.3625 0.07789 1.1966
752 1 87.7228 0.0353 3.0984 752 -0.0174 12.2920 0.1147 1.4095 843 -0.1097 15.3643 0.0779 1.1969
753 1 87.7508 0.0353 3.1002 753 -0.0175 12.2986 0.1147 1.4105 844 -0.1101 15.3661 0.0779 1.1970
754 1 87.7788 0.0353 3.1021 754 -0.0177 12.3051 0.1147 1.4115 845 -0.1105 15.3679 0.0779 1.1972
755 1 87.8067 0.0354 3.1040 755 -0.0179 12.3116 0.1147 1.4125 846 -0.1108 15.3697 0.07791 1.1975
756 1 87.8346 0.0354 3.1058 756 -0.0180 12.3181 0.1148 1.4135 847 -0.1112 15.3715 0.07791 1.1976
757 1 87.8625 0.0354 3.1086 757 -0.0182 12.3246 0.1148 1.4145 848 -0.1116 15.3733 0.07792 1.1979
758 1 87.8903 0.0354 3.1104 758 -0.0184 12.3311 0.1148 1.4155 849 -0.112 15.375 0.07792 1.1980
759 1 87.9181 0.0354 3.1123 759 -0.0185 12.3376 0.1148 1.4165 850 -0.1124 15.3768 0.07793 1.1983
760 1 87.9460 0.0354 3.1142 760 -0.0187 12.3441 0.1148 1.4175 851 -0.1128 15.3786 0.07793 1.1985
761 1 87.9737 0.0354 3.1160 761 -0.0189 12.3506 0.1149 1.4185 852 -0.1131 15.3804 0.07794 1.1987
762 1 88.0015 0.0354 3.1179 762 -0.0191 12.3571 0.1149 1.4195 853 -0.1135 15.3821 0.07794 1.1989
763 1 88.0292 0.0354 3.1198 763 -0.0192 12.3636 0.1149 1.4205 854 -0.1139 15.3839 0.07795 1.1992
764 1 88.0570 0.0355 3.1216 764 -0.0194 12.3701 0.1149 1.4214 855 -0.1143 15.3857 0.07795 1.1993
765 1 88.0846 0.0355 3.1244 765 -0.0196 12.3766 0.1149 1.4224 856 -0.1147 15.3874 0.07796 1.1996
766 1 88.1123 0.0355 3.1262 766 -0.0197 12.3830 0.1150 1.4234 857 -0.115 15.3892 0.07796 1.1997
767 1 88.1400 0.0355 3.1281 767 -0.0199 12.3895 0.1150 1.4244 858 -0.1154 15.391 0.07797 1.2000
768 1 88.1676 0.0355 3.1299 768 -0.0201 12.3960 0.1150 1.4253 859 -0.1158 15.3927 0.07797 1.2002
769 1 88.1952 0.0355 3.1318 769 -0.0202 12.4025 0.1150 1.4263 860 -0.1162 15.3945 0.07798 1.2005
770 1 88.2228 0.0355 3.1337 770 -0.0204 12.4090 0.1150 1.4273 861 -0.1166 15.3962 0.07798 1.2006
771 1 88.2503 0.0355 3.1355 771 -0.0206 12.4154 0.1150 1.4283 862 -0.117 15.398 0.07799 1.2009
772 1 88.2778 0.0356 3.1383 772 -0.0207 12.4219 0.1151 1.4293 863 -0.1173 15.3997 0.078 1.2012
773 1 88.3053 0.0356 3.1401 773 -0.0209 12.4284 0.1151 1.4303 864 -0.1177 15.4014 0.078 1.2013
774 1 88.3328 0.0356 3.1420 774 -0.0211 12.4348 0.1151 1.4312 865 -0.1181 15.4032 0.07801 1.2016
775 1 88.3603 0.0356 3.1439 775 -0.0212 12.4413 0.1151 1.4322 866 -0.1185 15.4049 0.07801 1.2017
776 1 88.3877 0.0356 3.1457 776 -0.0214 12.4477 0.1151 1.4332 867 -0.1188 15.4067 0.07802 1.2020
777 1 88.4151 0.0356 3.1476 777 -0.0216 12.4542 0.1152 1.4342 868 -0.1192 15.4084 0.07802 1.2022
778 1 88.4425 0.0356 3.1494 778 -0.0217 12.4606 0.1152 1.4352 869 -0.1196 15.4101 0.07803 1.2025
779 1 88.4699 0.0356 3.1513 779 -0.0219 12.4671 0.1152 1.4362 870 -0.12 15.4119 0.07803 1.2026
780 1 88.4972 0.0356 3.1540 780 -0.0221 12.4735 0.1152 1.4372 871 -0.1204 15.4136 0.07804 1.2029
781 1 88.5245 0.0357 3.1559 781 -0.0222 12.4800 0.1152 1.4382 872 -0.1207 15.4153 0.07804 1.2030
782 1 88.5518 0.0357 3.1578 782 -0.0224 12.4864 0.1153 1.4392 873 -0.1211 15.417 0.07805 1.2033
783 1 88.5791 0.0357 3.1596 783 -0.0226 12.4929 0.1153 1.4402 874 -0.1215 15.4187 0.07805 1.2034
LENGTH
(in cm)
WEIGHT-FOR-LENGTH
HEIGHT
(in cm)
WEIGHT-FOR-HEIGHT
DAYS
HEIGHT/LENGTH-FOR-AGE
DAYS
WEIGHT-FOR-AGE
DAYS
MUAC
L M S SD L M S SD L M S SD L M S SD L M S SD
784 1 88.6063 0.0357 3.1615 784 -0.0227 12.4993 0.1153 1.4412 875 -0.1219 15.4205 0.07806 1.2037
785 1 88.6335 0.0357 3.1633 785 -0.0229 12.5057 0.1153 1.4422 876 -0.1222 15.4222 0.07806 1.2039
786 1 88.6607 0.0357 3.1652 786 -0.0231 12.5121 0.1153 1.4431 877 -0.1226 15.4239 0.07807 1.2041
787 1 88.6879 0.0357 3.1670 787 -0.0232 12.5186 0.1154 1.4441 878 -0.123 15.4256 0.07807 1.2043
788 1 88.7150 0.0357 3.1689 788 -0.0234 12.5250 0.1154 1.4451 879 -0.1234 15.4273 0.07808 1.2046
789 1 88.7422 0.0357 3.1716 789 -0.0236 12.5314 0.1154 1.4461 880 -0.1237 15.429 0.07808 1.2047
790 1 88.7693 0.0358 3.1735 790 -0.0237 12.5378 0.1154 1.4471 881 -0.1241 15.4307 0.07809 1.2050
791 1 88.7964 0.0358 3.1754 791 -0.0239 12.5442 0.1154 1.4481 882 -0.1245 15.4324 0.0781 1.2053
792 1 88.8234 0.0358 3.1772 792 -0.0241 12.5506 0.1155 1.4490 883 -0.1249 15.4341 0.0781 1.2054
793 1 88.8504 0.0358 3.1791 793 -0.0242 12.5570 0.1155 1.4500 884 -0.1252 15.4358 0.07811 1.2057
794 1 88.8775 0.0358 3.1809 794 -0.0244 12.5634 0.1155 1.4509 885 -0.1256 15.4375 0.07811 1.2058
795 1 88.9044 0.0358 3.1828 795 -0.0246 12.5698 0.1155 1.4519 886 -0.126 15.4391 0.07812 1.2061
796 1 88.9314 0.0358 3.1846 796 -0.0247 12.5762 0.1155 1.4529 887 -0.1264 15.4408 0.07812 1.2062
797 1 88.9584 0.0358 3.1865 797 -0.0249 12.5826 0.1156 1.4539 888 -0.1267 15.4425 0.07813 1.2065
798 1 88.9853 0.0358 3.1892 798 -0.0250 12.5890 0.1156 1.4549 889 -0.1271 15.4442 0.07813 1.2067
799 1 89.0122 0.0359 3.1911 799 -0.0252 12.5954 0.1156 1.4559 890 -0.1275 15.4459 0.07814 1.2069
800 1 89.0391 0.0359 3.1929 800 -0.0254 12.6018 0.1156 1.4569 891 -0.1279 15.4475 0.07815 1.2072
801 1 89.0659 0.0359 3.1948 801 -0.0255 12.6082 0.1156 1.4579 892 -0.1282 15.4492 0.07815 1.2074
802 1 89.0927 0.0359 3.1966 802 -0.0257 12.6145 0.1157 1.4589 893 -0.1286 15.4509 0.07816 1.2076
803 1 89.1195 0.0359 3.1985 803 -0.0259 12.6209 0.1157 1.4599 894 -0.129 15.4525 0.07816 1.2078
804 1 89.1463 0.0359 3.2004 804 -0.0260 12.6273 0.1157 1.4609 895 -0.1293 15.4542 0.07817 1.2081
805 1 89.1731 0.0359 3.2022 805 -0.0262 12.6336 0.1157 1.4618 896 -0.1297 15.4559 0.07817 1.2082
806 1 89.1998 0.0359 3.2041 806 -0.0264 12.6400 0.1157 1.4628 897 -0.1301 15.4575 0.07818 1.2085
807 1 89.2266 0.0359 3.2059 807 -0.0265 12.6464 0.1158 1.4638 898 -0.1305 15.4592 0.07818 1.2086
808 1 89.2533 0.0360 3.2087 808 -0.0267 12.6527 0.1158 1.4648 899 -0.1308 15.4608 0.07819 1.2089
809 1 89.2799 0.0360 3.2105 809 -0.0268 12.6591 0.1158 1.4658 900 -0.1312 15.4625 0.0782 1.2092
810 1 89.3066 0.0360 3.2124 810 -0.0270 12.6654 0.1158 1.4668 901 -0.1316 15.4641 0.0782 1.2093
811 1 89.3332 0.0360 3.2142 811 -0.0272 12.6718 0.1158 1.4678 902 -0.1319 15.4658 0.07821 1.2096
812 1 89.3598 0.0360 3.2161 812 -0.0273 12.6781 0.1159 1.4688 903 -0.1323 15.4674 0.07821 1.2097
813 1 89.3864 0.0360 3.2179 813 -0.0275 12.6844 0.1159 1.4697 904 -0.1327 15.469 0.07822 1.2100
814 1 89.4130 0.0360 3.2198 814 -0.0277 12.6908 0.1159 1.4707 905 -0.133 15.4707 0.07823 1.2103
815 1 89.4395 0.0360 3.2216 815 -0.0278 12.6971 0.1159 1.4717 906 -0.1334 15.4723 0.07823 1.2104
816 1 89.4660 0.0360 3.2235 816 -0.0280 12.7034 0.1159 1.4727 907 -0.1338 15.4739 0.07824 1.2107
817 1 89.4925 0.0360 3.2253 817 -0.0281 12.7098 0.1160 1.4737 908 -0.1341 15.4756 0.07824 1.2108
818 1 89.5190 0.0361 3.2272 818 -0.0283 12.7161 0.1160 1.4747 909 -0.1345 15.4772 0.07825 1.2111
819 1 89.5455 0.0361 3.2299 819 -0.0285 12.7224 0.1160 1.4757 910 -0.1349 15.4788 0.07825 1.2112
820 1 89.5719 0.0361 3.2318 820 -0.0286 12.7287 0.1160 1.4767 911 -0.1352 15.4804 0.07826 1.2115
821 1 89.5983 0.0361 3.2336 821 -0.0288 12.7350 0.1160 1.4775 912 -0.1356 15.4821 0.07827 1.2118
822 1 89.6247 0.0361 3.2355 822 -0.0289 12.7413 0.1160 1.4785 913 -0.136 15.4837 0.07827 1.2119
823 1 89.6510 0.0361 3.2373 823 -0.0291 12.7476 0.1161 1.4795 914 -0.1363 15.4853 0.07828 1.2122
824 1 89.6774 0.0361 3.2391 824 -0.0293 12.7539 0.1161 1.4805 915 -0.1367 15.4869 0.07828 1.2123
825 1 89.7037 0.0361 3.2410 825 -0.0294 12.7602 0.1161 1.4815 916 -0.1371 15.4885 0.07829 1.2126
826 1 89.7300 0.0361 3.2428 826 -0.0296 12.7665 0.1161 1.4824 917 -0.1374 15.4901 0.0783 1.2129
827 1 89.7563 0.0362 3.2447 827 -0.0297 12.7728 0.1161 1.4834 918 -0.1378 15.4917 0.0783 1.2130
828 1 89.7825 0.0362 3.2465 828 -0.0299 12.7791 0.1162 1.4844 919 -0.1382 15.4933 0.07831 1.2133
829 1 89.8087 0.0362 3.2484 829 -0.0301 12.7854 0.1162 1.4854 920 -0.1385 15.4949 0.07831 1.2134
830 1 89.8349 0.0362 3.2502 830 -0.0302 12.7916 0.1162 1.4864 921 -0.1389 15.4965 0.07832 1.2137
831 1 89.8611 0.0362 3.2530 831 -0.0304 12.7979 0.1162 1.4874 922 -0.1393 15.4981 0.07833 1.2140
832 1 89.8873 0.0362 3.2548 832 -0.0305 12.8042 0.1162 1.4884 923 -0.1396 15.4997 0.07833 1.2141
LENGTH
(in cm)
WEIGHT-FOR-LENGTH
HEIGHT
(in cm)
WEIGHT-FOR-HEIGHT
DAYS
HEIGHT/LENGTH-FOR-AGE
DAYS
WEIGHT-FOR-AGE
DAYS
MUAC
L M S SD L M S SD L M S SD L M S SD L M S SD
833 1 89.9134 0.0362 3.2567 833 -0.0307 12.8104 0.1163 1.4893 924 -0.14 15.5013 0.07834 1.2144
834 1 89.9395 0.0362 3.2585 834 -0.0309 12.8167 0.1163 1.4903 925 -0.1403 15.5028 0.07834 1.2145
835 1 89.9656 0.0362 3.2604 835 -0.0310 12.8230 0.1163 1.4913 926 -0.1407 15.5044 0.07835 1.2148
836 1 89.9917 0.0363 3.2622 836 -0.0312 12.8292 0.1163 1.4923 927 -0.1411 15.506 0.07836 1.2151
837 1 90.0177 0.0363 3.2640 837 -0.0313 12.8355 0.1163 1.4933 928 -0.1414 15.5076 0.07836 1.2152
838 1 90.0437 0.0363 3.2659 838 -0.0315 12.8417 0.1164 1.4943 929 -0.1418 15.5091 0.07837 1.2154
839 1 90.0697 0.0363 3.2677 839 -0.0317 12.8480 0.1164 1.4953 930 -0.1422 15.5107 0.07837 1.2156
840 1 90.0957 0.0363 3.2696 840 -0.0318 12.8542 0.1164 1.4962 931 -0.1425 15.5123 0.07838 1.2159
841 1 90.1216 0.0363 3.2714 841 -0.0320 12.8604 0.1164 1.4972 932 -0.1429 15.5138 0.07839 1.2161
842 1 90.1476 0.0363 3.2733 842 -0.0321 12.8667 0.1164 1.4982 933 -0.1432 15.5154 0.07839 1.2163
843 1 90.1735 0.0363 3.2751 843 -0.0323 12.8729 0.1165 1.4992 934 -0.1436 15.5169 0.0784 1.2165
844 1 90.1994 0.0363 3.2769 844 -0.0324 12.8791 0.1165 1.5000 935 -0.144 15.5185 0.07841 1.2168
845 1 90.2252 0.0363 3.2788 845 -0.0326 12.8853 0.1165 1.5010 936 -0.1443 15.5201 0.07841 1.2169
846 1 90.2510 0.0364 3.2815 846 -0.0328 12.8915 0.1165 1.5020 937 -0.1447 15.5216 0.07842 1.2172
847 1 90.2769 0.0364 3.2834 847 -0.0329 12.8978 0.1165 1.5030 938 -0.145 15.5232 0.07842 1.2173
848 1 90.3026 0.0364 3.2852 848 -0.0331 12.9040 0.1166 1.5040 939 -0.1454 15.5247 0.07843 1.2176
849 1 90.3284 0.0364 3.2871 849 -0.0332 12.9102 0.1166 1.5049 940 -0.1458 15.5262 0.07844 1.2179
850 1 90.3541 0.0364 3.2889 850 -0.0334 12.9164 0.1166 1.5059 941 -0.1461 15.5278 0.07844 1.2180
851 1 90.3799 0.0364 3.2907 851 -0.0336 12.9226 0.1166 1.5069 942 -0.1465 15.5293 0.07845 1.2183
852 1 90.4056 0.0364 3.2926 852 -0.0337 12.9288 0.1166 1.5079 943 -0.1468 15.5308 0.07846 1.2185
853 1 90.4312 0.0364 3.2944 853 -0.0339 12.9350 0.1167 1.5089 944 -0.1472 15.5324 0.07846 1.2187
854 1 90.4569 0.0364 3.2962 854 -0.0340 12.9411 0.1167 1.5098 945 -0.1476 15.5339 0.07847 1.2189
855 1 90.4825 0.0365 3.2981 855 -0.0342 12.9473 0.1167 1.5108 946 -0.1479 15.5354 0.07848 1.2192
856 1 90.5081 0.0365 3.2999 856 -0.0343 12.9535 0.1167 1.5118 947 -0.1483 15.537 0.07848 1.2193
857 1 90.5337 0.0365 3.3018 857 -0.0345 12.9597 0.1167 1.5128 948 -0.1486 15.5385 0.07849 1.2196
858 1 90.5592 0.0365 3.3036 858 -0.0346 12.9658 0.1168 1.5138 949 -0.149 15.54 0.07849 1.2197
859 1 90.5848 0.0365 3.3054 859 -0.0348 12.9720 0.1168 1.5147 950 -0.1493 15.5415 0.0785 1.2200
860 1 90.6103 0.0365 3.3073 860 -0.0350 12.9782 0.1168 1.5157 951 -0.1497 15.543 0.07851 1.2203
861 1 90.6358 0.0365 3.3091 861 -0.0351 12.9843 0.1168 1.5167 952 -0.1501 15.5445 0.07851 1.2204
862 1 90.6612 0.0365 3.3109 862 -0.0353 12.9905 0.1168 1.5177 953 -0.1504 15.546 0.07852 1.2207
863 1 90.6867 0.0365 3.3128 863 -0.0354 12.9966 0.1168 1.5185 954 -0.1508 15.5475 0.07853 1.2209
864 1 90.7121 0.0365 3.3146 864 -0.0356 13.0028 0.1169 1.5195 955 -0.1511 15.549 0.07853 1.2211
865 1 90.7375 0.0366 3.3165 865 -0.0357 13.0089 0.1169 1.5205 956 -0.1515 15.5505 0.07854 1.2213
866 1 90.7628 0.0366 3.3183 866 -0.0359 13.0151 0.1169 1.5215 957 -0.1518 15.552 0.07855 1.2216
867 1 90.7882 0.0366 3.3201 867 -0.0361 13.0212 0.1169 1.5224 958 -0.1522 15.5535 0.07855 1.2217
868 1 90.8135 0.0366 3.3229 868 -0.0362 13.0273 0.1169 1.5234 959 -0.1525 15.555 0.07856 1.2220
869 1 90.8388 0.0366 3.3247 869 -0.0364 13.0334 0.1170 1.5244 960 -0.1529 15.5565 0.07857 1.2223
870 1 90.8641 0.0366 3.3265 870 -0.0365 13.0396 0.1170 1.5254 961 -0.1533 15.558 0.07857 1.2224
871 1 90.8893 0.0366 3.3284 871 -0.0367 13.0457 0.1170 1.5263 962 -0.1536 15.5595 0.07858 1.2227
872 1 90.9146 0.0366 3.3302 872 -0.0368 13.0518 0.1170 1.5273 963 -0.154 15.561 0.07859 1.2229
873 1 90.9398 0.0366 3.3320 873 -0.0370 13.0579 0.1170 1.5283 964 -0.1543 15.5624 0.07859 1.2230
874 1 90.9650 0.0367 3.3339 874 -0.0371 13.0640 0.1171 1.5293 965 -0.1547 15.5639 0.0786 1.2233
875 1 90.9901 0.0367 3.3357 875 -0.0373 13.0701 0.1171 1.5302 966 -0.155 15.5654 0.07861 1.2236
876 1 91.0153 0.0367 3.3375 876 -0.0374 13.0762 0.1171 1.5312 967 -0.1554 15.5669 0.07861 1.2237
877 1 91.0404 0.0367 3.3394 877 -0.0376 13.0823 0.1171 1.5322 968 -0.1557 15.5683 0.07862 1.2240
878 1 91.0655 0.0367 3.3412 878 -0.0378 13.0884 0.1171 1.5330 969 -0.1561 15.5698 0.07863 1.2243
879 1 91.0905 0.0367 3.3430 879 -0.0379 13.0945 0.1172 1.5340 970 -0.1564 15.5712 0.07863 1.2244
880 1 91.1156 0.0367 3.3449 880 -0.0381 13.1006 0.1172 1.5350 971 -0.1568 15.5727 0.07864 1.2246
881 1 91.1406 0.0367 3.3467 881 -0.0382 13.1067 0.1172 1.5360 972 -0.1571 15.5742 0.07865 1.2249
LENGTH
(in cm)
WEIGHT-FOR-LENGTH
HEIGHT
(in cm)
WEIGHT-FOR-HEIGHT
DAYS
HEIGHT/LENGTH-FOR-AGE
DAYS
WEIGHT-FOR-AGE
DAYS
MUAC
L M S SD L M S SD L M S SD L M S SD L M S SD
882 1 91.1656 0.0367 3.3485 882 -0.0384 13.1127 0.1172 1.5369 973 -0.1575 15.5756 0.07865 1.2250
883 1 91.1906 0.0367 3.3503 883 -0.0385 13.1188 0.1172 1.5379 974 -0.1578 15.5771 0.07866 1.2253
884 1 91.2155 0.0368 3.3522 884 -0.0387 13.1249 0.1173 1.5389 975 -0.1582 15.5785 0.07867 1.2256
885 1 91.2405 0.0368 3.3540 885 -0.0388 13.1310 0.1173 1.5399 976 -0.1585 15.58 0.07867 1.2257
886 1 91.2654 0.0368 3.3558 886 -0.0390 13.1370 0.1173 1.5408 977 -0.1589 15.5814 0.07868 1.2259
887 1 91.2903 0.0368 3.3577 887 -0.0391 13.1431 0.1173 1.5418 978 -0.1592 15.5829 0.07869 1.2262
888 1 91.3151 0.0368 3.3595 888 -0.0393 13.1491 0.1173 1.5428 979 -0.1596 15.5843 0.07869 1.2263
889 1 91.3400 0.0368 3.3613 889 -0.0394 13.1552 0.1174 1.5438 980 -0.1599 15.5857 0.0787 1.2266
890 1 91.3648 0.0368 3.3631 890 -0.0396 13.1612 0.1174 1.5447 981 -0.1603 15.5872 0.07871 1.2269
891 1 91.3896 0.0368 3.3650 891 -0.0397 13.1673 0.1174 1.5457 982 -0.1606 15.5886 0.07871 1.2270
892 1 91.4144 0.0368 3.3668 892 -0.0399 13.1733 0.1174 1.5465 983 -0.161 15.59 0.07872 1.2272
893 1 91.4391 0.0368 3.3686 893 -0.0401 13.1793 0.1174 1.5475 984 -0.1613 15.5915 0.07873 1.2275
894 1 91.4639 0.0369 3.3704 894 -0.0402 13.1854 0.1174 1.5485 985 -0.1617 15.5929 0.07873 1.2276
895 1 91.4886 0.0369 3.3723 895 -0.0404 13.1914 0.1175 1.5495 986 -0.162 15.5943 0.07874 1.2279
896 1 91.5133 0.0369 3.3741 896 -0.0405 13.1974 0.1175 1.5504 987 -0.1624 15.5957 0.07875 1.2282
897 1 91.5379 0.0369 3.3759 897 -0.0407 13.2034 0.1175 1.5514 988 -0.1627 15.5971 0.07876 1.2284
898 1 91.5626 0.0369 3.3777 898 -0.0408 13.2095 0.1175 1.5524 989 -0.1631 15.5986 0.07876 1.2285
899 1 91.5872 0.0369 3.3796 899 -0.0410 13.2155 0.1175 1.5533 990 -0.1634 15.6 0.07877 1.2288
900 1 91.6118 0.0369 3.3814 900 -0.0411 13.2215 0.1176 1.5543 991 -0.1638 15.6014 0.07878 1.2291
901 1 91.6364 0.0369 3.3832 901 -0.0413 13.2275 0.1176 1.5553 992 -0.1641 15.6028 0.07878 1.2292
902 1 91.6609 0.0369 3.3850 902 -0.0414 13.2335 0.1176 1.5563 993 -0.1645 15.6042 0.07879 1.2295
903 1 91.6855 0.0369 3.3869 903 -0.0416 13.2395 0.1176 1.5572 994 -0.1648 15.6056 0.0788 1.2297
904 1 91.7100 0.0370 3.3887 904 -0.0417 13.2455 0.1176 1.5581 995 -0.1652 15.607 0.0788 1.2298
905 1 91.7345 0.0370 3.3905 905 -0.0419 13.2515 0.1177 1.5590 996 -0.1655 15.6084 0.07881 1.2301
906 1 91.7590 0.0370 3.3923 906 -0.0420 13.2575 0.1177 1.5600 997 -0.1658 15.6098 0.07882 1.2304
907 1 91.7834 0.0370 3.3942 907 -0.0422 13.2634 0.1177 1.5610 998 -0.1662 15.6112 0.07883 1.2306
908 1 91.8078 0.0370 3.3960 908 -0.0423 13.2694 0.1177 1.5619 999 -0.1665 15.6126 0.07883 1.2307
909 1 91.8323 0.0370 3.3978 909 -0.0425 13.2754 0.1177 1.5629 1000 -0.1669 15.614 0.07884 1.2310
910 1 91.8566 0.0370 3.3996 910 -0.0426 13.2814 0.1178 1.5639 1001 -0.1672 15.6154 0.07885 1.2313
911 1 91.8810 0.0370 3.4014 911 -0.0428 13.2873 0.1178 1.5648 1002 -0.1676 15.6167 0.07885 1.2314
912 1 91.9053 0.0370 3.4033 912 -0.0429 13.2933 0.1178 1.5658 1003 -0.1679 15.6181 0.07886 1.2316
913 1 91.9297 0.0370 3.4051 913 -0.0431 13.2993 0.1178 1.5668 1004 -0.1683 15.6195 0.07887 1.2319
914 1 91.9540 0.0371 3.4069 914 -0.0432 13.3052 0.1178 1.5678 1005 -0.1686 15.6209 0.07888 1.2322
915 1 91.9783 0.0371 3.4087 915 -0.0434 13.3112 0.1179 1.5687 1006 -0.1689 15.6223 0.07888 1.2323
916 1 92.0025 0.0371 3.4105 916 -0.0435 13.3171 0.1179 1.5696 1007 -0.1693 15.6236 0.07889 1.2325
917 1 92.0268 0.0371 3.4124 917 -0.0437 13.3231 0.1179 1.5705 1008 -0.1696 15.625 0.0789 1.2328
918 1 92.0510 0.0371 3.4142 918 -0.0438 13.3290 0.1179 1.5715 1009 -0.17 15.6264 0.0789 1.2329
919 1 92.0752 0.0371 3.4160 919 -0.0440 13.3350 0.1179 1.5725 1010 -0.1703 15.6277 0.07891 1.2332
920 1 92.0993 0.0371 3.4178 920 -0.0441 13.3409 0.1179 1.5734 1011 -0.1707 15.6291 0.07892 1.2334
921 1 92.1235 0.0371 3.4187 921 -0.0443 13.3468 0.1180 1.5744 1012 -0.171 15.6305 0.07893 1.2337
922 1 92.1476 0.0371 3.4205 922 -0.0444 13.3528 0.1180 1.5754 1013 -0.1713 15.6318 0.07893 1.2338
923 1 92.1717 0.0371 3.4223 923 -0.0446 13.3587 0.1180 1.5763 1014 -0.1717 15.6332 0.07894 1.2341
924 1 92.1958 0.0371 3.4242 924 -0.0447 13.3646 0.1180 1.5773 1015 -0.172 15.6345 0.07895 1.2343
925 1 92.2199 0.0372 3.4260 925 -0.0449 13.3705 0.1180 1.5783 1016 -0.1724 15.6359 0.07895 1.2345
926 1 92.2440 0.0372 3.4278 926 -0.0450 13.3765 0.1181 1.5791 1017 -0.1727 15.6372 0.07896 1.2347
927 1 92.2680 0.0372 3.4296 927 -0.0452 13.3824 0.1181 1.5801 1018 -0.1731 15.6386 0.07897 1.2350
928 1 92.2920 0.0372 3.4314 928 -0.0453 13.3883 0.1181 1.5810 1019 -0.1734 15.6399 0.07898 1.2352
929 1 92.3160 0.0372 3.4332 929 -0.0455 13.3942 0.1181 1.5820 1020 -0.1737 15.6413 0.07898 1.2353
930 1 92.3400 0.0372 3.4350 930 -0.0456 13.4001 0.1181 1.5830 1021 -0.1741 15.6426 0.07899 1.2356
LENGTH
(in cm)
WEIGHT-FOR-LENGTH
HEIGHT
(in cm)
WEIGHT-FOR-HEIGHT
DAYS
HEIGHT/LENGTH-FOR-AGE
DAYS
WEIGHT-FOR-AGE
DAYS
MUAC
L M S SD L M S SD L M S SD L M S SD L M S SD
931 1 92.3639 0.0372 3.4369 931 -0.0458 13.4060 0.1182 1.5839 1022 -0.1744 15.644 0.079 1.2359
932 1 92.3879 0.0372 3.4387 932 -0.0459 13.4119 0.1182 1.5849 1023 -0.1748 15.6453 0.07901 1.2361
933 1 92.4118 0.0372 3.4405 933 -0.0461 13.4178 0.1182 1.5858 1024 -0.1751 15.6467 0.07901 1.2362
934 1 92.4357 0.0372 3.4423 934 -0.0462 13.4237 0.1182 1.5868 1025 -0.1754 15.648 0.07902 1.2365
935 1 92.4595 0.0373 3.4441 935 -0.0464 13.4296 0.1182 1.5878 1026 -0.1758 15.6493 0.07903 1.2368
936 1 92.4834 0.0373 3.4459 936 -0.0465 13.4354 0.1183 1.5887 1027 -0.1761 15.6507 0.07904 1.2370
937 1 92.5072 0.0373 3.4477 937 -0.0466 13.4413 0.1183 1.5896 1028 -0.1765 15.652 0.07904 1.2371
938 1 92.5310 0.0373 3.4496 938 -0.0468 13.4472 0.1183 1.5905 1029 -0.1768 15.6533 0.07905 1.2374
939 1 92.5548 0.0373 3.4514 939 -0.0469 13.4531 0.1183 1.5915 1030 -0.1771 15.6546 0.07906 1.2377
940 1 92.5786 0.0373 3.4532 940 -0.0471 13.4589 0.1183 1.5925 1031 -0.1775 15.656 0.07906 1.2378
941 1 92.6023 0.0373 3.4541 941 -0.0472 13.4648 0.1183 1.5934 1032 -0.1778 15.6573 0.07907 1.2380
942 1 92.6261 0.0373 3.4559 942 -0.0474 13.4707 0.1184 1.5944 1033 -0.1781 15.6586 0.07908 1.2383
943 1 92.6498 0.0373 3.4577 943 -0.0475 13.4765 0.1184 1.5953 1034 -0.1785 15.6599 0.07909 1.2385
944 1 92.6735 0.0373 3.4595 944 -0.0477 13.4824 0.1184 1.5963 1035 -0.1788 15.6612 0.07909 1.2386
945 1 92.6971 0.0373 3.4613 945 -0.0478 13.4883 0.1184 1.5973 1036 -0.1792 15.6625 0.0791 1.2389
946 1 92.7208 0.0374 3.4631 946 -0.0480 13.4941 0.1184 1.5981 1037 -0.1795 15.6639 0.07911 1.2392
947 1 92.7444 0.0374 3.4649 947 -0.0481 13.5000 0.1185 1.5991 1038 -0.1798 15.6652 0.07912 1.2394
948 1 92.7680 0.0374 3.4667 948 -0.0483 13.5058 0.1185 1.6000 1039 -0.1802 15.6665 0.07912 1.2395
949 1 92.7916 0.0374 3.4686 949 -0.0484 13.5116 0.1185 1.6010 1040 -0.1805 15.6678 0.07913 1.2398
950 1 92.8152 0.0374 3.4704 950 -0.0486 13.5175 0.1185 1.6020 1041 -0.1808 15.6691 0.07914 1.2401
951 1 92.8388 0.0374 3.4722 951 -0.0487 13.5233 0.1185 1.6029 1042 -0.1812 15.6704 0.07915 1.2403
952 1 92.8623 0.0374 3.4740 952 -0.0489 13.5291 0.1186 1.6039 1043 -0.1815 15.6717 0.07915 1.2404
953 1 92.8858 0.0374 3.4758 953 -0.0490 13.5350 0.1186 1.6048 1044 -0.1818 15.673 0.07916 1.2407
954 1 92.9093 0.0374 3.4776 954 -0.0491 13.5408 0.1186 1.6058 1045 -0.1822 15.6743 0.07917 1.2409
955 1 92.9328 0.0374 3.4785 955 -0.0493 13.5466 0.1186 1.6066 1046 -0.1825 15.6756 0.07918 1.2412
956 1 92.9562 0.0374 3.4803 956 -0.0494 13.5524 0.1186 1.6076 1047 -0.1829 15.6769 0.07918 1.2413
957 1 92.9797 0.0375 3.4821 957 -0.0496 13.5583 0.1186 1.6086 1048 -0.1832 15.6782 0.07919 1.2416
958 1 93.0031 0.0375 3.4839 958 -0.0497 13.5641 0.1187 1.6095 1049 -0.1835 15.6795 0.0792 1.2418
959 1 93.0265 0.0375 3.4857 959 -0.0499 13.5699 0.1187 1.6105 1050 -0.1839 15.6807 0.07921 1.2421
960 1 93.0499 0.0375 3.4875 960 -0.0500 13.5757 0.1187 1.6114 1051 -0.1842 15.682 0.07922 1.2423
961 1 93.0732 0.0375 3.4893 961 -0.0502 13.5815 0.1187 1.6124 1052 -0.1845 15.6833 0.07922 1.2424
962 1 93.0966 0.0375 3.4911 962 -0.0503 13.5873 0.1187 1.6134 1053 -0.1849 15.6846 0.07923 1.2427
963 1 93.1199 0.0375 3.4929 963 -0.0505 13.5931 0.1188 1.6143 1054 -0.1852 15.6859 0.07924 1.2430
964 1 93.1432 0.0375 3.4947 964 -0.0506 13.5989 0.1188 1.6151 1055 -0.1855 15.6872 0.07925 1.2432
965 1 93.1665 0.0375 3.4965 965 -0.0507 13.6047 0.1188 1.6161 1056 -0.1859 15.6884 0.07925 1.2433
966 1 93.1898 0.0375 3.4974 966 -0.0509 13.6105 0.1188 1.6171 1057 -0.1862 15.6897 0.07926 1.2436
967 1 93.2130 0.0375 3.4992 967 -0.0510 13.6163 0.1188 1.6180 1058 -0.1865 15.691 0.07927 1.2438
968 1 93.2363 0.0376 3.5010 968 -0.0512 13.6220 0.1189 1.6190 1059 -0.1869 15.6923 0.07928 1.2441
969 1 93.2595 0.0376 3.5028 969 -0.0513 13.6278 0.1189 1.6199 1060 -0.1872 15.6935 0.07928 1.2442
970 1 93.2827 0.0376 3.5046 970 -0.0515 13.6336 0.1189 1.6209 1061 -0.1875 15.6948 0.07929 1.2444
971 1 93.3059 0.0376 3.5064 971 -0.0516 13.6394 0.1189 1.6219 1062 -0.1879 15.6961 0.0793 1.2447
972 1 93.3290 0.0376 3.5082 972 -0.0518 13.6452 0.1189 1.6227 1063 -0.1882 15.6973 0.07931 1.2450
973 1 93.3522 0.0376 3.5100 973 -0.0519 13.6509 0.1189 1.6236 1064 -0.1885 15.6986 0.07932 1.2452
974 1 93.3753 0.0376 3.5118 974 -0.0520 13.6567 0.1190 1.6246 1065 -0.1888 15.6999 0.07932 1.2453
975 1 93.3984 0.0376 3.5136 975 -0.0522 13.6625 0.1190 1.6256 1066 -0.1892 15.7011 0.07933 1.2456
976 1 93.4215 0.0376 3.5145 976 -0.0523 13.6682 0.1190 1.6265 1067 -0.1895 15.7024 0.07934 1.2458
977 1 93.4446 0.0376 3.5163 977 -0.0525 13.6740 0.1190 1.6275 1068 -0.1898 15.7036 0.07935 1.2461
978 1 93.4676 0.0376 3.5181 978 -0.0526 13.6797 0.1190 1.6284 1069 -0.1902 15.7049 0.07935 1.2462
979 1 93.4906 0.0377 3.5199 979 -0.0528 13.6855 0.1191 1.6294 1070 -0.1905 15.7062 0.07936 1.2464
LENGTH
(in cm)
WEIGHT-FOR-LENGTH
HEIGHT
(in cm)
WEIGHT-FOR-HEIGHT
DAYS
HEIGHT/LENGTH-FOR-AGE
DAYS
WEIGHT-FOR-AGE
DAYS
MUAC
L M S SD L M S SD L M S SD L M S SD L M S SD
980 1 93.5137 0.0377 3.5217 980 -0.0529 13.6912 0.1191 1.6302 1071 -0.1908 15.7074 0.07937 1.2467
981 1 93.5367 0.0377 3.5235 981 -0.0530 13.6970 0.1191 1.6312 1072 -0.1912 15.7087 0.07938 1.2470
982 1 93.5596 0.0377 3.5253 982 -0.0532 13.7027 0.1191 1.6321 1073 -0.1915 15.7099 0.07939 1.2472
983 1 93.5826 0.0377 3.5271 983 -0.0533 13.7085 0.1191 1.6331 1074 -0.1918 15.7112 0.07939 1.2473
984 1 93.6056 0.0377 3.5280 984 -0.0535 13.7142 0.1192 1.6340 1075 -0.1921 15.7124 0.0794 1.2476
985 1 93.6285 0.0377 3.5298 985 -0.0536 13.7199 0.1192 1.6350 1076 -0.1925 15.7137 0.07941 1.2478
986 1 93.6514 0.0377 3.5316 986 -0.0538 13.7257 0.1192 1.6360 1077 -0.1928 15.7149 0.07942 1.2481
987 1 93.6743 0.0377 3.5334 987 -0.0539 13.7314 0.1192 1.6368 1078 -0.1931 15.7161 0.07942 1.2482
988 1 93.6972 0.0377 3.5352 988 -0.0540 13.7371 0.1192 1.6377 1079 -0.1935 15.7174 0.07943 1.2484
989 1 93.7201 0.0377 3.5370 989 -0.0542 13.7429 0.1192 1.6387 1080 -0.1938 15.7186 0.07944 1.2487
990 1 93.7429 0.0378 3.5388 990 -0.0543 13.7486 0.1193 1.6397 1081 -0.1941 15.7199 0.07945 1.2489
991 1 93.7658 0.0378 3.5406 991 -0.0545 13.7543 0.1193 1.6406 1082 -0.1944 15.7211 0.07946 1.2492
992 1 93.7886 0.0378 3.5415 992 -0.0546 13.7600 0.1193 1.6416 1083 -0.1948 15.7223 0.07946 1.2493
993 1 93.8114 0.0378 3.5433 993 -0.0548 13.7657 0.1193 1.6425 1084 -0.1951 15.7236 0.07947 1.2496
994 1 93.8342 0.0378 3.5451 994 -0.0549 13.7715 0.1193 1.6434 1085 -0.1954 15.7248 0.07948 1.2498
995 1 93.8569 0.0378 3.5469 995 -0.0550 13.7772 0.1194 1.6443 1086 -0.1958 15.726 0.07949 1.2501
996 1 93.8797 0.0378 3.5487 996 -0.0552 13.7829 0.1194 1.6453 1087 -0.1961 15.7273 0.0795 1.2503
997 1 93.9024 0.0378 3.5504 997 -0.0553 13.7886 0.1194 1.6462 1088 -0.1964 15.7285 0.0795 1.2504
998 1 93.9252 0.0378 3.5523 998 -0.0555 13.7943 0.1194 1.6472 1089 -0.1967 15.7297 0.07951 1.2507
999 1 93.9479 0.0378 3.5531 999 -0.0556 13.8000 0.1194 1.6481 1090 -0.1971 15.731 0.07952 1.2509
1000 1 93.9706 0.0378 3.5549 1000 -0.0558 13.8057 0.1195 1.6491 1091 -0.1974 15.7322 0.07953 1.2512
1001 1 93.9932 0.0378 3.5567 1001 -0.0559 13.8114 0.1195 1.6499 1092 -0.1977 15.7334 0.07953 1.2513
1002 1 94.0159 0.0379 3.5585 1002 -0.0560 13.8171 0.1195 1.6509 1093 -0.198 15.7346 0.07954 1.2515
1003 1 94.0385 0.0379 3.5603 1003 -0.0562 13.8228 0.1195 1.6518 1094 -0.1984 15.7358 0.07955 1.2518
1004 1 94.0612 0.0379 3.5621 1004 -0.0563 13.8285 0.1195 1.6528 1095 -0.1987 15.7371 0.07956 1.2520
1005 1 94.0838 0.0379 3.5639 1005 -0.0565 13.8341 0.1195 1.6537 1096 -0.199 15.7383 0.07957 1.2523
1006 1 94.1064 0.0379 3.5648 1006 -0.0566 13.8398 0.1196 1.6547 1097 -0.1993 15.7395 0.07957 1.2524
1007 1 94.1290 0.0379 3.5665 1007 -0.0567 13.8455 0.1196 1.6555 1098 -0.1997 15.7407 0.07958 1.2526
1008 1 94.1516 0.0379 3.5683 1008 -0.0569 13.8512 0.1196 1.6565 1099 -0.2 15.7419 0.07959 1.2529
1009 1 94.1741 0.0379 3.5701 1009 -0.0570 13.8569 0.1196 1.6574 1100 -0.2003 15.7431 0.0796 1.2532
1010 1 94.1967 0.0379 3.5719 1010 -0.0572 13.8625 0.1196 1.6584 1101 -0.2006 15.7444 0.07961 1.2534
1011 1 94.2192 0.0379 3.5737 1011 -0.0573 13.8682 0.1197 1.6593 1102 -0.201 15.7456 0.07961 1.2535
1012 1 94.2417 0.0379 3.5746 1012 -0.0574 13.8739 0.1197 1.6603 1103 -0.2013 15.7468 0.07962 1.2538
1013 1 94.2642 0.0379 3.5764 1013 -0.0576 13.8796 0.1197 1.6611 1104 -0.2016 15.748 0.07963 1.2540
1014 1 94.2867 0.0380 3.5782 1014 -0.0577 13.8852 0.1197 1.6621 1105 -0.2019 15.7492 0.07964 1.2543
1015 1 94.3092 0.0380 3.5800 1015 -0.0579 13.8909 0.1197 1.6630 1106 -0.2023 15.7504 0.07965 1.2545
1016 1 94.3317 0.0380 3.5818 1016 -0.0580 13.8966 0.1197 1.6640 1107 -0.2026 15.7516 0.07966 1.2548
1017 1 94.3541 0.0380 3.5836 1017 -0.0581 13.9022 0.1198 1.6649 1108 -0.2029 15.7528 0.07966 1.2549
1018 1 94.3765 0.0380 3.5844 1018 -0.0583 13.9079 0.1198 1.6659 1109 -0.2032 15.754 0.07967 1.2551
1019 1 94.3990 0.0380 3.5862 1019 -0.0584 13.9135 0.1198 1.6667 1110 -0.2035 15.7552 0.07968 1.2554
1020 1 94.4214 0.0380 3.5880 1020 -0.0586 13.9192 0.1198 1.6677 1111 -0.2039 15.7564 0.07969 1.2556
1021 1 94.4438 0.0380 3.5898 1021 -0.0587 13.9248 0.1198 1.6686 1112 -0.2042 15.7576 0.0797 1.2559
1022 1 94.4662 0.0380 3.5916 1022 -0.0588 13.9305 0.1199 1.6696 1113 -0.2045 15.7588 0.0797 1.2560
1023 1 94.4885 0.0380 3.5925 1023 -0.0590 13.9361 0.1199 1.6705 1114 -0.2048 15.76 0.07971 1.2562
1024 1 94.5109 0.0380 3.5942 1024 -0.0591 13.9418 0.1199 1.6713 1115 -0.2052 15.7612 0.07972 1.2565
1025 1 94.5332 0.0380 3.5960 1025 -0.0593 13.9474 0.1199 1.6723 1116 -0.2055 15.7624 0.07973 1.2567
1026 1 94.5556 0.0381 3.5978 1026 -0.0594 13.9531 0.1199 1.6733 1117 -0.2058 15.7636 0.07974 1.2570
1027 1 94.5779 0.0381 3.5996 1027 -0.0595 13.9587 0.1199 1.6742 1118 -0.2061 15.7648 0.07974 1.2571
1028 1 94.6002 0.0381 3.6014 1028 -0.0597 13.9644 0.1200 1.6752 1119 -0.2064 15.766 0.07975 1.2573
LENGTH
(in cm)
WEIGHT-FOR-LENGTH
HEIGHT
(in cm)
WEIGHT-FOR-HEIGHT
DAYS
HEIGHT/LENGTH-FOR-AGE
DAYS
WEIGHT-FOR-AGE
DAYS
MUAC
L M S SD L M S SD L M S SD L M S SD L M S SD
1029 1 94.6225 0.0381 3.6023 1029 -0.0598 13.9700 0.1200 1.6761 1120 -0.2068 15.7672 0.07976 1.2576
1030 1 94.6447 0.0381 3.6041 1030 -0.0600 13.9756 0.1200 1.6769 1121 -0.2071 15.7684 0.07977 1.2578
1031 1 94.6670 0.0381 3.6059 1031 -0.0601 13.9813 0.1200 1.6779 1122 -0.2074 15.7695 0.07978 1.2581
1032 1 94.6893 0.0381 3.6077 1032 -0.0602 13.9869 0.1200 1.6788 1123 -0.2077 15.7707 0.07979 1.2583
1033 1 94.7115 0.0381 3.6095 1033 -0.0604 13.9925 0.1201 1.6798 1124 -0.208 15.7719 0.07979 1.2584
1034 1 94.7337 0.0381 3.6103 1034 -0.0605 13.9982 0.1201 1.6808 1125 -0.2084 15.7731 0.0798 1.2587
1035 1 94.7559 0.0381 3.6121 1035 -0.0607 14.0038 0.1201 1.6816 1126 -0.2087 15.7743 0.07981 1.2589
1036 1 94.7782 0.0381 3.6139 1036 -0.0608 14.0094 0.1201 1.6825 1127 -0.209 15.7755 0.07982 1.2592
1037 1 94.8003 0.0381 3.6157 1037 -0.0609 14.0150 0.1201 1.6835 1128 -0.2093 15.7767 0.07983 1.2595
1038 1 94.8225 0.0382 3.6175 1038 -0.0611 14.0207 0.1201 1.6844 1129 -0.2096 15.7778 0.07983 1.2595
1039 1 94.8447 0.0382 3.6183 1039 -0.0612 14.0263 0.1202 1.6854 1130 -0.21 15.779 0.07984 1.2598
1040 1 94.8668 0.0382 3.6201 1040 -0.0613 14.0319 0.1202 1.6862 1131 -0.2103 15.7802 0.07985 1.2600
1041 1 94.8890 0.0382 3.6219 1041 -0.0615 14.0375 0.1202 1.6872 1132 -0.2106 15.7814 0.07986 1.2603
1042 1 94.9111 0.0382 3.6237 1042 -0.0616 14.0431 0.1202 1.6881 1133 -0.2109 15.7825 0.07987 1.2605
1043 1 94.9332 0.0382 3.6255 1043 -0.0618 14.0488 0.1202 1.6891 1134 -0.2112 15.7837 0.07988 1.2608
1044 1 94.9553 0.0382 3.6263 1044 -0.0619 14.0544 0.1203 1.6900 1135 -0.2116 15.7849 0.07988 1.2609
1045 1 94.9774 0.0382 3.6281 1045 -0.0620 14.0600 0.1203 1.6909 1136 -0.2119 15.7861 0.07989 1.2612
1046 1 94.9995 0.0382 3.6299 1046 -0.0622 14.0656 0.1203 1.6918 1137 -0.2122 15.7872 0.0799 1.2614
1047 1 95.0216 0.0382 3.6317 1047 -0.0623 14.0712 0.1203 1.6928 1138 -0.2125 15.7884 0.07991 1.2617
1048 1 95.0436 0.0382 3.6326 1048 -0.0624 14.0768 0.1203 1.6937 1139 -0.2128 15.7896 0.07992 1.2619
1049 1 95.0657 0.0382 3.6344 1049 -0.0626 14.0824 0.1203 1.6945 1140 -0.2131 15.7908 0.07992 1.2620
1050 1 95.0877 0.0382 3.6362 1050 -0.0627 14.0880 0.1204 1.6955 1141 -0.2135 15.7919 0.07993 1.2622
1051 1 95.1097 0.0383 3.6379 1051 -0.0629 14.0936 0.1204 1.6964 1142 -0.2138 15.7931 0.07994 1.2625
1052 1 95.1317 0.0383 3.6397 1052 -0.0630 14.0992 0.1204 1.6974 1143 -0.2141 15.7943 0.07995 1.2628
1053 1 95.1537 0.0383 3.6406 1053 -0.0631 14.1048 0.1204 1.6984 1144 -0.2144 15.7954 0.07996 1.2630
1054 1 95.1757 0.0383 3.6424 1054 -0.0633 14.1104 0.1204 1.6992 1145 -0.2147 15.7966 0.07997 1.2633
1055 1 95.1977 0.0383 3.6442 1055 -0.0634 14.1160 0.1204 1.7001 1146 -0.215 15.7978 0.07997 1.2634
1056 1 95.2197 0.0383 3.6460 1056 -0.0635 14.1216 0.1205 1.7011 1147 -0.2153 15.7989 0.07998 1.2636
1057 1 95.2416 0.0383 3.6468 1057 -0.0637 14.1272 0.1205 1.7020 1148 -0.2157 15.8001 0.07999 1.2638
1058 1 95.2636 0.0383 3.6486 1058 -0.0638 14.1328 0.1205 1.7030 1149 -0.216 15.8013 0.08 1.2641
1059 1 95.2855 0.0383 3.6504 1059 -0.0639 14.1384 0.1205 1.7038 1150 -0.2163 15.8024 0.08001 1.2644
1060 1 95.3074 0.0383 3.6522 1060 -0.0641 14.1440 0.1205 1.7048 1151 -0.2166 15.8036 0.08002 1.2646
1061 1 95.3293 0.0383 3.6540 1061 -0.0642 14.1495 0.1206 1.7057 1152 -0.2169 15.8047 0.08002 1.2647
1062 1 95.3512 0.0383 3.6548 1062 -0.0644 14.1551 0.1206 1.7067 1153 -0.2172 15.8059 0.08003 1.2649
1063 1 95.3731 0.0383 3.6566 1063 -0.0645 14.1607 0.1206 1.7075 1154 -0.2176 15.8071 0.08004 1.2652
1064 1 95.3949 0.0384 3.6584 1064 -0.0646 14.1663 0.1206 1.7085 1155 -0.2179 15.8082 0.08005 1.2654
1065 1 95.4168 0.0384 3.6602 1065 -0.0648 14.1719 0.1206 1.7094 1156 -0.2182 15.8094 0.08006 1.2657
1066 1 95.4386 0.0384 3.6610 1066 -0.0649 14.1775 0.1206 1.7104 1157 -0.2185 15.8105 0.08007 1.2659
1067 1 95.4605 0.0384 3.6628 1067 -0.0650 14.1830 0.1207 1.7112 1158 -0.2188 15.8117 0.08007 1.2660
1068 1 95.4823 0.0384 3.6646 1068 -0.0652 14.1886 0.1207 1.7121 1159 -0.2191 15.8129 0.08008 1.2663
1069 1 95.5041 0.0384 3.6664 1069 -0.0653 14.1942 0.1207 1.7131 1160 -0.2194 15.814 0.08009 1.2665
1070 1 95.5259 0.0384 3.6672 1070 -0.0654 14.1998 0.1207 1.7141 1161 -0.2197 15.8152 0.0801 1.2668
1071 1 95.5477 0.0384 3.6690 1071 -0.0656 14.2053 0.1207 1.7150 1162 -0.2201 15.8163 0.08011 1.2670
1072 1 95.5695 0.0384 3.6708 1072 -0.0657 14.2109 0.1207 1.7158 1163 -0.2204 15.8175 0.08012 1.2673
1073 1 95.5913 0.0384 3.6726 1073 -0.0658 14.2165 0.1208 1.7168 1164 -0.2207 15.8186 0.08013 1.2675
1074 1 95.6130 0.0384 3.6735 1074 -0.0660 14.2221 0.1208 1.7177 1165 -0.221 15.8198 0.08013 1.2676
1075 1 95.6348 0.0384 3.6752 1075 -0.0661 14.2276 0.1208 1.7187 1166 -0.2213 15.8209 0.08014 1.2679
1076 1 95.6565 0.0384 3.6770 1076 -0.0663 14.2332 0.1208 1.7195 1167 -0.2216 15.8221 0.08015 1.2681
1077 1 95.6782 0.0385 3.6788 1077 -0.0664 14.2388 0.1208 1.7205 1168 -0.2219 15.8232 0.08016 1.2684
LENGTH
(in cm)
WEIGHT-FOR-LENGTH
HEIGHT
(in cm)
WEIGHT-FOR-HEIGHT
DAYS
HEIGHT/LENGTH-FOR-AGE
DAYS
WEIGHT-FOR-AGE
DAYS
MUAC
L M S SD L M S SD L M S SD L M S SD L M S SD
1078 1 95.6999 0.0385 3.6797 1078 -0.0665 14.2443 0.1209 1.7214 1169 -0.2222 15.8244 0.08017 1.2686
1079 1 95.7216 0.0385 3.6815 1079 -0.0667 14.2499 0.1209 1.7224 1170 -0.2226 15.8255 0.08018 1.2689
1080 1 95.7433 0.0385 3.6832 1080 -0.0668 14.2554 0.1209 1.7232 1171 -0.2229 15.8267 0.08018 1.2690
1081 1 95.7650 0.0385 3.6850 1081 -0.0669 14.2610 0.1209 1.7242 1172 -0.2232 15.8278 0.08019 1.2692
1082 1 95.7867 0.0385 3.6859 1082 -0.0671 14.2666 0.1209 1.7251 1173 -0.2235 15.829 0.0802 1.2695
1083 1 95.8083 0.0385 3.6877 1083 -0.0672 14.2721 0.1209 1.7261 1174 -0.2238 15.8301 0.08021 1.2697
1084 1 95.8300 0.0385 3.6895 1084 -0.0673 14.2777 0.1210 1.7269 1175 -0.2241 15.8312 0.08022 1.2700
1085 1 95.8516 0.0385 3.6903 1085 -0.0675 14.2832 0.1210 1.7278 1176 -0.2244 15.8324 0.08023 1.2702
1086 1 95.8732 0.0385 3.6921 1086 -0.0676 14.2888 0.1210 1.7288 1177 -0.2247 15.8335 0.08023 1.2703
1087 1 95.8948 0.0385 3.6939 1087 -0.0677 14.2944 0.1210 1.7298 1178 -0.225 15.8347 0.08024 1.2706
1088 1 95.9165 0.0385 3.6957 1088 -0.0679 14.2999 0.1210 1.7306 1179 -0.2254 15.8358 0.08025 1.2708
1089 1 95.9380 0.0385 3.6965 1089 -0.0680 14.3055 0.1210 1.7315 1180 -0.2257 15.837 0.08026 1.2711
1090 1 95.9596 0.0385 3.6983 1090 -0.0681 14.3110 0.1211 1.7325 1181 -0.226 15.8381 0.08027 1.2713
1091 1 95.9812 0.0386 3.7001 1091 -0.0683 14.3166 0.1211 1.7335 1182 -0.2263 15.8392 0.08028 1.2716
1092 1 96.0028 0.0386 3.7019 1092 -0.0684 14.3221 0.1211 1.7343 1183 -0.2266 15.8404 0.08029 1.2718
1093 1 96.0243 0.0386 3.7027 1093 -0.0685 14.3277 0.1211 1.7352 1184 -0.2269 15.8415 0.08029 1.2719
1094 1 96.0459 0.0386 3.7045 1094 -0.0687 14.3332 0.1211 1.7362 1185 -0.2272 15.8427 0.0803 1.2722
1095 1 96.0674 0.0386 3.7063 1095 -0.0688 14.3387 0.1212 1.7371 1186 -0.2275 15.8438 0.08031 1.2724
1096 1 96.0889 0.0386 3.7071 1096 -0.0689 14.3443 0.1212 1.7380 1187 -0.2278 15.8449 0.08032 1.2727
1097 1 96.1104 0.0386 3.7089 1097 -0.0691 14.3498 0.1212 1.7389 1188 -0.2281 15.8461 0.08033 1.2729
1098 1 96.1319 0.0386 3.7107 1098 -0.0692 14.3554 0.1212 1.7399 1189 -0.2284 15.8472 0.08034 1.2732
1099 1 96.1534 0.0386 3.7125 1099 -0.0693 14.3609 0.1212 1.7407 1190 -0.2288 15.8483 0.08035 1.2734
1100 1 96.1749 0.0386 3.7133 1100 -0.0695 14.3665 0.1212 1.7417 1191 -0.2291 15.8495 0.08035 1.2735
1101 1 96.1964 0.0386 3.7151 1101 -0.0696 14.3720 0.1213 1.7426 1192 -0.2294 15.8506 0.08036 1.2738
1102 1 96.2178 0.0386 3.7169 1102 -0.0697 14.3775 0.1213 1.7436 1193 -0.2297 15.8517 0.08037 1.2740
1103 1 96.2393 0.0386 3.7177 1103 -0.0699 14.3831 0.1213 1.7444 1194 -0.23 15.8529 0.08038 1.2743
1104 1 96.2607 0.0386 3.7195 1104 -0.0700 14.3886 0.1213 1.7453 1195 -0.2303 15.854 0.08039 1.2745
1105 1 96.2821 0.0387 3.7213 1105 -0.0701 14.3942 0.1213 1.7463 1196 -0.2306 15.8551 0.0804 1.2748
1106 1 96.3035 0.0387 3.7231 1106 -0.0703 14.3997 0.1213 1.7473 1197 -0.2309 15.8563 0.08041 1.2750
1107 1 96.3250 0.0387 3.7239 1107 -0.0704 14.4052 0.1214 1.7481 1198 -0.2312 15.8574 0.08041 1.2751
1108 1 96.3464 0.0387 3.7257 1108 -0.0705 14.4108 0.1214 1.7490 1199 -0.2315 15.8585 0.08042 1.2753
1109 1 96.3677 0.0387 3.7275 1109 -0.0707 14.4163 0.1214 1.7500 1200 -0.2318 15.8597 0.08043 1.2756
1110 1 96.3891 0.0387 3.7283 1110 -0.0708 14.4218 0.1214 1.7510 1201 -0.2321 15.8608 0.08044 1.2758
1111 1 96.4105 0.0387 3.7301 1111 -0.0709 14.4274 0.1214 1.7518 1202 -0.2324 15.8619 0.08045 1.2761
1112 1 96.4318 0.0387 3.7319 1112 -0.0711 14.4329 0.1214 1.7527 1203 -0.2327 15.863 0.08046 1.2763
1113 1 96.4532 0.0387 3.7327 1113 -0.0712 14.4384 0.1215 1.7537 1204 -0.2331 15.8642 0.08047 1.2766
1114 1 96.4745 0.0387 3.7345 1114 -0.0713 14.4439 0.1215 1.7545 1205 -0.2334 15.8653 0.08047 1.2767
1115 1 96.4958 0.0387 3.7363 1115 -0.0715 14.4495 0.1215 1.7555 1206 -0.2337 15.8664 0.08048 1.2769
1116 1 96.5172 0.0387 3.7381 1116 -0.0716 14.4550 0.1215 1.7564 1207 -0.234 15.8676 0.08049 1.2772
1117 1 96.5385 0.0387 3.7389 1117 -0.0717 14.4605 0.1215 1.7574 1208 -0.2343 15.8687 0.0805 1.2774
1118 1 96.5598 0.0387 3.7407 1118 -0.0718 14.4661 0.1215 1.7582 1209 -0.2346 15.8698 0.08051 1.2777
1119 1 96.5810 0.0388 3.7425 1119 -0.0720 14.4716 0.1216 1.7592 1210 -0.2349 15.8709 0.08052 1.2779
1120 1 96.6023 0.0388 3.7433 1120 -0.0721 14.4771 0.1216 1.7601 1211 -0.2352 15.8721 0.08053 1.2782
1121 1 96.6236 0.0388 3.7451 1121 -0.0722 14.4826 0.1216 1.7609 1212 -0.2355 15.8732 0.08053 1.2783
1122 1 96.6448 0.0388 3.7469 1122 -0.0724 14.4881 0.1216 1.7619 1213 -0.2358 15.8743 0.08054 1.2785
1123 1 96.6661 0.0388 3.7477 1123 -0.0725 14.4937 0.1216 1.7629 1214 -0.2361 15.8754 0.08055 1.2788
1124 1 96.6873 0.0388 3.7495 1124 -0.0726 14.4992 0.1217 1.7638 1215 -0.2364 15.8765 0.08056 1.2790
1125 1 96.7085 0.0388 3.7513 1125 -0.0728 14.5047 0.1217 1.7646 1216 -0.2367 15.8777 0.08057 1.2793
1126 1 96.7298 0.0388 3.7521 1126 -0.0729 14.5102 0.1217 1.7656 1217 -0.237 15.8788 0.08058 1.2795
LENGTH
(in cm)
WEIGHT-FOR-LENGTH
HEIGHT
(in cm)
WEIGHT-FOR-HEIGHT
DAYS
HEIGHT/LENGTH-FOR-AGE
DAYS
WEIGHT-FOR-AGE
DAYS
MUAC
L M S SD L M S SD L M S SD L M S SD L M S SD
1127 1 96.7510 0.0388 3.7539 1127 -0.0730 14.5158 0.1217 1.7666 1218 -0.2373 15.8799 0.08059 1.2798
1128 1 96.7722 0.0388 3.7557 1128 -0.0732 14.5213 0.1217 1.7674 1219 -0.2376 15.881 0.08059 1.2798
1129 1 96.7933 0.0388 3.7565 1129 -0.0733 14.5268 0.1217 1.7683 1220 -0.2379 15.8821 0.0806 1.2801
1130 1 96.8145 0.0388 3.7583 1130 -0.0734 14.5323 0.1218 1.7693 1221 -0.2382 15.8833 0.08061 1.2804
1131 1 96.8357 0.0388 3.7601 1131 -0.0736 14.5378 0.1218 1.7703 1222 -0.2385 15.8844 0.08062 1.2806
1132 1 96.8568 0.0388 3.7609 1132 -0.0737 14.5433 0.1218 1.7711 1223 -0.2388 15.8855 0.08063 1.2808
1133 1 96.8780 0.0388 3.7627 1133 -0.0738 14.5489 0.1218 1.7721 1224 -0.2391 15.8866 0.08064 1.2811
1134 1 96.8991 0.0389 3.7645 1134 -0.0739 14.5544 0.1218 1.7730 1225 -0.2394 15.8877 0.08065 1.2813
1135 1 96.9203 0.0389 3.7654 1135 -0.0741 14.5599 0.1218 1.7738 1226 -0.2397 15.8888 0.08066 1.2816
1136 1 96.9414 0.0389 3.7671 1136 -0.0742 14.5654 0.1219 1.7748 1227 -0.24 15.89 0.08066 1.2817
1137 1 96.9625 0.0389 3.7689 1137 -0.0743 14.5709 0.1219 1.7758 1228 -0.2403 15.8911 0.08067 1.2819
1138 1 96.9836 0.0389 3.7698 1138 -0.0745 14.5764 0.1219 1.7767 1229 -0.2406 15.8922 0.08068 1.2822
1139 1 97.0047 0.0389 3.7715 1139 -0.0746 14.5819 0.1219 1.7775 1230 -0.2409 15.8933 0.08069 1.2824
1140 1 97.0258 0.0389 3.7733 1140 -0.0747 14.5875 0.1219 1.7785 1231 -0.2412 15.8944 0.0807 1.2827
1141 1 97.0468 0.0389 3.7742 1141 -0.0749 14.5930 0.1219 1.7795 1232 -0.2415 15.8955 0.08071 1.2829
1142 1 97.0679 0.0389 3.7759 1142 -0.0750 14.5985 0.1220 1.7803 1233 -0.2418 15.8966 0.08072 1.2832
1143 1 97.0889 0.0389 3.7777 1143 -0.0751 14.6040 0.1220 1.7812 1234 -0.2422 15.8977 0.08073 1.2834
1144 1 97.1100 0.0389 3.7786 1144 -0.0752 14.6095 0.1220 1.7822 1235 -0.2425 15.8989 0.08073 1.2835
1145 1 97.1310 0.0389 3.7803 1145 -0.0754 14.6150 0.1220 1.7830 1236 -0.2428 15.9 0.08074 1.2838
1146 1 97.1521 0.0389 3.7821 1146 -0.0755 14.6205 0.1220 1.7840 1237 -0.2431 15.9011 0.08075 1.2840
1147 1 97.1731 0.0389 3.7829 1147 -0.0756 14.6260 0.1220 1.7850 1238 -0.2434 15.9022 0.08076 1.2843
1148 1 97.1941 0.0389 3.7847 1148 -0.0758 14.6315 0.1221 1.7859 1239 -0.2437 15.9033 0.08077 1.2845
1149 1 97.2151 0.0390 3.7865 1149 -0.0759 14.6371 0.1221 1.7868 1240 -0.244 15.9044 0.08078 1.2848
1150 1 97.2361 0.0390 3.7873 1150 -0.0760 14.6426 0.1221 1.7877 1241 -0.2443 15.9055 0.08079 1.2850
1151 1 97.2570 0.0390 3.7891 1151 -0.0762 14.6481 0.1221 1.7887 1242 -0.2446 15.9066 0.0808 1.2853
1152 1 97.2780 0.0390 3.7909 1152 -0.0763 14.6536 0.1221 1.7895 1243 -0.2449 15.9077 0.0808 1.2853
1153 1 97.2990 0.0390 3.7917 1153 -0.0764 14.6591 0.1221 1.7905 1244 -0.2452 15.9088 0.08081 1.2856
1154 1 97.3199 0.0390 3.7935 1154 -0.0765 14.6646 0.1222 1.7914 1245 -0.2455 15.91 0.08082 1.2858
1155 1 97.3409 0.0390 3.7953 1155 -0.0767 14.6701 0.1222 1.7922 1246 -0.2457 15.9111 0.08083 1.2861
1156 1 97.3618 0.0390 3.7961 1156 -0.0768 14.6756 0.1222 1.7932 1247 -0.246 15.9122 0.08084 1.2863
1157 1 97.3827 0.0390 3.7979 1157 -0.0769 14.6811 0.1222 1.7942 1248 -0.2463 15.9133 0.08085 1.2866
1158 1 97.4036 0.0390 3.7997 1158 -0.0771 14.6866 0.1222 1.7950 1249 -0.2466 15.9144 0.08086 1.2868
1159 1 97.4245 0.0390 3.8005 1159 -0.0772 14.6921 0.1222 1.7960 1250 -0.2469 15.9155 0.08087 1.2871
1160 1 97.4454 0.0390 3.8023 1160 -0.0773 14.6976 0.1223 1.7969 1251 -0.2472 15.9166 0.08087 1.2872
1161 1 97.4663 0.0390 3.8031 1161 -0.0774 14.7032 0.1223 1.7979 1252 -0.2475 15.9177 0.08088 1.2874
1162 1 97.4872 0.0390 3.8049 1162 -0.0776 14.7087 0.1223 1.7987 1253 -0.2478 15.9188 0.08089 1.2877
1163 1 97.5081 0.0390 3.8067 1163 -0.0777 14.7142 0.1223 1.7997 1254 -0.2481 15.9199 0.0809 1.2879
1164 1 97.5289 0.0390 3.8075 1164 -0.0778 14.7197 0.1223 1.8007 1255 -0.2484 15.921 0.08091 1.2882
1165 1 97.5498 0.0391 3.8093 1165 -0.0780 14.7252 0.1223 1.8015 1256 -0.2487 15.9221 0.08092 1.2884
1166 1 97.5706 0.0391 3.8111 1166 -0.0781 14.7307 0.1224 1.8024 1257 -0.249 15.9232 0.08093 1.2887
1167 1 97.5914 0.0391 3.8119 1167 -0.0782 14.7362 0.1224 1.8034 1258 -0.2493 15.9243 0.08094 1.2889
1168 1 97.6123 0.0391 3.8137 1168 -0.0783 14.7417 0.1224 1.8042 1259 -0.2496 15.9254 0.08094 1.2890
1169 1 97.6331 0.0391 3.8155 1169 -0.0785 14.7472 0.1224 1.8052 1260 -0.2499 15.9265 0.08095 1.2893
1170 1 97.6539 0.0391 3.8163 1170 -0.0786 14.7527 0.1224 1.8062 1261 -0.2502 15.9276 0.08096 1.2895
1171 1 97.6747 0.0391 3.8181 1171 -0.0787 14.7582 0.1224 1.8070 1262 -0.2505 15.9287 0.08097 1.2897
1172 1 97.6954 0.0391 3.8189 1172 -0.0788 14.7637 0.1225 1.8080 1263 -0.2508 15.9298 0.08098 1.2900
1173 1 97.7162 0.0391 3.8207 1173 -0.0790 14.7692 0.1225 1.8089 1264 -0.2511 15.9309 0.08099 1.2902
1174 1 97.7370 0.0391 3.8225 1174 -0.0791 14.7747 0.1225 1.8098 1265 -0.2514 15.932 0.081 1.2905
1175 1 97.7577 0.0391 3.8233 1175 -0.0792 14.7802 0.1225 1.8107 1266 -0.2517 15.9331 0.08101 1.2907
LENGTH
(in cm)
WEIGHT-FOR-LENGTH
HEIGHT
(in cm)
WEIGHT-FOR-HEIGHT
DAYS
HEIGHT/LENGTH-FOR-AGE
DAYS
WEIGHT-FOR-AGE
DAYS
MUAC
L M S SD L M S SD L M S SD L M S SD L M S SD
1176 1 97.7785 0.0391 3.8251 1176 -0.0794 14.7857 0.1225 1.8117 1267 -0.252 15.9342 0.08102 1.2910
1177 1 97.7992 0.0391 3.8269 1177 -0.0795 14.7912 0.1225 1.8125 1268 -0.2523 15.9353 0.08102 1.2911
1178 1 97.8199 0.0391 3.8277 1178 -0.0796 14.7967 0.1226 1.8135 1269 -0.2526 15.9364 0.08103 1.2913
1179 1 97.8406 0.0391 3.8295 1179 -0.0797 14.8022 0.1226 1.8145 1270 -0.2529 15.9375 0.08104 1.2916
1180 1 97.8614 0.0391 3.8303 1180 -0.0799 14.8077 0.1226 1.8153 1271 -0.2532 15.9386 0.08105 1.2918
1181 1 97.8821 0.0392 3.8321 1181 -0.0800 14.8132 0.1226 1.8162 1272 -0.2535 15.9397 0.08106 1.2921
1182 1 97.9027 0.0392 3.8339 1182 -0.0801 14.8187 0.1226 1.8172 1273 -0.2538 15.9408 0.08107 1.2923
1183 1 97.9234 0.0392 3.8347 1183 -0.0802 14.8242 0.1227 1.8182 1274 -0.2541 15.9419 0.08108 1.2926
1184 1 97.9441 0.0392 3.8365 1184 -0.0804 14.8297 0.1227 1.8190 1275 -0.2544 15.943 0.08109 1.2928
1185 1 97.9647 0.0392 3.8373 1185 -0.0805 14.8352 0.1227 1.8200 1276 -0.2546 15.9441 0.0811 1.2931
1186 1 97.9854 0.0392 3.8391 1186 -0.0806 14.8407 0.1227 1.8210 1277 -0.2549 15.9451 0.0811 1.2931
1187 1 98.0060 0.0392 3.8409 1187 -0.0808 14.8462 0.1227 1.8218 1278 -0.2552 15.9462 0.08111 1.2934
1188 1 98.0267 0.0392 3.8417 1188 -0.0809 14.8517 0.1227 1.8227 1279 -0.2555 15.9473 0.08112 1.2936
1189 1 98.0473 0.0392 3.8435 1189 -0.0810 14.8572 0.1228 1.8237 1280 -0.2558 15.9484 0.08113 1.2939
1190 1 98.0679 0.0392 3.8443 1190 -0.0811 14.8627 0.1228 1.8245 1281 -0.2561 15.9495 0.08114 1.2941
1191 1 98.0885 0.0392 3.8461 1191 -0.0813 14.8682 0.1228 1.8255 1282 -0.2564 15.9506 0.08115 1.2944
1192 1 98.1091 0.0392 3.8478 1192 -0.0814 14.8737 0.1228 1.8265 1283 -0.2567 15.9517 0.08116 1.2946
1193 1 98.1297 0.0392 3.8486 1193 -0.0815 14.8792 0.1228 1.8273 1284 -0.257 15.9528 0.08117 1.2949
1194 1 98.1503 0.0392 3.8504 1194 -0.0816 14.8847 0.1228 1.8283 1285 -0.2573 15.9539 0.08118 1.2951
1195 1 98.1708 0.0392 3.8522 1195 -0.0818 14.8902 0.1229 1.8293 1286 -0.2576 15.955 0.08118 1.2952
1196 1 98.1914 0.0392 3.8530 1196 -0.0819 14.8957 0.1229 1.8301 1287 -0.2579 15.9561 0.08119 1.2955
1197 1 98.2119 0.0393 3.8548 1197 -0.0820 14.9012 0.1229 1.8311 1288 -0.2582 15.9572 0.0812 1.2957
1198 1 98.2325 0.0393 3.8556 1198 -0.0821 14.9067 0.1229 1.8320 1289 -0.2585 15.9582 0.08121 1.2960
1199 1 98.2530 0.0393 3.8574 1199 -0.0823 14.9122 0.1229 1.8329 1290 -0.2588 15.9593 0.08122 1.2962
1200 1 98.2735 0.0393 3.8592 1200 -0.0824 14.9177 0.1229 1.8338 1291 -0.259 15.9604 0.08123 1.2965
1201 1 98.2940 0.0393 3.8600 1201 -0.0825 14.9232 0.1230 1.8348 1292 -0.2593 15.9615 0.08124 1.2967
1202 1 98.3145 0.0393 3.8618 1202 -0.0826 14.9287 0.1230 1.8356 1293 -0.2596 15.9626 0.08125 1.2970
1203 1 98.3350 0.0393 3.8626 1203 -0.0828 14.9342 0.1230 1.8366 1294 -0.2599 15.9637 0.08126 1.2972
1204 1 98.3555 0.0393 3.8644 1204 -0.0829 14.9397 0.1230 1.8376 1295 -0.2602 15.9648 0.08126 1.2973
1205 1 98.3759 0.0393 3.8652 1205 -0.0830 14.9452 0.1230 1.8384 1296 -0.2605 15.9658 0.08127 1.2975
1206 1 98.3964 0.0393 3.8670 1206 -0.0831 14.9507 0.1230 1.8394 1297 -0.2608 15.9669 0.08128 1.2978
1207 1 98.4169 0.0393 3.8688 1207 -0.0833 14.9562 0.1231 1.8404 1298 -0.2611 15.968 0.08129 1.2980
1208 1 98.4373 0.0393 3.8696 1208 -0.0834 14.9617 0.1231 1.8412 1299 -0.2614 15.9691 0.0813 1.2983
1209 1 98.4577 0.0393 3.8714 1209 -0.0835 14.9672 0.1231 1.8422 1300 -0.2617 15.9702 0.08131 1.2985
1210 1 98.4782 0.0393 3.8722 1210 -0.0836 14.9727 0.1231 1.8431 1301 -0.262 15.9713 0.08132 1.2988
1211 1 98.4986 0.0393 3.8739 1211 -0.0838 14.9782 0.1231 1.8440 1302 -0.2623 15.9724 0.08133 1.2990
1212 1 98.5190 0.0393 3.8757 1212 -0.0839 14.9837 0.1231 1.8449 1303 -0.2625 15.9734 0.08134 1.2993
1213 1 98.5394 0.0393 3.8765 1213 -0.0840 14.9892 0.1232 1.8459 1304 -0.2628 15.9745 0.08134 1.2994
1214 1 98.5598 0.0394 3.8783 1214 -0.0841 14.9947 0.1232 1.8467 1305 -0.2631 15.9756 0.08135 1.2996
1215 1 98.5801 0.0394 3.8791 1215 -0.0843 15.0002 0.1232 1.8477 1306 -0.2634 15.9767 0.08136 1.2999
1216 1 98.6005 0.0394 3.8809 1216 -0.0844 15.0057 0.1232 1.8487 1307 -0.2637 15.9778 0.08137 1.3001
1217 1 98.6209 0.0394 3.8827 1217 -0.0845 15.0112 0.1232 1.8495 1308 -0.264 15.9788 0.08138 1.3004
1218 1 98.6412 0.0394 3.8835 1218 -0.0846 15.0167 0.1232 1.8505 1309 -0.2643 15.9799 0.08139 1.3006
1219 1 98.6615 0.0394 3.8853 1219 -0.0848 15.0222 0.1233 1.8515 1310 -0.2646 15.981 0.0814 1.3009
1220 1 98.6819 0.0394 3.8861 1220 -0.0849 15.0277 0.1233 1.8523 1311 -0.2649 15.9821 0.08141 1.3011
1221 1 98.7022 0.0394 3.8879 1221 -0.0850 15.0332 0.1233 1.8533 1312 -0.2652 15.9832 0.08142 1.3014
1222 1 98.7225 0.0394 3.8887 1222 -0.0851 15.0387 0.1233 1.8543 1313 -0.2654 15.9842 0.08143 1.3016
1223 1 98.7428 0.0394 3.8905 1223 -0.0853 15.0442 0.1233 1.8551 1314 -0.2657 15.9853 0.08143 1.3017
1224 1 98.7631 0.0394 3.8923 1224 -0.0854 15.0497 0.1233 1.8561 1315 -0.266 15.9864 0.08144 1.3019
LENGTH
(in cm)
WEIGHT-FOR-LENGTH
HEIGHT
(in cm)
WEIGHT-FOR-HEIGHT
DAYS
HEIGHT/LENGTH-FOR-AGE
DAYS
WEIGHT-FOR-AGE
DAYS
MUAC
L M S SD L M S SD L M S SD L M S SD L M S SD
1225 1 98.7834 0.0394 3.8931 1225 -0.0855 15.0552 0.1234 1.8571 1316 -0.2663 15.9875 0.08145 1.3022
1226 1 98.8036 0.0394 3.8948 1226 -0.0856 15.0607 0.1234 1.8579 1317 -0.2666 15.9885 0.08146 1.3024
1227 1 98.8239 0.0394 3.8956 1227 -0.0858 15.0662 0.1234 1.8589 1318 -0.2669 15.9896 0.08147 1.3027
1228 1 98.8442 0.0394 3.8974 1228 -0.0859 15.0717 0.1234 1.8598 1319 -0.2672 15.9907 0.08148 1.3029
1229 1 98.8644 0.0394 3.8982 1229 -0.0860 15.0772 0.1234 1.8608 1320 -0.2675 15.9918 0.08149 1.3032
1230 1 98.8846 0.0394 3.9000 1230 -0.0861 15.0827 0.1234 1.8617 1321 -0.2677 15.9928 0.0815 1.3034
1231 1 98.9049 0.0395 3.9018 1231 -0.0863 15.0882 0.1235 1.8626 1322 -0.268 15.9939 0.08151 1.3037
1232 1 98.9251 0.0395 3.9026 1232 -0.0864 15.0937 0.1235 1.8636 1323 -0.2683 15.995 0.08152 1.3039
1233 1 98.9453 0.0395 3.9044 1233 -0.0865 15.0992 0.1235 1.8644 1324 -0.2686 15.9961 0.08152 1.3040
1234 1 98.9655 0.0395 3.9052 1234 -0.0866 15.1047 0.1235 1.8654 1325 -0.2689 15.9971 0.08153 1.3042
1235 1 98.9857 0.0395 3.9070 1235 -0.0868 15.1102 0.1235 1.8664 1326 -0.2692 15.9982 0.08154 1.3045
1236 1 99.0058 0.0395 3.9078 1236 -0.0869 15.1157 0.1235 1.8672 1327 -0.2695 15.9993 0.08155 1.3047
1237 1 99.0260 0.0395 3.9095 1237 -0.0870 15.1212 0.1236 1.8682 1328 -0.2698 16.0004 0.08156 1.3050
1238 1 99.0461 0.0395 3.9113 1238 -0.0871 15.1267 0.1236 1.8692 1329 -0.27 16.0014 0.08157 1.3052
1239 1 99.0663 0.0395 3.9121 1239 -0.0872 15.1322 0.1236 1.8700 1330 -0.2703 16.0025 0.08158 1.3055
1240 1 99.0864 0.0395 3.9139 1240 -0.0874 15.1377 0.1236 1.8710 1331 -0.2706 16.0036 0.08159 1.3057
1241 1 99.1065 0.0395 3.9147 1241 -0.0875 15.1432 0.1236 1.8720 1332 -0.2709 16.0046 0.0816 1.3060
1242 1 99.1267 0.0395 3.9165 1242 -0.0876 15.1487 0.1236 1.8728 1333 -0.2712 16.0057 0.08161 1.3062
1243 1 99.1468 0.0395 3.9173 1243 -0.0877 15.1542 0.1237 1.8738 1334 -0.2715 16.0068 0.08162 1.3065
1244 1 99.1669 0.0395 3.9191 1244 -0.0879 15.1596 0.1237 1.8748 1335 -0.2718 16.0079 0.08162 1.3066
1245 1 99.1869 0.0395 3.9199 1245 -0.0880 15.1651 0.1237 1.8756 1336 -0.272 16.0089 0.08163 1.3068
1246 1 99.2070 0.0395 3.9217 1246 -0.0881 15.1706 0.1237 1.8766 1337 -0.2723 16.01 0.08164 1.3071
1247 1 99.2271 0.0395 3.9234 1247 -0.0882 15.1761 0.1237 1.8776 1338 -0.2726 16.0111 0.08165 1.3073
1248 1 99.2471 0.0395 3.9242 1248 -0.0883 15.1816 0.1237 1.8784 1339 -0.2729 16.0121 0.08166 1.3075
1249 1 99.2672 0.0396 3.9260 1249 -0.0885 15.1871 0.1238 1.8794 1340 -0.2732 16.0132 0.08167 1.3078
1250 1 99.2872 0.0396 3.9268 1250 -0.0886 15.1926 0.1238 1.8804 1341 -0.2735 16.0143 0.08168 1.3080
1251 1 99.3072 0.0396 3.9286 1251 -0.0887 15.1981 0.1238 1.8814 1342 -0.2738 16.0153 0.08169 1.3083
1252 1 99.3272 0.0396 3.9294 1252 -0.0888 15.2036 0.1238 1.8822 1343 -0.274 16.0164 0.0817 1.3085
1253 1 99.3472 0.0396 3.9312 1253 -0.0890 15.2091 0.1238 1.8832 1344 -0.2743 16.0175 0.08171 1.3088
1254 1 99.3672 0.0396 3.9320 1254 -0.0891 15.2146 0.1238 1.8842 1345 -0.2746 16.0185 0.08171 1.3089
1255 1 99.3872 0.0396 3.9337 1255 -0.0892 15.2201 0.1239 1.8850 1346 -0.2749 16.0196 0.08172 1.3091
1256 1 99.4072 0.0396 3.9345 1256 -0.0893 15.2256 0.1239 1.8860 1347 -0.2752 16.0207 0.08173 1.3094
1257 1 99.4272 0.0396 3.9363 1257 -0.0894 15.2311 0.1239 1.8870 1348 -0.2755 16.0217 0.08174 1.3096
1258 1 99.4471 0.0396 3.9381 1258 -0.0896 15.2366 0.1239 1.8878 1349 -0.2758 16.0228 0.08175 1.3099
1259 1 99.4671 0.0396 3.9389 1259 -0.0897 15.2421 0.1239 1.8888 1350 -0.276 16.0239 0.08176 1.3101
1260 1 99.4870 0.0396 3.9407 1260 -0.0898 15.2476 0.1239 1.8898 1351 -0.2763 16.0249 0.08177 1.3104
1261 1 99.5069 0.0396 3.9415 1261 -0.0899 15.2531 0.1240 1.8906 1352 -0.2766 16.026 0.08178 1.3106
1262 1 99.5268 0.0396 3.9433 1262 -0.0901 15.2586 0.1240 1.8916 1353 -0.2769 16.027 0.08179 1.3108
1263 1 99.5467 0.0396 3.9440 1263 -0.0902 15.2641 0.1240 1.8926 1354 -0.2772 16.0281 0.0818 1.3111
1264 1 99.5666 0.0396 3.9458 1264 -0.0903 15.2696 0.1240 1.8936 1355 -0.2775 16.0292 0.08181 1.3113
1265 1 99.5865 0.0396 3.9466 1265 -0.0904 15.2751 0.1240 1.8944 1356 -0.2777 16.0302 0.08181 1.3114
1266 1 99.6064 0.0396 3.9484 1266 -0.0905 15.2806 0.1240 1.8954 1357 -0.278 16.0313 0.08182 1.3117
1267 1 99.6262 0.0396 3.9492 1267 -0.0907 15.2861 0.1241 1.8964 1358 -0.2783 16.0324 0.08183 1.3119
1268 1 99.6461 0.0397 3.9510 1268 -0.0908 15.2916 0.1241 1.8972 1359 -0.2786 16.0334 0.08184 1.3122
1269 1 99.6660 0.0397 3.9528 1269 -0.0909 15.2971 0.1241 1.8982 1360 -0.2789 16.0345 0.08185 1.3124
1270 1 99.6858 0.0397 3.9535 1270 -0.0910 15.3026 0.1241 1.8992 1361 -0.2791 16.0355 0.08186 1.3127
1271 1 99.7056 0.0397 3.9553 1271 -0.0912 15.3081 0.1241 1.9000 1362 -0.2794 16.0366 0.08187 1.3129
1272 1 99.7254 0.0397 3.9561 1272 -0.0913 15.3135 0.1241 1.9010 1363 -0.2797 16.0377 0.08188 1.3132
1273 1 99.7452 0.0397 3.9579 1273 -0.0914 15.3190 0.1242 1.9020 1364 -0.28 16.0387 0.08189 1.3134
LENGTH
(in cm)
WEIGHT-FOR-LENGTH
HEIGHT
(in cm)
WEIGHT-FOR-HEIGHT
DAYS
HEIGHT/LENGTH-FOR-AGE
DAYS
WEIGHT-FOR-AGE
DAYS
MUAC
L M S SD L M S SD L M S SD L M S SD L M S SD
1274 1 99.7650 0.0397 3.9587 1274 -0.0915 15.3245 0.1242 1.9030 1365 -0.2803 16.0398 0.0819 1.3137
1275 1 99.7848 0.0397 3.9605 1275 -0.0916 15.3300 0.1242 1.9038 1366 -0.2806 16.0408 0.08191 1.3139
1276 1 99.8046 0.0397 3.9612 1276 -0.0918 15.3355 0.1242 1.9048 1367 -0.2808 16.0419 0.08192 1.3142
1277 1 99.8244 0.0397 3.9630 1277 -0.0919 15.3410 0.1242 1.9058 1368 -0.2811 16.0429 0.08192 1.3142
1278 1 99.8441 0.0397 3.9638 1278 -0.0920 15.3465 0.1242 1.9066 1369 -0.2814 16.044 0.08193 1.3145
1279 1 99.8639 0.0397 3.9656 1279 -0.0921 15.3520 0.1243 1.9076 1370 -0.2817 16.0451 0.08194 1.3147
1280 1 99.8836 0.0397 3.9664 1280 -0.0922 15.3575 0.1243 1.9086 1371 -0.282 16.0461 0.08195 1.3150
1281 1 99.9034 0.0397 3.9682 1281 -0.0924 15.3630 0.1243 1.9096 1372 -0.2822 16.0472 0.08196 1.3152
1282 1 99.9231 0.0397 3.9689 1282 -0.0925 15.3685 0.1243 1.9105 1373 -0.2825 16.0482 0.08197 1.3155
1283 1 99.9428 0.0397 3.9707 1283 -0.0926 15.3740 0.1243 1.9114 1374 -0.2828 16.0493 0.08198 1.3157
1284 1 99.9625 0.0397 3.9715 1284 -0.0927 15.3795 0.1244 1.9124 1375 -0.2831 16.0503 0.08199 1.3160
1285 1 99.9822 0.0397 3.9733 1285 -0.0928 15.3850 0.1244 1.9133 1376 -0.2834 16.0514 0.082 1.3162
1286 1 100.0019 0.0398 3.9751 1286 -0.0930 15.3905 0.1244 1.9143 1377 -0.2836 16.0524 0.08201 1.3165
1287 1 100.0216 0.0398 3.9759 1287 -0.0931 15.3960 0.1244 1.9153 1378 -0.2839 16.0535 0.08202 1.3167
1288 1 100.0412 0.0398 3.9776 1288 -0.0932 15.4015 0.1244 1.9163 1379 -0.2842 16.0546 0.08203 1.3170
1289 1 100.0609 0.0398 3.9784 1289 -0.0933 15.4070 0.1244 1.9171 1380 -0.2845 16.0556 0.08203 1.3170
1290 1 100.0805 0.0398 3.9802 1290 -0.0934 15.4125 0.1245 1.9181 1381 -0.2848 16.0567 0.08204 1.3173
1291 1 100.1002 0.0398 3.9810 1291 -0.0936 15.4179 0.1245 1.9191 1382 -0.285 16.0577 0.08205 1.3175
1292 1 100.1198 0.0398 3.9828 1292 -0.0937 15.4234 0.1245 1.9199 1383 -0.2853 16.0588 0.08206 1.3178
1293 1 100.1394 0.0398 3.9835 1293 -0.0938 15.4289 0.1245 1.9209 1384 -0.2856 16.0598 0.08207 1.3180
1294 1 100.1591 0.0398 3.9853 1294 -0.0939 15.4344 0.1245 1.9219 1385 -0.2859 16.0609 0.08208 1.3183
1295 1 100.1787 0.0398 3.9861 1295 -0.0940 15.4399 0.1245 1.9229 1386 -0.2862 16.0619 0.08209 1.3185
1296 1 100.1983 0.0398 3.9879 1296 -0.0942 15.4454 0.1246 1.9237 1387 -0.2864 16.063 0.0821 1.3188
1297 1 100.2178 0.0398 3.9887 1297 -0.0943 15.4509 0.1246 1.9247 1388 -0.2867 16.064 0.08211 1.3190
1298 1 100.2374 0.0398 3.9905 1298 -0.0944 15.4564 0.1246 1.9257 1389 -0.287 16.0651 0.08212 1.3193
1299 1 100.2570 0.0398 3.9912 1299 -0.0945 15.4619 0.1246 1.9267 1390 -0.2873 16.0661 0.08213 1.3195
1300 1 100.2765 0.0398 3.9930 1300 -0.0946 15.4674 0.1246 1.9275 1391 -0.2876 16.0672 0.08214 1.3198
1301 1 100.2961 0.0398 3.9938 1301 -0.0948 15.4729 0.1246 1.9285 1392 -0.2878 16.0682 0.08214 1.3198
1302 1 100.3156 0.0398 3.9956 1302 -0.0949 15.4784 0.1247 1.9295 1393 -0.2881 16.0693 0.08215 1.3201
1303 1 100.3352 0.0398 3.9964 1303 -0.0950 15.4839 0.1247 1.9304 1394 -0.2884 16.0703 0.08216 1.3203
1304 1 100.3547 0.0398 3.9981 1304 -0.0951 15.4894 0.1247 1.9314 1395 -0.2887 16.0714 0.08217 1.3206
1305 1 100.3742 0.0398 3.9989 1305 -0.0952 15.4948 0.1247 1.9324 1396 -0.2889 16.0724 0.08218 1.3208
1306 1 100.3937 0.0399 4.0007 1306 -0.0954 15.5003 0.1247 1.9334 1397 -0.2892 16.0735 0.08219 1.3211
1307 1 100.4132 0.0399 4.0015 1307 -0.0955 15.5058 0.1247 1.9342 1398 -0.2895 16.0745 0.0822 1.3213
1308 1 100.4327 0.0399 4.0032 1308 -0.0956 15.5113 0.1248 1.9352 1399 -0.2898 16.0756 0.08221 1.3216
1309 1 100.4522 0.0399 4.0040 1309 -0.0957 15.5168 0.1248 1.9362 1400 -0.2901 16.0766 0.08222 1.3218
1310 1 100.4717 0.0399 4.0058 1310 -0.0958 15.5223 0.1248 1.9372 1401 -0.2903 16.0777 0.08223 1.3221
1311 1 100.4911 0.0399 4.0066 1311 -0.0959 15.5278 0.1248 1.9380 1402 -0.2906 16.0787 0.08224 1.3223
1312 1 100.5106 0.0399 4.0084 1312 -0.0961 15.5333 0.1248 1.9390 1403 -0.2909 16.0798 0.08225 1.3226
1313 1 100.5300 0.0399 4.0091 1313 -0.0962 15.5388 0.1249 1.9400 1404 -0.2912 16.0808 0.08225 1.3226
1314 1 100.5495 0.0399 4.0109 1314 -0.0963 15.5443 0.1249 1.9410 1405 -0.2914 16.0818 0.08226 1.3229
1315 1 100.5689 0.0399 4.0127 1315 -0.0964 15.5498 0.1249 1.9419 1406 -0.2917 16.0829 0.08227 1.3231
1316 1 100.5883 0.0399 4.0135 1316 -0.0965 15.5552 0.1249 1.9428 1407 -0.292 16.0839 0.08228 1.3234
1317 1 100.6077 0.0399 4.0153 1317 -0.0967 15.5607 0.1249 1.9438 1408 -0.2923 16.085 0.08229 1.3236
1318 1 100.6271 0.0399 4.0160 1318 -0.0968 15.5662 0.1249 1.9448 1409 -0.2925 16.086 0.0823 1.3239
1319 1 100.6465 0.0399 4.0178 1319 -0.0969 15.5717 0.1250 1.9457 1410 -0.2928 16.0871 0.08231 1.3241
1320 1 100.6659 0.0399 4.0186 1320 -0.0970 15.5772 0.1250 1.9467 1411 -0.2931 16.0881 0.08232 1.3244
1321 1 100.6853 0.0399 4.0204 1321 -0.0971 15.5827 0.1250 1.9477 1412 -0.2934 16.0892 0.08233 1.3246
1322 1 100.7046 0.0399 4.0211 1322 -0.0972 15.5882 0.1250 1.9487 1413 -0.2936 16.0902 0.08234 1.3249
LENGTH
(in cm)
WEIGHT-FOR-LENGTH
HEIGHT
(in cm)
WEIGHT-FOR-HEIGHT
DAYS
HEIGHT/LENGTH-FOR-AGE
DAYS
WEIGHT-FOR-AGE
DAYS
MUAC
L M S SD L M S SD L M S SD L M S SD L M S SD
1323 1 100.7240 0.0399 4.0229 1323 -0.0974 15.5937 0.1250 1.9495 1414 -0.2939 16.0912 0.08235 1.3251
1324 1 100.7434 0.0399 4.0237 1324 -0.0975 15.5992 0.1250 1.9505 1415 -0.2942 16.0923 0.08236 1.3254
1325 1 100.7627 0.0400 4.0255 1325 -0.0976 15.6047 0.1251 1.9515 1416 -0.2945 16.0933 0.08237 1.3256
1326 1 100.7820 0.0400 4.0262 1326 -0.0977 15.6101 0.1251 1.9525 1417 -0.2947 16.0944 0.08237 1.3257
1327 1 100.8013 0.0400 4.0280 1327 -0.0978 15.6156 0.1251 1.9535 1418 -0.295 16.0954 0.08238 1.3259
1328 1 100.8207 0.0400 4.0288 1328 -0.0980 15.6211 0.1251 1.9544 1419 -0.2953 16.0965 0.08239 1.3262
1329 1 100.8400 0.0400 4.0306 1329 -0.0981 15.6266 0.1251 1.9554 1420 -0.2956 16.0975 0.0824 1.3264
1330 1 100.8593 0.0400 4.0313 1330 -0.0982 15.6321 0.1252 1.9564 1421 -0.2958 16.0985 0.08241 1.3267
1331 1 100.8786 0.0400 4.0331 1331 -0.0983 15.6376 0.1252 1.9574 1422 -0.2961 16.0996 0.08242 1.3269
1332 1 100.8978 0.0400 4.0339 1332 -0.0984 15.6431 0.1252 1.9582 1423 -0.2964 16.1006 0.08243 1.3272
1333 1 100.9171 0.0400 4.0357 1333 -0.0985 15.6486 0.1252 1.9592 1424 -0.2967 16.1017 0.08244 1.3274
1334 1 100.9364 0.0400 4.0364 1334 -0.0987 15.6540 0.1252 1.9602 1425 -0.2969 16.1027 0.08245 1.3277
1335 1 100.9556 0.0400 4.0382 1335 -0.0988 15.6595 0.1252 1.9612 1426 -0.2972 16.1038 0.08246 1.3279
1336 1 100.9749 0.0400 4.0390 1336 -0.0989 15.6650 0.1253 1.9622 1427 -0.2975 16.1048 0.08247 1.3282
1337 1 100.9941 0.0400 4.0408 1337 -0.0990 15.6705 0.1253 1.9630 1428 -0.2978 16.1058 0.08248 1.3284
1338 1 101.0134 0.0400 4.0415 1338 -0.0991 15.6760 0.1253 1.9640 1429 -0.298 16.1069 0.08249 1.3287
1339 1 101.0326 0.0400 4.0433 1339 -0.0992 15.6815 0.1253 1.9650 1430 -0.2983 16.1079 0.0825 1.3289
1340 1 101.0518 0.0400 4.0441 1340 -0.0994 15.6870 0.1253 1.9661 1431 -0.2986 16.109 0.0825 1.3290
1341 1 101.0710 0.0400 4.0459 1341 -0.0995 15.6924 0.1253 1.9669 1432 -0.2989 16.11 0.08251 1.3292
1342 1 101.0902 0.0400 4.0466 1342 -0.0996 15.6979 0.1254 1.9679 1433 -0.2991 16.111 0.08252 1.3295
1343 1 101.1094 0.0400 4.0484 1343 -0.0997 15.7034 0.1254 1.9689 1434 -0.2994 16.1121 0.08253 1.3297
1344 1 101.1286 0.0400 4.0492 1344 -0.0998 15.7089 0.1254 1.9699 1435 -0.2997 16.1131 0.08254 1.3300
1345 1 101.1477 0.0400 4.0500 1345 -0.0999 15.7144 0.1254 1.9709 1436 -0.3 16.1141 0.08255 1.3302
1346 1 101.1669 0.0401 4.0517 1346 -0.1001 15.7199 0.1254 1.9717 1437 -0.3002 16.1152 0.08256 1.3305
1347 1 101.1861 0.0401 4.0525 1347 -0.1002 15.7253 0.1255 1.9727 1438 -0.3005 16.1162 0.08257 1.3307
1348 1 101.2052 0.0401 4.0543 1348 -0.1003 15.7308 0.1255 1.9737 1439 -0.3008 16.1173 0.08258 1.3310
1349 1 101.2244 0.0401 4.0550 1349 -0.1004 15.7363 0.1255 1.9747 1440 -0.301 16.1183 0.08259 1.3312
1350 1 101.2435 0.0401 4.0568 1350 -0.1005 15.7418 0.1255 1.9758 1441 -0.3013 16.1193 0.0826 1.3315
1351 1 101.2626 0.0401 4.0576 1351 -0.1006 15.7473 0.1255 1.9766 1442 -0.3016 16.1204 0.08261 1.3317
1352 1 101.2817 0.0401 4.0594 1352 -0.1008 15.7528 0.1255 1.9776 1443 -0.3019 16.1214 0.08262 1.3320
1353 1 101.3008 0.0401 4.0601 1353 -0.1009 15.7582 0.1256 1.9786 1444 -0.3021 16.1224 0.08262 1.3320
1354 1 101.3200 0.0401 4.0619 1354 -0.1010 15.7637 0.1256 1.9796 1445 -0.3024 16.1235 0.08263 1.3323
1355 1 101.3390 0.0401 4.0627 1355 -0.1011 15.7692 0.1256 1.9806 1446 -0.3027 16.1245 0.08264 1.3325
1356 1 101.3581 0.0401 4.0645 1356 -0.1012 15.7747 0.1256 1.9815 1447 -0.3029 16.1255 0.08265 1.3328
1357 1 101.3772 0.0401 4.0652 1357 -0.1013 15.7802 0.1256 1.9825 1448 -0.3032 16.1266 0.08266 1.3330
1358 1 101.3963 0.0401 4.0670 1358 -0.1015 15.7856 0.1257 1.9835 1449 -0.3035 16.1276 0.08267 1.3333
1359 1 101.4153 0.0401 4.0678 1359 -0.1016 15.7911 0.1257 1.9845 1450 -0.3038 16.1287 0.08268 1.3335
1360 1 101.4344 0.0401 4.0695 1360 -0.1017 15.7966 0.1257 1.9855 1451 -0.304 16.1297 0.08269 1.3338
1361 1 101.4535 0.0401 4.0703 1361 -0.1018 15.8021 0.1257 1.9863 1452 -0.3043 16.1307 0.0827 1.3340
1362 1 101.4725 0.0401 4.0721 1362 -0.1019 15.8076 0.1257 1.9873 1453 -0.3046 16.1318 0.08271 1.3343
1363 1 101.4915 0.0401 4.0729 1363 -0.1020 15.8130 0.1257 1.9883 1454 -0.3048 16.1328 0.08272 1.3345
1364 1 101.5106 0.0401 4.0746 1364 -0.1022 15.8185 0.1258 1.9893 1455 -0.3051 16.1338 0.08273 1.3347
1365 1 101.5296 0.0401 4.0754 1365 -0.1023 15.8240 0.1258 1.9903 1456 -0.3054 16.1349 0.08274 1.3350
1366 1 101.5486 0.0402 4.0772 1366 -0.1024 15.8295 0.1258 1.9914 1457 -0.3056 16.1359 0.08275 1.3352
1367 1 101.5676 0.0402 4.0779 1367 -0.1025 15.8350 0.1258 1.9922 1458 -0.3059 16.1369 0.08275 1.3353
1368 1 101.5866 0.0402 4.0797 1368 -0.1026 15.8404 0.1258 1.9932 1459 -0.3062 16.138 0.08276 1.3356
1369 1 101.6056 0.0402 4.0805 1369 -0.1027 15.8459 0.1259 1.9942 1460 -0.3065 16.139 0.08277 1.3358
1370 1 101.6246 0.0402 4.0823 1370 -0.1028 15.8514 0.1259 1.9952 1461 -0.3067 16.14 0.08278 1.3361
1371 1 101.6435 0.0402 4.0830 1371 -0.1030 15.8569 0.1259 1.9962 1462 -0.307 16.1411 0.08279 1.3363
LENGTH
(in cm)
WEIGHT-FOR-LENGTH
HEIGHT
(in cm)
WEIGHT-FOR-HEIGHT
DAYS
HEIGHT/LENGTH-FOR-AGE
DAYS
WEIGHT-FOR-AGE
DAYS
MUAC
L M S SD L M S SD L M S SD L M S SD L M S SD
1372 1 101.6625 0.0402 4.0848 1372 -0.1031 15.8623 0.1259 1.9972 1463 -0.3073 16.1421 0.0828 1.3366
1373 1 101.6815 0.0402 4.0856 1373 -0.1032 15.8678 0.1259 1.9981 1464 -0.3075 16.1431 0.08281 1.3368
1374 1 101.7004 0.0402 4.0873 1374 -0.1033 15.8733 0.1259 1.9991 1465 -0.3078 16.1442 0.08282 1.3371
1375 1 101.7194 0.0402 4.0881 1375 -0.1034 15.8788 0.1260 2.0001 1466 -0.3081 16.1452 0.08283 1.3373
1376 1 101.7383 0.0402 4.0899 1376 -0.1035 15.8842 0.1260 2.0011 1467 -0.3083 16.1462 0.08284 1.3376
1377 1 101.7572 0.0402 4.0906 1377 -0.1037 15.8897 0.1260 2.0021 1468 -0.3086 16.1473 0.08285 1.3378
1378 1 101.7762 0.0402 4.0914 1378 -0.1038 15.8952 0.1260 2.0031 1469 -0.3089 16.1483 0.08286 1.3380
1379 1 101.7951 0.0402 4.0932 1379 -0.1039 15.9007 0.1260 2.0040 1470 -0.3091 16.1493 0.08287 1.3383
1380 1 101.8140 0.0402 4.0939 1380 -0.1040 15.9061 0.1261 2.0050 1471 -0.3094 16.1504 0.08288 1.3385
1381 1 101.8329 0.0402 4.0957 1381 -0.1041 15.9116 0.1261 2.0060 1472 -0.3097 16.1514 0.08289 1.3388
1382 1 101.8518 0.0402 4.0965 1382 -0.1042 15.9171 0.1261 2.0070 1473 -0.31 16.1524 0.08289 1.3389
1383 1 101.8707 0.0402 4.0983 1383 -0.1043 15.9226 0.1261 2.0080 1474 -0.3102 16.1534 0.0829 1.3391
1384 1 101.8896 0.0402 4.0990 1384 -0.1045 15.9280 0.1261 2.0090 1475 -0.3105 16.1545 0.08291 1.3394
1385 1 101.9085 0.0402 4.1008 1385 -0.1046 15.9335 0.1262 2.0100 1476 -0.3108 16.1555 0.08292 1.3396
1386 1 101.9274 0.0402 4.1016 1386 -0.1047 15.9390 0.1262 2.0109 1477 -0.311 16.1565 0.08293 1.3399
1387 1 101.9462 0.0403 4.1033 1387 -0.1048 15.9445 0.1262 2.0119 1478 -0.3113 16.1576 0.08294 1.3401
1388 1 101.9651 0.0403 4.1041 1388 -0.1049 15.9499 0.1262 2.0129 1479 -0.3116 16.1586 0.08295 1.3404
1389 1 101.9839 0.0403 4.1059 1389 -0.1050 15.9554 0.1262 2.0139 1480 -0.3118 16.1596 0.08296 1.3406
1390 1 102.0028 0.0403 4.1066 1390 -0.1051 15.9609 0.1262 2.0149 1481 -0.3121 16.1607 0.08297 1.3409
1391 1 102.0216 0.0403 4.1084 1391 -0.1053 15.9664 0.1263 2.0159 1482 -0.3124 16.1617 0.08298 1.3411
1392 1 102.0405 0.0403 4.1092 1392 -0.1054 15.9718 0.1263 2.0168 1483 -0.3126 16.1627 0.08299 1.3413
1393 1 102.0593 0.0403 4.1109 1393 -0.1055 15.9773 0.1263 2.0178 1484 -0.3129 16.1638 0.083 1.3416
1394 1 102.0781 0.0403 4.1117 1394 -0.1056 15.9828 0.1263 2.0188 1485 -0.3132 16.1648 0.08301 1.3418
1395 1 102.0970 0.0403 4.1135 1395 -0.1057 15.9882 0.1263 2.0198 1486 -0.3134 16.1658 0.08302 1.3421
1396 1 102.1158 0.0403 4.1142 1396 -0.1058 15.9937 0.1264 2.0208 1487 -0.3137 16.1668 0.08303 1.3423
1397 1 102.1346 0.0403 4.1160 1397 -0.1059 15.9992 0.1264 2.0218 1488 -0.314 16.1679 0.08303 1.3424
1398 1 102.1534 0.0403 4.1168 1398 -0.1061 16.0047 0.1264 2.0228 1489 -0.3142 16.1689 0.08304 1.3427
1399 1 102.1722 0.0403 4.1175 1399 -0.1062 16.0101 0.1264 2.0238 1490 -0.3145 16.1699 0.08305 1.3429
1400 1 102.1910 0.0403 4.1193 1400 -0.1063 16.0156 0.1264 2.0247 1491 -0.3148 16.171 0.08306 1.3432
1401 1 102.2097 0.0403 4.1201 1401 -0.1064 16.0211 0.1264 2.0257 1492 -0.315 16.172 0.08307 1.3434
1402 1 102.2285 0.0403 4.1219 1402 -0.1065 16.0265 0.1265 2.0267 1493 -0.3153 16.173 0.08308 1.3437
1403 1 102.2473 0.0403 4.1226 1403 -0.1066 16.0320 0.1265 2.0277 1494 -0.3156 16.174 0.08309 1.3439
1404 1 102.2661 0.0403 4.1244 1404 -0.1067 16.0375 0.1265 2.0287 1495 -0.3158 16.1751 0.0831 1.3442
1405 1 102.2848 0.0403 4.1251 1405 -0.1068 16.0430 0.1265 2.0298 1496 -0.3161 16.1761 0.08311 1.3444
1406 1 102.3036 0.0403 4.1269 1406 -0.1070 16.0484 0.1265 2.0308 1497 -0.3164 16.1771 0.08312 1.3446
1407 1 102.3223 0.0403 4.1277 1407 -0.1071 16.0539 0.1266 2.0318 1498 -0.3166 16.1782 0.08313 1.3449
1408 1 102.3411 0.0404 4.1295 1408 -0.1072 16.0594 0.1266 2.0326 1499 -0.3169 16.1792 0.08314 1.3451
1409 1 102.3598 0.0404 4.1302 1409 -0.1073 16.0648 0.1266 2.0336 1500 -0.3172 16.1802 0.08315 1.3454
1410 1 102.3785 0.0404 4.1320 1410 -0.1074 16.0703 0.1266 2.0347 1501 -0.3174 16.1813 0.08316 1.3456
1411 1 102.3972 0.0404 4.1328 1411 -0.1075 16.0758 0.1266 2.0357 1502 -0.3177 16.1823 0.08317 1.3459
1412 1 102.4160 0.0404 4.1345 1412 -0.1076 16.0812 0.1267 2.0367 1503 -0.3179 16.1833 0.08317 1.3460
1413 1 102.4347 0.0404 4.1353 1413 -0.1078 16.0867 0.1267 2.0377 1504 -0.3182 16.1843 0.08318 1.3462
1414 1 102.4534 0.0404 4.1360 1414 -0.1079 16.0922 0.1267 2.0387 1505 -0.3185 16.1854 0.08319 1.3465
1415 1 102.4721 0.0404 4.1378 1415 -0.1080 16.0976 0.1267 2.0397 1506 -0.3187 16.1864 0.0832 1.3467
1416 1 102.4908 0.0404 4.1386 1416 -0.1081 16.1031 0.1267 2.0407 1507 -0.319 16.1874 0.08321 1.3470
1417 1 102.5095 0.0404 4.1404 1417 -0.1082 16.1086 0.1267 2.0416 1508 -0.3193 16.1885 0.08322 1.3472
1418 1 102.5282 0.0404 4.1411 1418 -0.1083 16.1140 0.1268 2.0426 1509 -0.3195 16.1895 0.08323 1.3475
1419 1 102.5469 0.0404 4.1429 1419 -0.1084 16.1195 0.1268 2.0436 1510 -0.3198 16.1905 0.08324 1.3477
1420 1 102.5655 0.0404 4.1436 1420 -0.1085 16.1250 0.1268 2.0447 1511 -0.3201 16.1915 0.08325 1.3479
LENGTH
(in cm)
WEIGHT-FOR-LENGTH
HEIGHT
(in cm)
WEIGHT-FOR-HEIGHT
DAYS
HEIGHT/LENGTH-FOR-AGE
DAYS
WEIGHT-FOR-AGE
DAYS
MUAC
L M S SD L M S SD L M S SD L M S SD L M S SD
1421 1 102.5842 0.0404 4.1454 1421 -0.1087 16.1304 0.1268 2.0457 1512 -0.3203 16.1926 0.08326 1.3482
1422 1 102.6029 0.0404 4.1462 1422 -0.1088 16.1359 0.1268 2.0467 1513 -0.3206 16.1936 0.08327 1.3484
1423 1 102.6215 0.0404 4.1480 1423 -0.1089 16.1414 0.1269 2.0477 1514 -0.3208 16.1946 0.08328 1.3487
1424 1 102.6402 0.0404 4.1487 1424 -0.1090 16.1468 0.1269 2.0487 1515 -0.3211 16.1956 0.08329 1.3489
1425 1 102.6588 0.0404 4.1505 1425 -0.1091 16.1523 0.1269 2.0497 1516 -0.3214 16.1967 0.0833 1.3492
1426 1 102.6775 0.0404 4.1513 1426 -0.1092 16.1578 0.1269 2.0507 1517 -0.3216 16.1977 0.08331 1.3494
1427 1 102.6961 0.0404 4.1530 1427 -0.1093 16.1632 0.1269 2.0516 1518 -0.3219 16.1987 0.08331 1.3495
1428 1 102.7148 0.0404 4.1538 1428 -0.1094 16.1687 0.1270 2.0526 1519 -0.3222 16.1998 0.08332 1.3498
1429 1 102.7334 0.0404 4.1545 1429 -0.1096 16.1742 0.1270 2.0536 1520 -0.3224 16.2008 0.08333 1.3500
1430 1 102.7520 0.0405 4.1563 1430 -0.1097 16.1796 0.1270 2.0546 1521 -0.3227 16.2018 0.08334 1.3503
1431 1 102.7706 0.0405 4.1571 1431 -0.1098 16.1851 0.1270 2.0557 1522 -0.323 16.2028 0.08335 1.3505
1432 1 102.7893 0.0405 4.1589 1432 -0.1099 16.1906 0.1270 2.0567 1523 -0.3232 16.2039 0.08336 1.3508
1433 1 102.8079 0.0405 4.1596 1433 -0.1100 16.1960 0.1271 2.0577 1524 -0.3235 16.2049 0.08337 1.3510
1434 1 102.8265 0.0405 4.1614 1434 -0.1101 16.2015 0.1271 2.0587 1525 -0.3237 16.2059 0.08338 1.3512
1435 1 102.8451 0.0405 4.1621 1435 -0.1102 16.2069 0.1271 2.0597 1526 -0.324 16.207 0.08339 1.3515
1436 1 102.8637 0.0405 4.1639 1436 -0.1103 16.2124 0.1271 2.0608 1527 -0.3243 16.208 0.0834 1.3517
1437 1 102.8823 0.0405 4.1647 1437 -0.1105 16.2179 0.1271 2.0618 1528 -0.3245 16.209 0.08341 1.3520
1438 1 102.9009 0.0405 4.1665 1438 -0.1106 16.2233 0.1272 2.0628 1529 -0.3248 16.21 0.08342 1.3522
1439 1 102.9195 0.0405 4.1672 1439 -0.1107 16.2288 0.1272 2.0638 1530 -0.325 16.2111 0.08343 1.3525
1440 1 102.9380 0.0405 4.1690 1440 -0.1108 16.2343 0.1272 2.0647 1531 -0.3253 16.2121 0.08344 1.3527
1441 1 102.9566 0.0405 4.1697 1441 -0.1109 16.2397 0.1272 2.0657 1532 -0.3256 16.2131 0.08345 1.3530
1442 1 102.9752 0.0405 4.1705 1442 -0.1110 16.2452 0.1272 2.0667 1533 -0.3258 16.2141 0.08346 1.3532
1443 1 102.9938 0.0405 4.1723 1443 -0.1111 16.2506 0.1272 2.0677 1534 -0.3261 16.2152 0.08346 1.3533
1444 1 103.0123 0.0405 4.1730 1444 -0.1112 16.2561 0.1273 2.0688 1535 -0.3264 16.2162 0.08347 1.3536
1445 1 103.0309 0.0405 4.1748 1445 -0.1113 16.2616 0.1273 2.0698 1536 -0.3266 16.2172 0.08348 1.3538
1446 1 103.0494 0.0405 4.1756 1446 -0.1115 16.2670 0.1273 2.0708 1537 -0.3269 16.2183 0.08349 1.3541
1447 1 103.0680 0.0405 4.1773 1447 -0.1116 16.2725 0.1273 2.0718 1538 -0.3271 16.2193 0.0835 1.3543
1448 1 103.0865 0.0405 4.1781 1448 -0.1117 16.2779 0.1273 2.0728 1539 -0.3274 16.2203 0.08351 1.3546
1449 1 103.1051 0.0405 4.1799 1449 -0.1118 16.2834 0.1274 2.0739 1540 -0.3277 16.2213 0.08352 1.3548
1450 1 103.1236 0.0405 4.1806 1450 -0.1119 16.2889 0.1274 2.0749 1541 -0.3279 16.2224 0.08353 1.3551
1451 1 103.1421 0.0406 4.1824 1451 -0.1120 16.2943 0.1274 2.0759 1542 -0.3282 16.2234 0.08354 1.3553
1452 1 103.1607 0.0406 4.1832 1452 -0.1121 16.2998 0.1274 2.0769 1543 -0.3284 16.2244 0.08355 1.3555
1453 1 103.1792 0.0406 4.1839 1453 -0.1122 16.3053 0.1274 2.0779 1544 -0.3287 16.2255 0.08356 1.3558
1454 1 103.1977 0.0406 4.1857 1454 -0.1123 16.3107 0.1275 2.0790 1545 -0.329 16.2265 0.08357 1.3560
1455 1 103.2162 0.0406 4.1864 1455 -0.1125 16.3162 0.1275 2.0798 1546 -0.3292 16.2275 0.08358 1.3563
1456 1 103.2348 0.0406 4.1882 1456 -0.1126 16.3216 0.1275 2.0808 1547 -0.3295 16.2285 0.08359 1.3565
1457 1 103.2533 0.0406 4.1890 1457 -0.1127 16.3271 0.1275 2.0819 1548 -0.3297 16.2296 0.0836 1.3568
1458 1 103.2718 0.0406 4.1908 1458 -0.1128 16.3325 0.1275 2.0829 1549 -0.33 16.2306 0.08361 1.3570
1459 1 103.2903 0.0406 4.1915 1459 -0.1129 16.3380 0.1276 2.0839 1550 -0.3303 16.2316 0.08362 1.3573
1460 1 103.3088 0.0406 4.1933 1460 -0.1130 16.3435 0.1276 2.0849 1551 -0.3305 16.2327 0.08362 1.3574
1461 1 103.3273 0.0406 4.1941 1461 -0.1131 16.3489 0.1276 2.0860 1552 -0.3308 16.2337 0.08363 1.3576
1462 1 103.3458 0.0406 4.1958 1462 -0.1132 16.3544 0.1276 2.0870 1553 -0.331 16.2347 0.08364 1.3579
1463 1 103.3643 0.0406 4.1966 1463 -0.1133 16.3598 0.1276 2.0880 1554 -0.3313 16.2357 0.08365 1.3581
1464 1 103.3827 0.0406 4.1973 1464 -0.1134 16.3653 0.1277 2.0890 1555 -0.3316 16.2368 0.08366 1.3584
1465 1 103.4012 0.0406 4.1991 1465 -0.1136 16.3708 0.1277 2.0901 1556 -0.3318 16.2378 0.08367 1.3586
1466 1 103.4197 0.0406 4.1999 1466 -0.1137 16.3762 0.1277 2.0911 1557 -0.3321 16.2388 0.08368 1.3589
1467 1 103.4382 0.0406 4.2017 1467 -0.1138 16.3817 0.1277 2.0921 1558 -0.3323 16.2399 0.08369 1.3591
1468 1 103.4566 0.0406 4.2024 1468 -0.1139 16.3871 0.1277 2.0931 1559 -0.3326 16.2409 0.0837 1.3594
1469 1 103.4751 0.0406 4.2042 1469 -0.1140 16.3926 0.1278 2.0942 1560 -0.3328 16.2419 0.08371 1.3596
LENGTH
(in cm)
WEIGHT-FOR-LENGTH
HEIGHT
(in cm)
WEIGHT-FOR-HEIGHT
DAYS
HEIGHT/LENGTH-FOR-AGE
DAYS
WEIGHT-FOR-AGE
DAYS
MUAC
L M S SD L M S SD L M S SD L M S SD L M S SD
1470 1 103.4936 0.0406 4.2049 1470 -0.1141 16.3981 0.1278 2.0952 1561 -0.3331 16.2429 0.08372 1.3599
1471 1 103.5120 0.0406 4.2067 1471 -0.1142 16.4035 0.1278 2.0962 1562 -0.3334 16.244 0.08373 1.3601
1472 1 103.5305 0.0406 4.2075 1472 -0.1143 16.4090 0.1278 2.0972 1563 -0.3336 16.245 0.08374 1.3604
1473 1 103.5489 0.0407 4.2093 1473 -0.1144 16.4144 0.1278 2.0983 1564 -0.3339 16.246 0.08375 1.3606
1474 1 103.5674 0.0407 4.2100 1474 -0.1146 16.4199 0.1279 2.0993 1565 -0.3341 16.2471 0.08376 1.3609
1475 1 103.5858 0.0407 4.2108 1475 -0.1147 16.4253 0.1279 2.1003 1566 -0.3344 16.2481 0.08377 1.3611
1476 1 103.6043 0.0407 4.2126 1476 -0.1148 16.4308 0.1279 2.1013 1567 -0.3347 16.2491 0.08378 1.3613
1477 1 103.6227 0.0407 4.2133 1477 -0.1149 16.4363 0.1279 2.1024 1568 -0.3349 16.2501 0.08378 1.3614
1478 1 103.6412 0.0407 4.2151 1478 -0.1150 16.4417 0.1279 2.1034 1569 -0.3352 16.2512 0.08379 1.3617
1479 1 103.6596 0.0407 4.2158 1479 -0.1151 16.4472 0.1280 2.1044 1570 -0.3354 16.2522 0.0838 1.3619
1480 1 103.6780 0.0407 4.2176 1480 -0.1152 16.4526 0.1280 2.1054 1571 -0.3357 16.2532 0.08381 1.3622
1481 1 103.6965 0.0407 4.2184 1481 -0.1153 16.4581 0.1280 2.1065 1572 -0.3359 16.2543 0.08382 1.3624
1482 1 103.7149 0.0407 4.2202 1482 -0.1154 16.4635 0.1280 2.1075 1573 -0.3362 16.2553 0.08383 1.3627
1483 1 103.7333 0.0407 4.2209 1483 -0.1155 16.4690 0.1280 2.1085 1574 -0.3365 16.2563 0.08384 1.3629
1484 1 103.7517 0.0407 4.2217 1484 -0.1156 16.4745 0.1280 2.1094 1575 -0.3367 16.2574 0.08385 1.3632
1485 1 103.7701 0.0407 4.2234 1485 -0.1158 16.4799 0.1281 2.1104 1576 -0.337 16.2584 0.08386 1.3634
1486 1 103.7885 0.0407 4.2242 1486 -0.1159 16.4854 0.1281 2.1115 1577 -0.3372 16.2594 0.08387 1.3637
1487 1 103.8070 0.0407 4.2260 1487 -0.1160 16.4908 0.1281 2.1125 1578 -0.3375 16.2605 0.08388 1.3639
1488 1 103.8254 0.0407 4.2267 1488 -0.1161 16.4963 0.1281 2.1135 1579 -0.3377 16.2615 0.08389 1.3642
1489 1 103.8438 0.0407 4.2285 1489 -0.1162 16.5017 0.1281 2.1145 1580 -0.338 16.2625 0.0839 1.3644
1490 1 103.8622 0.0407 4.2293 1490 -0.1163 16.5072 0.1282 2.1156 1581 -0.3382 16.2636 0.08391 1.3647
1491 1 103.8806 0.0407 4.2311 1491 -0.1164 16.5126 0.1282 2.1166 1582 -0.3385 16.2646 0.08392 1.3649
1492 1 103.8990 0.0407 4.2318 1492 -0.1165 16.5181 0.1282 2.1176 1583 -0.3388 16.2656 0.08393 1.3652
1493 1 103.9174 0.0407 4.2326 1493 -0.1166 16.5236 0.1282 2.1187 1584 -0.339 16.2666 0.08394 1.3654
1494 1 103.9357 0.0407 4.2343 1494 -0.1167 16.5290 0.1282 2.1197 1585 -0.3393 16.2677 0.08394 1.3655
1495 1 103.9541 0.0407 4.2351 1495 -0.1168 16.5345 0.1283 2.1207 1586 -0.3395 16.2687 0.08395 1.3658
1496 1 103.9725 0.0408 4.2369 1496 -0.1170 16.5399 0.1283 2.1217 1587 -0.3398 16.2697 0.08396 1.3660
1497 1 103.9909 0.0408 4.2376 1497 -0.1171 16.5454 0.1283 2.1228 1588 -0.34 16.2708 0.08397 1.3663
1498 1 104.0093 0.0408 4.2394 1498 -0.1172 16.5508 0.1283 2.1238 1589 -0.3403 16.2718 0.08398 1.3665
1499 1 104.0277 0.0408 4.2402 1499 -0.1173 16.5563 0.1283 2.1248 1590 -0.3405 16.2728 0.08399 1.3668
1500 1 104.0460 0.0408 4.2420 1500 -0.1174 16.5618 0.1284 2.1259 1591 -0.3408 16.2739 0.084 1.3670
1501 1 104.0644 0.0408 4.2427 1501 -0.1175 16.5672 0.1284 2.1269 1592 -0.3411 16.2749 0.08401 1.3673
1502 1 104.0828 0.0408 4.2445 1502 -0.1176 16.5727 0.1284 2.1279 1593 -0.3413 16.2759 0.08402 1.3675
1503 1 104.1011 0.0408 4.2452 1503 -0.1177 16.5781 0.1284 2.1290 1594 -0.3416 16.277 0.08403 1.3678
1504 1 104.1195 0.0408 4.2460 1504 -0.1178 16.5836 0.1284 2.1300 1595 -0.3418 16.278 0.08404 1.3680
1505 1 104.1379 0.0408 4.2478 1505 -0.1179 16.5890 0.1285 2.1310 1596 -0.3421 16.279 0.08405 1.3682
1506 1 104.1562 0.0408 4.2485 1506 -0.1180 16.5945 0.1285 2.1321 1597 -0.3423 16.2801 0.08406 1.3685
1507 1 104.1746 0.0408 4.2503 1507 -0.1182 16.5999 0.1285 2.1331 1598 -0.3426 16.2811 0.08407 1.3688
1508 1 104.1929 0.0408 4.2511 1508 -0.1183 16.6054 0.1285 2.1341 1599 -0.3428 16.2821 0.08408 1.3690
1509 1 104.2113 0.0408 4.2529 1509 -0.1184 16.6109 0.1285 2.1352 1600 -0.3431 16.2832 0.08409 1.3693
1510 1 104.2296 0.0408 4.2536 1510 -0.1185 16.6163 0.1286 2.1362 1601 -0.3433 16.2842 0.0841 1.3695
1511 1 104.2480 0.0408 4.2554 1511 -0.1186 16.6218 0.1286 2.1372 1602 -0.3436 16.2852 0.08411 1.3697
1512 1 104.2663 0.0408 4.2562 1512 -0.1187 16.6272 0.1286 2.1383 1603 -0.3439 16.2863 0.08411 1.3698
1513 1 104.2847 0.0408 4.2569 1513 -0.1188 16.6327 0.1286 2.1395 1604 -0.3441 16.2873 0.08412 1.3701
1514 1 104.3030 0.0408 4.2587 1514 -0.1189 16.6381 0.1287 2.1405 1605 -0.3444 16.2883 0.08413 1.3703
1515 1 104.3213 0.0408 4.2594 1515 -0.1190 16.6436 0.1287 2.1415 1606 -0.3446 16.2894 0.08414 1.3706
1516 1 104.3397 0.0408 4.2612 1516 -0.1191 16.6490 0.1287 2.1426 1607 -0.3449 16.2904 0.08415 1.3708
1517 1 104.3580 0.0408 4.2620 1517 -0.1192 16.6545 0.1287 2.1436 1608 -0.3451 16.2914 0.08416 1.3711
1518 1 104.3763 0.0409 4.2638 1518 -0.1193 16.6599 0.1287 2.1446 1609 -0.3454 16.2925 0.08417 1.3713
LENGTH
(in cm)
WEIGHT-FOR-LENGTH
HEIGHT
(in cm)
WEIGHT-FOR-HEIGHT
DAYS
HEIGHT/LENGTH-FOR-AGE
DAYS
WEIGHT-FOR-AGE
DAYS
MUAC
L M S SD L M S SD L M S SD L M S SD L M S SD
1519 1 104.3947 0.0409 4.2645 1519 -0.1195 16.6654 0.1288 2.1457 1610 -0.3456 16.2935 0.08418 1.3716
1520 1 104.4130 0.0409 4.2663 1520 -0.1196 16.6709 0.1288 2.1467 1611 -0.3459 16.2945 0.08419 1.3718
1521 1 104.4313 0.0409 4.2671 1521 -0.1197 16.6763 0.1288 2.1477 1612 -0.3461 16.2956 0.0842 1.3721
1522 1 104.4496 0.0409 4.2678 1522 -0.1198 16.6818 0.1288 2.1488 1613 -0.3464 16.2966 0.08421 1.3723
1523 1 104.4679 0.0409 4.2696 1523 -0.1199 16.6872 0.1288 2.1498 1614 -0.3466 16.2976 0.08422 1.3726
1524 1 104.4863 0.0409 4.2704 1524 -0.1200 16.6927 0.1289 2.1509 1615 -0.3469 16.2987 0.08423 1.3728
1525 1 104.5046 0.0409 4.2721 1525 -0.1201 16.6981 0.1289 2.1519 1616 -0.3471 16.2997 0.08424 1.3731
1526 1 104.5229 0.0409 4.2729 1526 -0.1202 16.7036 0.1289 2.1529 1617 -0.3474 16.3007 0.08425 1.3733
1527 1 104.5412 0.0409 4.2747 1527 -0.1203 16.7090 0.1289 2.1540 1618 -0.3476 16.3018 0.08426 1.3736
1528 1 104.5595 0.0409 4.2754 1528 -0.1204 16.7145 0.1289 2.1550 1619 -0.3479 16.3028 0.08427 1.3738
1529 1 104.5778 0.0409 4.2762 1529 -0.1205 16.7200 0.1290 2.1560 1620 -0.3482 16.3039 0.08428 1.3741
1530 1 104.5961 0.0409 4.2780 1530 -0.1206 16.7254 0.1290 2.1571 1621 -0.3484 16.3049 0.08428 1.3742
1531 1 104.6144 0.0409 4.2787 1531 -0.1207 16.7309 0.1290 2.1581 1622 -0.3487 16.3059 0.08429 1.3744
1532 1 104.6327 0.0409 4.2805 1532 -0.1208 16.7363 0.1290 2.1592 1623 -0.3489 16.307 0.0843 1.3747
1533 1 104.6510 0.0409 4.2813 1533 -0.1210 16.7418 0.1290 2.1602 1624 -0.3492 16.308 0.08431 1.3749
1534 1 104.6693 0.0409 4.2831 1534 -0.1211 16.7472 0.1291 2.1612 1625 -0.3494 16.309 0.08432 1.3752
1535 1 104.6876 0.0409 4.2838 1535 -0.1212 16.7527 0.1291 2.1623 1626 -0.3497 16.3101 0.08433 1.3754
1536 1 104.7059 0.0409 4.2856 1536 -0.1213 16.7581 0.1291 2.1633 1627 -0.3499 16.3111 0.08434 1.3757
1537 1 104.7242 0.0409 4.2864 1537 -0.1214 16.7636 0.1291 2.1643 1628 -0.3502 16.3121 0.08435 1.3759
1538 1 104.7425 0.0409 4.2871 1538 -0.1215 16.7690 0.1291 2.1654 1629 -0.3504 16.3132 0.08436 1.3762
1539 1 104.7608 0.0409 4.2889 1539 -0.1216 16.7745 0.1292 2.1664 1630 -0.3507 16.3142 0.08437 1.3764
1540 1 104.7791 0.0409 4.2897 1540 -0.1217 16.7800 0.1292 2.1675 1631 -0.3509 16.3152 0.08438 1.3767
1541 1 104.7974 0.0410 4.2915 1541 -0.1218 16.7854 0.1292 2.1685 1632 -0.3512 16.3163 0.08439 1.3769
1542 1 104.8157 0.0410 4.2922 1542 -0.1219 16.7909 0.1292 2.1696 1633 -0.3514 16.3173 0.0844 1.3772
1543 1 104.8339 0.0410 4.2940 1543 -0.1220 16.7963 0.1292 2.1706 1634 -0.3517 16.3184 0.08441 1.3774
1544 1 104.8522 0.0410 4.2947 1544 -0.1221 16.8018 0.1293 2.1716 1635 -0.3519 16.3194 0.08442 1.3777
1545 1 104.8705 0.0410 4.2965 1545 -0.1222 16.8072 0.1293 2.1728 1636 -0.3522 16.3204 0.08443 1.3779
1546 1 104.8888 0.0410 4.2973 1546 -0.1223 16.8127 0.1293 2.1739 1637 -0.3524 16.3215 0.08444 1.3782
1547 1 104.9071 0.0410 4.2980 1547 -0.1225 16.8181 0.1293 2.1749 1638 -0.3527 16.3225 0.08445 1.3784
1548 1 104.9253 0.0410 4.2998 1548 -0.1226 16.8236 0.1293 2.1760 1639 -0.3529 16.3235 0.08446 1.3787
1549 1 104.9436 0.0410 4.3006 1549 -0.1227 16.8290 0.1294 2.1770 1640 -0.3532 16.3246 0.08446 1.3788
1550 1 104.9619 0.0410 4.3024 1550 -0.1228 16.8345 0.1294 2.1780 1641 -0.3534 16.3256 0.08447 1.3790
1551 1 104.9802 0.0410 4.3031 1551 -0.1229 16.8400 0.1294 2.1791 1642 -0.3537 16.3266 0.08448 1.3793
1552 1 104.9984 0.0410 4.3049 1552 -0.1230 16.8454 0.1294 2.1801 1643 -0.3539 16.3277 0.08449 1.3795
1553 1 105.0167 0.0410 4.3057 1553 -0.1231 16.8509 0.1294 2.1812 1644 -0.3542 16.3287 0.0845 1.3798
1554 1 105.0350 0.0410 4.3064 1554 -0.1232 16.8563 0.1295 2.1822 1645 -0.3544 16.3298 0.08451 1.3800
1555 1 105.0532 0.0410 4.3082 1555 -0.1233 16.8618 0.1295 2.1833 1646 -0.3547 16.3308 0.08452 1.3803
1556 1 105.0715 0.0410 4.3090 1556 -0.1234 16.8672 0.1295 2.1843 1647 -0.3549 16.3318 0.08453 1.3805
1557 1 105.0898 0.0410 4.3108 1557 -0.1235 16.8727 0.1295 2.1854 1648 -0.3552 16.3329 0.08454 1.3808
1558 1 105.1080 0.0410 4.3115 1558 -0.1236 16.8781 0.1295 2.1864 1649 -0.3554 16.3339 0.08455 1.3810
1559 1 105.1263 0.0410 4.3133 1559 -0.1237 16.8836 0.1296 2.1874 1650 -0.3557 16.3349 0.08456 1.3813
1560 1 105.1445 0.0410 4.3141 1560 -0.1238 16.8891 0.1296 2.1885 1651 -0.3559 16.336 0.08457 1.3815
1561 1 105.1628 0.0410 4.3159 1561 -0.1239 16.8945 0.1296 2.1895 1652 -0.3562 16.337 0.08458 1.3818
1562 1 105.1811 0.0410 4.3166 1562 -0.1240 16.9000 0.1296 2.1906 1653 -0.3564 16.3381 0.08459 1.3820
1563 1 105.1993 0.0410 4.3174 1563 -0.1242 16.9054 0.1297 2.1918 1654 -0.3567 16.3391 0.0846 1.3823
1564 1 105.2176 0.0411 4.3192 1564 -0.1243 16.9109 0.1297 2.1928 1655 -0.3569 16.3401 0.08461 1.3825
1565 1 105.2358 0.0411 4.3199 1565 -0.1244 16.9163 0.1297 2.1939 1656 -0.3572 16.3412 0.08462 1.3828
1566 1 105.2541 0.0411 4.3217 1566 -0.1245 16.9218 0.1297 2.1949 1657 -0.3574 16.3422 0.08463 1.3830
1567 1 105.2723 0.0411 4.3225 1567 -0.1246 16.9272 0.1297 2.1960 1658 -0.3577 16.3432 0.08464 1.3833
LENGTH
(in cm)
WEIGHT-FOR-LENGTH
HEIGHT
(in cm)
WEIGHT-FOR-HEIGHT
DAYS
HEIGHT/LENGTH-FOR-AGE
DAYS
WEIGHT-FOR-AGE
DAYS
MUAC
L M S SD L M S SD L M S SD L M S SD L M S SD
1568 1 105.2906 0.0411 4.3243 1568 -0.1247 16.9327 0.1298 2.1970 1659 -0.3579 16.3443 0.08464 1.3834
1569 1 105.3088 0.0411 4.3250 1569 -0.1248 16.9382 0.1298 2.1981 1660 -0.3582 16.3453 0.08465 1.3836
1570 1 105.3271 0.0411 4.3258 1570 -0.1249 16.9436 0.1298 2.1991 1661 -0.3584 16.3464 0.08466 1.3839
1571 1 105.3453 0.0411 4.3276 1571 -0.1250 16.9491 0.1298 2.2002 1662 -0.3586 16.3474 0.08467 1.3841
1572 1 105.3635 0.0411 4.3283 1572 -0.1251 16.9545 0.1298 2.2012 1663 -0.3589 16.3484 0.08468 1.3844
1573 1 105.3818 0.0411 4.3301 1573 -0.1252 16.9600 0.1299 2.2023 1664 -0.3591 16.3495 0.08469 1.3846
1574 1 105.4000 0.0411 4.3309 1574 -0.1253 16.9654 0.1299 2.2033 1665 -0.3594 16.3505 0.0847 1.3849
1575 1 105.4183 0.0411 4.3327 1575 -0.1254 16.9709 0.1299 2.2044 1666 -0.3596 16.3515 0.08471 1.3851
1576 1 105.4365 0.0411 4.3334 1576 -0.1255 16.9763 0.1299 2.2054 1667 -0.3599 16.3526 0.08472 1.3854
1577 1 105.4547 0.0411 4.3352 1577 -0.1256 16.9818 0.1299 2.2064 1668 -0.3601 16.3536 0.08473 1.3856
1578 1 105.4730 0.0411 4.3360 1578 -0.1257 16.9873 0.1300 2.2077 1669 -0.3604 16.3547 0.08474 1.3859
1579 1 105.4912 0.0411 4.3367 1579 -0.1258 16.9927 0.1300 2.2087 1670 -0.3606 16.3557 0.08475 1.3861
1580 1 105.5094 0.0411 4.3385 1580 -0.1259 16.9982 0.1300 2.2098 1671 -0.3609 16.3567 0.08476 1.3864
1581 1 105.5277 0.0411 4.3393 1581 -0.1260 17.0036 0.1300 2.2108 1672 -0.3611 16.3578 0.08477 1.3867
1582 1 105.5459 0.0411 4.3411 1582 -0.1262 17.0091 0.1300 2.2119 1673 -0.3614 16.3588 0.08478 1.3869
1583 1 105.5641 0.0411 4.3419 1583 -0.1263 17.0145 0.1301 2.2129 1674 -0.3616 16.3599 0.08479 1.3872
1584 1 105.5824 0.0411 4.3437 1584 -0.1264 17.0200 0.1301 2.2140 1675 -0.3619 16.3609 0.0848 1.3874
1585 1 105.6006 0.0411 4.3444 1585 -0.1265 17.0255 0.1301 2.2150 1676 -0.3621 16.3619 0.08481 1.3877
1586 1 105.6188 0.0411 4.3452 1586 -0.1266 17.0309 0.1301 2.2161 1677 -0.3624 16.363 0.08482 1.3879
1587 1 105.6370 0.0412 4.3470 1587 -0.1267 17.0364 0.1301 2.2171 1678 -0.3626 16.364 0.08483 1.3882
1588 1 105.6553 0.0412 4.3477 1588 -0.1268 17.0418 0.1302 2.2182 1679 -0.3628 16.3651 0.08484 1.3884
1589 1 105.6735 0.0412 4.3495 1589 -0.1269 17.0473 0.1302 2.2192 1680 -0.3631 16.3661 0.08484 1.3885
1590 1 105.6917 0.0412 4.3503 1590 -0.1270 17.0527 0.1302 2.2203 1681 -0.3633 16.3671 0.08485 1.3887
1591 1 105.7099 0.0412 4.3521 1591 -0.1271 17.0582 0.1302 2.2215 1682 -0.3636 16.3682 0.08486 1.3890
1592 1 105.7281 0.0412 4.3528 1592 -0.1272 17.0636 0.1303 2.2225 1683 -0.3638 16.3692 0.08487 1.3893
1593 1 105.7463 0.0412 4.3536 1593 -0.1273 17.0691 0.1303 2.2236 1684 -0.3641 16.3703 0.08488 1.3895
1594 1 105.7646 0.0412 4.3554 1594 -0.1274 17.0746 0.1303 2.2246 1685 -0.3643 16.3713 0.08489 1.3898
1595 1 105.7828 0.0412 4.3561 1595 -0.1275 17.0800 0.1303 2.2257 1686 -0.3646 16.3723 0.0849 1.3900
1596 1 105.8010 0.0412 4.3579 1596 -0.1276 17.0855 0.1303 2.2268 1687 -0.3648 16.3734 0.08491 1.3903
1597 1 105.8192 0.0412 4.3587 1597 -0.1277 17.0909 0.1304 2.2278 1688 -0.3651 16.3744 0.08492 1.3905
1598 1 105.8374 0.0412 4.3605 1598 -0.1278 17.0964 0.1304 2.2289 1689 -0.3653 16.3754 0.08493 1.3908
1599 1 105.8556 0.0412 4.3613 1599 -0.1279 17.1018 0.1304 2.2299 1690 -0.3656 16.3765 0.08494 1.3910
1600 1 105.8738 0.0412 4.3620 1600 -0.1280 17.1073 0.1304 2.2310 1691 -0.3658 16.3775 0.08495 1.3913
1601 1 105.8920 0.0412 4.3638 1601 -0.1281 17.1127 0.1304 2.2320 1692 -0.366 16.3786 0.08496 1.3915
1602 1 105.9102 0.0412 4.3646 1602 -0.1282 17.1182 0.1305 2.2331 1693 -0.3663 16.3796 0.08497 1.3918
1603 1 105.9284 0.0412 4.3664 1603 -0.1283 17.1237 0.1305 2.2341 1694 -0.3665 16.3806 0.08498 1.3920
1604 1 105.9466 0.0412 4.3671 1604 -0.1285 17.1291 0.1305 2.2353 1695 -0.3668 16.3817 0.08499 1.3923
1605 1 105.9648 0.0412 4.3689 1605 -0.1286 17.1346 0.1305 2.2364 1696 -0.367 16.3827 0.085 1.3925
1606 1 105.9830 0.0412 4.3697 1606 -0.1287 17.1400 0.1305 2.2375 1697 -0.3673 16.3838 0.08501 1.3928
1607 1 106.0012 0.0412 4.3704 1607 -0.1288 17.1455 0.1306 2.2385 1698 -0.3675 16.3848 0.08502 1.3930
1608 1 106.0194 0.0412 4.3722 1608 -0.1289 17.1509 0.1306 2.2396 1699 -0.3678 16.3859 0.08503 1.3933
1609 1 106.0376 0.0412 4.3730 1609 -0.1290 17.1564 0.1306 2.2406 1700 -0.368 16.3869 0.08504 1.3935
1610 1 106.0558 0.0413 4.3748 1610 -0.1291 17.1618 0.1306 2.2417 1701 -0.3682 16.3879 0.08504 1.3936
1611 1 106.0740 0.0413 4.3756 1611 -0.1292 17.1673 0.1306 2.2427 1702 -0.3685 16.389 0.08505 1.3939
1612 1 106.0922 0.0413 4.3774 1612 -0.1293 17.1728 0.1307 2.2438 1703 -0.3687 16.39 0.08506 1.3941
1613 1 106.1104 0.0413 4.3781 1613 -0.1294 17.1782 0.1307 2.2448 1704 -0.369 16.3911 0.08507 1.3944
1614 1 106.1286 0.0413 4.3799 1614 -0.1295 17.1837 0.1307 2.2459 1705 -0.3692 16.3921 0.08508 1.3946
1615 1 106.1467 0.0413 4.3807 1615 -0.1296 17.1891 0.1307 2.2471 1706 -0.3695 16.3931 0.08509 1.3949
1616 1 106.1649 0.0413 4.3814 1616 -0.1297 17.1946 0.1308 2.2482 1707 -0.3697 16.3942 0.0851 1.3951
LENGTH
(in cm)
WEIGHT-FOR-LENGTH
HEIGHT
(in cm)
WEIGHT-FOR-HEIGHT
DAYS
HEIGHT/LENGTH-FOR-AGE
DAYS
WEIGHT-FOR-AGE
DAYS
MUAC
L M S SD L M S SD L M S SD L M S SD L M S SD
1617 1 106.1831 0.0413 4.3832 1617 -0.1298 17.2000 0.1308 2.2492 1708 -0.3699 16.3952 0.08511 1.3954
1618 1 106.2013 0.0413 4.3840 1618 -0.1299 17.2055 0.1308 2.2503 1709 -0.3702 16.3963 0.08512 1.3957
1619 1 106.2195 0.0413 4.3858 1619 -0.1300 17.2109 0.1308 2.2514 1710 -0.3704 16.3973 0.08513 1.3959
1620 1 106.2377 0.0413 4.3866 1620 -0.1301 17.2164 0.1308 2.2524 1711 -0.3707 16.3983 0.08514 1.3962
1621 1 106.2558 0.0413 4.3884 1621 -0.1302 17.2218 0.1309 2.2535 1712 -0.3709 16.3994 0.08515 1.3964
1622 1 106.2740 0.0413 4.3891 1622 -0.1303 17.2273 0.1309 2.2545 1713 -0.3712 16.4004 0.08516 1.3967
1623 1 106.2922 0.0413 4.3899 1623 -0.1304 17.2328 0.1309 2.2556 1714 -0.3714 16.4015 0.08517 1.3969
1624 1 106.3104 0.0413 4.3917 1624 -0.1305 17.2382 0.1309 2.2567 1715 -0.3717 16.4025 0.08518 1.3972
1625 1 106.3285 0.0413 4.3924 1625 -0.1306 17.2437 0.1309 2.2577 1716 -0.3719 16.4035 0.08519 1.3974
1626 1 106.3467 0.0413 4.3942 1626 -0.1307 17.2491 0.1310 2.2589 1717 -0.3721 16.4046 0.0852 1.3977
1627 1 106.3649 0.0413 4.3950 1627 -0.1308 17.2546 0.1310 2.2600 1718 -0.3724 16.4056 0.08521 1.3979
1628 1 106.3831 0.0413 4.3957 1628 -0.1309 17.2600 0.1310 2.2611 1719 -0.3726 16.4067 0.08522 1.3982
1629 1 106.4012 0.0413 4.3976 1629 -0.1310 17.2655 0.1310 2.2621 1720 -0.3729 16.4077 0.08523 1.3984
1630 1 106.4194 0.0413 4.3983 1630 -0.1311 17.2709 0.1310 2.2632 1721 -0.3731 16.4088 0.08524 1.3987
1631 1 106.4376 0.0413 4.4001 1631 -0.1312 17.2764 0.1311 2.2642 1722 -0.3733 16.4098 0.08524 1.3988
1632 1 106.4557 0.0413 4.4009 1632 -0.1314 17.2818 0.1311 2.2653 1723 -0.3736 16.4108 0.08525 1.3990
1633 1 106.4739 0.0414 4.4027 1633 -0.1315 17.2873 0.1311 2.2664 1724 -0.3738 16.4119 0.08526 1.3993
1634 1 106.4921 0.0414 4.4034 1634 -0.1316 17.2927 0.1311 2.2674 1725 -0.3741 16.4129 0.08527 1.3995
1635 1 106.5102 0.0414 4.4042 1635 -0.1317 17.2982 0.1311 2.2685 1726 -0.3743 16.414 0.08528 1.3998
1636 1 106.5284 0.0414 4.4060 1636 -0.1318 17.3037 0.1312 2.2697 1727 -0.3746 16.415 0.08529 1.4000
1637 1 106.5465 0.0414 4.4068 1637 -0.1319 17.3091 0.1312 2.2708 1728 -0.3748 16.4161 0.0853 1.4003
1638 1 106.5647 0.0414 4.4086 1638 -0.1320 17.3146 0.1312 2.2718 1729 -0.375 16.4171 0.08531 1.4005
1639 1 106.5829 0.0414 4.4093 1639 -0.1321 17.3200 0.1312 2.2729 1730 -0.3753 16.4181 0.08532 1.4008
1640 1 106.6010 0.0414 4.4111 1640 -0.1322 17.3255 0.1313 2.2740 1731 -0.3755 16.4192 0.08533 1.4011
1641 1 106.6192 0.0414 4.4119 1641 -0.1323 17.3309 0.1313 2.2750 1732 -0.3758 16.4202 0.08534 1.4013
1642 1 106.6373 0.0414 4.4127 1642 -0.1324 17.3364 0.1313 2.2761 1733 -0.376 16.4213 0.08535 1.4016
1643 1 106.6555 0.0414 4.4145 1643 -0.1325 17.3418 0.1313 2.2772 1734 -0.3762 16.4223 0.08536 1.4018
1644 1 106.6736 0.0414 4.4152 1644 -0.1326 17.3473 0.1313 2.2782 1735 -0.3765 16.4234 0.08537 1.4021
1645 1 106.6918 0.0414 4.4170 1645 -0.1327 17.3527 0.1314 2.2793 1736 -0.3767 16.4244 0.08538 1.4023
1646 1 106.7099 0.0414 4.4178 1646 -0.1328 17.3582 0.1314 2.2803 1737 -0.377 16.4254 0.08539 1.4026
1647 1 106.7281 0.0414 4.4196 1647 -0.1329 17.3636 0.1314 2.2816 1738 -0.3772 16.4265 0.0854 1.4028
1648 1 106.7462 0.0414 4.4204 1648 -0.1330 17.3691 0.1314 2.2826 1739 -0.3775 16.4275 0.08541 1.4031
1649 1 106.7644 0.0414 4.4211 1649 -0.1331 17.3745 0.1314 2.2837 1740 -0.3777 16.4286 0.08542 1.4033
1650 1 106.7825 0.0414 4.4229 1650 -0.1332 17.3800 0.1315 2.2848 1741 -0.3779 16.4296 0.08543 1.4036
1651 1 106.8006 0.0414 4.4237 1651 -0.1333 17.3854 0.1315 2.2858 1742 -0.3782 16.4307 0.08544 1.4038
1652 1 106.8188 0.0414 4.4255 1652 -0.1334 17.3909 0.1315 2.2869 1743 -0.3784 16.4317 0.08545 1.4041
1653 1 106.8369 0.0414 4.4263 1653 -0.1335 17.3963 0.1315 2.2880 1744 -0.3787 16.4328 0.08546 1.4043
1654 1 106.8551 0.0414 4.4281 1654 -0.1336 17.4018 0.1315 2.2890 1745 -0.3789 16.4338 0.08546 1.4044
1655 1 106.8732 0.0414 4.4288 1655 -0.1337 17.4072 0.1316 2.2901 1746 -0.3791 16.4348 0.08547 1.4047
1656 1 106.8913 0.0414 4.4296 1656 -0.1338 17.4127 0.1316 2.2913 1747 -0.3794 16.4359 0.08548 1.4049
1657 1 106.9095 0.0415 4.4314 1657 -0.1339 17.4181 0.1316 2.2924 1748 -0.3796 16.4369 0.08549 1.4052
1658 1 106.9276 0.0415 4.4321 1658 -0.1340 17.4236 0.1316 2.2935 1749 -0.3799 16.438 0.0855 1.4054
1659 1 106.9457 0.0415 4.4340 1659 -0.1341 17.4290 0.1317 2.2945 1750 -0.3801 16.439 0.08551 1.4057
1660 1 106.9639 0.0415 4.4347 1660 -0.1342 17.4345 0.1317 2.2956 1751 -0.3803 16.4401 0.08552 1.4060
1661 1 106.9820 0.0415 4.4365 1661 -0.1343 17.4399 0.1317 2.2967 1752 -0.3806 16.4411 0.08553 1.4062
1662 1 107.0001 0.0415 4.4373 1662 -0.1344 17.4454 0.1317 2.2977 1753 -0.3808 16.4422 0.08554 1.4065
1663 1 107.0183 0.0415 4.4380 1663 -0.1345 17.4508 0.1317 2.2988 1754 -0.3811 16.4432 0.08555 1.4067
1664 1 107.0364 0.0415 4.4399 1664 -0.1346 17.4563 0.1318 2.2999 1755 -0.3813 16.4442 0.08556 1.4070
1665 1 107.0545 0.0415 4.4406 1665 -0.1347 17.4617 0.1318 2.3009 1756 -0.3815 16.4453 0.08557 1.4072
LENGTH
(in cm)
WEIGHT-FOR-LENGTH
HEIGHT
(in cm)
WEIGHT-FOR-HEIGHT
DAYS
HEIGHT/LENGTH-FOR-AGE
DAYS
WEIGHT-FOR-AGE
DAYS
MUAC
L M S SD L M S SD L M S SD L M S SD L M S SD
1666 1 107.0727 0.0415 4.4424 1666 -0.1348 17.4672 0.1318 2.3022 1757 -0.3818 16.4463 0.08558 1.4075
1667 1 107.0908 0.0415 4.4432 1667 -0.1349 17.4726 0.1318 2.3032 1758 -0.382 16.4474 0.08559 1.4077
1668 1 107.1089 0.0415 4.4439 1668 -0.1350 17.4781 0.1318 2.3043 1759 -0.3822 16.4484 0.0856 1.4080
1669 1 107.1270 0.0415 4.4458 1669 -0.1351 17.4835 0.1319 2.3054 1760 -0.3825 16.4495 0.08561 1.4082
1670 1 107.1452 0.0415 4.4465 1670 -0.1352 17.4890 0.1319 2.3064 1761 -0.3827 16.4505 0.08562 1.4085
1671 1 107.1633 0.0415 4.4483 1671 -0.1353 17.4944 0.1319 2.3075 1762 -0.383 16.4516 0.08563 1.4088
1672 1 107.1814 0.0415 4.4491 1672 -0.1354 17.4999 0.1319 2.3086 1763 -0.3832 16.4526 0.08564 1.4090
1673 1 107.1995 0.0415 4.4509 1673 -0.1355 17.5053 0.1319 2.3096 1764 -0.3834 16.4537 0.08565 1.4093
1674 1 107.2176 0.0415 4.4517 1674 -0.1356 17.5107 0.1320 2.3107 1765 -0.3837 16.4547 0.08566 1.4095
1675 1 107.2358 0.0415 4.4524 1675 -0.1357 17.5162 0.1320 2.3120 1766 -0.3839 16.4558 0.08567 1.4098
1676 1 107.2539 0.0415 4.4543 1676 -0.1358 17.5216 0.1320 2.3130 1767 -0.3842 16.4568 0.08567 1.4099
1677 1 107.2720 0.0415 4.4550 1677 -0.1359 17.5271 0.1320 2.3141 1768 -0.3844 16.4579 0.08568 1.4101
1678 1 107.2901 0.0415 4.4568 1678 -0.1360 17.5325 0.1321 2.3152 1769 -0.3846 16.4589 0.08569 1.4104
1679 1 107.3082 0.0415 4.4576 1679 -0.1361 17.5380 0.1321 2.3162 1770 -0.3849 16.46 0.0857 1.4106
1680 1 107.3263 0.0415 4.4583 1680 -0.1362 17.5434 0.1321 2.3173 1771 -0.3851 16.461 0.08571 1.4109
1681 1 107.3444 0.0416 4.4602 1681 -0.1363 17.5489 0.1321 2.3184 1772 -0.3853 16.4621 0.08572 1.4111
1682 1 107.3625 0.0416 4.4609 1682 -0.1364 17.5543 0.1321 2.3194 1773 -0.3856 16.4631 0.08573 1.4114
1683 1 107.3806 0.0416 4.4627 1683 -0.1365 17.5598 0.1322 2.3205 1774 -0.3858 16.4641 0.08574 1.4116
1684 1 107.3988 0.0416 4.4635 1684 -0.1366 17.5652 0.1322 2.3218 1775 -0.3861 16.4652 0.08575 1.4119
1685 1 107.4169 0.0416 4.4653 1685 -0.1367 17.5706 0.1322 2.3228 1776 -0.3863 16.4662 0.08576 1.4121
1686 1 107.4350 0.0416 4.4661 1686 -0.1368 17.5761 0.1322 2.3239 1777 -0.3865 16.4673 0.08577 1.4124
1687 1 107.4531 0.0416 4.4668 1687 -0.1369 17.5815 0.1322 2.3250 1778 -0.3868 16.4683 0.08578 1.4127
1688 1 107.4712 0.0416 4.4687 1688 -0.1370 17.5870 0.1323 2.3261 1779 -0.387 16.4694 0.08579 1.4129
1689 1 107.4893 0.0416 4.4694 1689 -0.1371 17.5924 0.1323 2.3271 1780 -0.3872 16.4704 0.0858 1.4132
1690 1 107.5074 0.0416 4.4712 1690 -0.1373 17.5979 0.1323 2.3282 1781 -0.3875 16.4715 0.08581 1.4134
1691 1 107.5255 0.0416 4.4720 1691 -0.1374 17.6033 0.1323 2.3293 1782 -0.3877 16.4725 0.08582 1.4137
1692 1 107.5436 0.0416 4.4738 1692 -0.1375 17.6087 0.1323 2.3303 1783 -0.388 16.4736 0.08583 1.4139
1693 1 107.5617 0.0416 4.4746 1693 -0.1376 17.6142 0.1324 2.3316 1784 -0.3882 16.4746 0.08584 1.4142
1694 1 107.5798 0.0416 4.4753 1694 -0.1377 17.6196 0.1324 2.3327 1785 -0.3884 16.4757 0.08585 1.4144
1695 1 107.5979 0.0416 4.4771 1695 -0.1378 17.6251 0.1324 2.3337 1786 -0.3887 16.4767 0.08586 1.4147
1696 1 107.6160 0.0416 4.4779 1696 -0.1379 17.6305 0.1324 2.3348 1787 -0.3889 16.4778 0.08587 1.4149
1697 1 107.6341 0.0416 4.4797 1697 -0.1380 17.6360 0.1325 2.3359 1788 -0.3891 16.4788 0.08588 1.4152
1698 1 107.6522 0.0416 4.4805 1698 -0.1381 17.6414 0.1325 2.3370 1789 -0.3894 16.4799 0.08589 1.4155
1699 1 107.6702 0.0416 4.4812 1699 -0.1382 17.6468 0.1325 2.3380 1790 -0.3896 16.4809 0.08589 1.4155
1700 1 107.6883 0.0416 4.4831 1700 -0.1383 17.6523 0.1325 2.3391 1791 -0.3898 16.482 0.0859 1.4158
1701 1 107.7064 0.0416 4.4838 1701 -0.1384 17.6577 0.1325 2.3402 1792 -0.3901 16.483 0.08591 1.4161
1702 1 107.7245 0.0416 4.4856 1702 -0.1385 17.6632 0.1326 2.3414 1793 -0.3903 16.4841 0.08592 1.4163
1703 1 107.7426 0.0416 4.4864 1703 -0.1386 17.6686 0.1326 2.3425 1794 -0.3906 16.4851 0.08593 1.4166
1704 1 107.7607 0.0417 4.4882 1704 -0.1387 17.6740 0.1326 2.3436 1795 -0.3908 16.4862 0.08594 1.4168
1705 1 107.7788 0.0417 4.4890 1705 -0.1388 17.6795 0.1326 2.3447 1796 -0.391 16.4873 0.08595 1.4171
1706 1 107.7969 0.0417 4.4897 1706 -0.1389 17.6849 0.1326 2.3457 1797 -0.3913 16.4883 0.08596 1.4173
1707 1 107.8149 0.0417 4.4916 1707 -0.1390 17.6904 0.1327 2.3468 1798 -0.3915 16.4894 0.08597 1.4176
1708 1 107.8330 0.0417 4.4923 1708 -0.1391 17.6958 0.1327 2.3479 1799 -0.3917 16.4904 0.08598 1.4178
1709 1 107.8511 0.0417 4.4942 1709 -0.1392 17.7012 0.1327 2.3489 1800 -0.392 16.4915 0.08599 1.4181
1710 1 107.8692 0.0417 4.4949 1710 -0.1393 17.7067 0.1327 2.3500 1801 -0.3922 16.4925 0.086 1.4184
1711 1 107.8873 0.0417 4.4957 1711 -0.1394 17.7121 0.1328 2.3513 1802 -0.3924 16.4936 0.08601 1.4186
1712 1 107.9053 0.0417 4.4975 1712 -0.1395 17.7175 0.1328 2.3524 1803 -0.3927 16.4946 0.08602 1.4189
1713 1 107.9234 0.0417 4.4982 1713 -0.1396 17.7230 0.1328 2.3534 1804 -0.3929 16.4957 0.08603 1.4191
1714 1 107.9415 0.0417 4.5001 1714 -0.1397 17.7284 0.1328 2.3545 1805 -0.3931 16.4967 0.08604 1.4194
LENGTH
(in cm)
WEIGHT-FOR-LENGTH
HEIGHT
(in cm)
WEIGHT-FOR-HEIGHT
DAYS
HEIGHT/LENGTH-FOR-AGE
DAYS
WEIGHT-FOR-AGE
DAYS
MUAC
L M S SD L M S SD L M S SD L M S SD L M S SD
1715 1 107.9596 0.0417 4.5008 1715 -0.1398 17.7339 0.1328 2.3556 1806 -0.3934 16.4978 0.08605 1.4196
1716 1 107.9777 0.0417 4.5016 1716 -0.1399 17.7393 0.1329 2.3567 1807 -0.3936 16.4988 0.08606 1.4199
1717 1 107.9957 0.0417 4.5034 1717 -0.1400 17.7447 0.1329 2.3577 1808 -0.3938 16.4999 0.08607 1.4201
1718 1 108.0138 0.0417 4.5042 1718 -0.1401 17.7502 0.1329 2.3588 1809 -0.3941 16.5009 0.08608 1.4204
1719 1 108.0319 0.0417 4.5060 1719 -0.1402 17.7556 0.1329 2.3599 1810 -0.3943 16.502 0.08609 1.4207
1720 1 108.0499 0.0417 4.5068 1720 -0.1403 17.7610 0.1329 2.3611 1811 -0.3946 16.503 0.0861 1.4209
1721 1 108.0680 0.0417 4.5086 1721 -0.1404 17.7665 0.1330 2.3622 1812 -0.3948 16.5041 0.0861 1.4210
1722 1 108.0861 0.0417 4.5094 1722 -0.1404 17.7719 0.1330 2.3633 1813 -0.395 16.5051 0.08611 1.4213
1723 1 108.1041 0.0417 4.5101 1723 -0.1405 17.7773 0.1330 2.3644 1814 -0.3953 16.5062 0.08612 1.4215
1724 1 108.1222 0.0417 4.5119 1724 -0.1406 17.7828 0.1330 2.3655 1815 -0.3955 16.5073 0.08613 1.4218
1725 1 108.1403 0.0417 4.5127 1725 -0.1407 17.7882 0.1330 2.3665 1816 -0.3957 16.5083 0.08614 1.4220
1726 1 108.1583 0.0417 4.5145 1726 -0.1408 17.7936 0.1331 2.3676 1817 -0.396 16.5094 0.08615 1.4223
1727 1 108.1764 0.0417 4.5153 1727 -0.1409 17.7991 0.1331 2.3687 1818 -0.3962 16.5104 0.08616 1.4225
1728 1 108.1945 0.0417 4.5160 1728 -0.1410 17.8045 0.1331 2.3698 1819 -0.3964 16.5115 0.08617 1.4228
1729 1 108.2125 0.0418 4.5179 1729 -0.1411 17.8099 0.1331 2.3710 1820 -0.3967 16.5125 0.08618 1.4230
1730 1 108.2306 0.0418 4.5186 1730 -0.1412 17.8154 0.1332 2.3721 1821 -0.3969 16.5136 0.08619 1.4233
1731 1 108.2487 0.0418 4.5205 1731 -0.1413 17.8208 0.1332 2.3732 1822 -0.3971 16.5146 0.0862 1.4236
1732 1 108.2667 0.0418 4.5212 1732 -0.1414 17.8262 0.1332 2.3743 1823 -0.3974 16.5157 0.08621 1.4238
1733 1 108.2848 0.0418 4.5220 1733 -0.1415 17.8317 0.1332 2.3754 1824 -0.3976 16.5167 0.08622 1.4241
1734 1 108.3028 0.0418 4.5238 1734 -0.1416 17.8371 0.1332 2.3764 1825 -0.3978 16.5178 0.08623 1.4243
1735 1 108.3209 0.0418 4.5246 1735 -0.1417 17.8425 0.1333 2.3775 1826 -0.3981 16.5189 0.08624 1.4246
1736 1 108.3389 0.0418 4.5264 1736 -0.1418 17.8480 0.1333 2.3786 1827 -0.3983 16.5199 0.08625 1.4248
1737 1 108.3570 0.0418 4.5272 1737 -0.1419 17.8534 0.1333 2.3797 1828 -0.3985 16.521 0.08626 1.4251
1738 1 108.3750 0.0418 4.5290 1738 -0.1420 17.8588 0.1333 2.3809 1829 -0.3988 16.522 0.08627 1.4254
1739 1 108.3931 0.0418 4.5297 1739 -0.1421 17.8642 0.1333 2.3820 1830 -0.399 16.5231 0.08628 1.4256
1740 1 108.4112 0.0418 4.5305 1740 -0.1422 17.8697 0.1334 2.3831 1831 -0.3992 16.5241 0.08629 1.4259
1741 1 108.4292 0.0418 4.5323 1741 -0.1423 17.8751 0.1334 2.3842 1832 -0.3995 16.5252 0.0863 1.4261
1742 1 108.4473 0.0418 4.5331 1742 -0.1424 17.8805 0.1334 2.3853 1833 -0.3997 16.5262 0.08631 1.4264
1743 1 108.4653 0.0418 4.5349 1743 -0.1425 17.8860 0.1334 2.3864 1834 -0.3999 16.5273 0.08631 1.4265
1744 1 108.4833 0.0418 4.5357 1744 -0.1426 17.8914 0.1334 2.3874 1835 -0.4002 16.5284 0.08632 1.4267
1745 1 108.5014 0.0418 4.5364 1745 -0.1427 17.8968 0.1335 2.3885 1836 -0.4004 16.5294 0.08633 1.4270
1746 1 108.5194 0.0418 4.5383 1746 -0.1428 17.9022 0.1335 2.3896 1837 -0.4006 16.5305 0.08634 1.4272
1747 1 108.5375 0.0418 4.5390 1747 -0.1429 17.9077 0.1335 2.3909 1838 -0.4009 16.5315 0.08635 1.4275
1748 1 108.5555 0.0418 4.5409 1748 -0.1430 17.9131 0.1335 2.3919 1839 -0.4011 16.5326 0.08636 1.4278
1749 1 108.5736 0.0418 4.5416 1749 -0.1431 17.9185 0.1336 2.3930 1840 -0.4013 16.5336 0.08637 1.4280
1750 1 108.5916 0.0418 4.5424 1750 -0.1432 17.9240 0.1336 2.3941 1841 -0.4015 16.5347 0.08638 1.4283
1751 1 108.6097 0.0418 4.5442 1751 -0.1433 17.9294 0.1336 2.3952 1842 -0.4018 16.5358 0.08639 1.4285
1752 1 108.6277 0.0418 4.5450 1752 -0.1434 17.9348 0.1336 2.3963 1843 -0.402 16.5368 0.0864 1.4288
1753 1 108.6457 0.0419 4.5468 1753 -0.1435 17.9402 0.1336 2.3973 1844 -0.4022 16.5379 0.08641 1.4290
1754 1 108.6638 0.0419 4.5476 1754 -0.1436 17.9457 0.1337 2.3984 1845 -0.4025 16.5389 0.08642 1.4293
1755 1 108.6818 0.0419 4.5483 1755 -0.1437 17.9511 0.1337 2.3995 1846 -0.4027 16.54 0.08643 1.4296
1756 1 108.6998 0.0419 4.5502 1756 -0.1438 17.9565 0.1337 2.4008 1847 -0.4029 16.541 0.08644 1.4298
1757 1 108.7179 0.0419 4.5509 1757 -0.1439 17.9619 0.1337 2.4019 1848 -0.4032 16.5421 0.08645 1.4301
1758 1 108.7359 0.0419 4.5528 1758 -0.1440 17.9674 0.1337 2.4030 1849 -0.4034 16.5432 0.08646 1.4303
1759 1 108.7539 0.0419 4.5535 1759 -0.1441 17.9728 0.1338 2.4040 1850 -0.4036 16.5442 0.08647 1.4306
1760 1 108.7720 0.0419 4.5554 1760 -0.1442 17.9782 0.1338 2.4051 1851 -0.4039 16.5453 0.08648 1.4308
1761 1 108.7900 0.0419 4.5561 1761 -0.1443 17.9836 0.1338 2.4062 1852 -0.4041 16.5463 0.08649 1.4311
1762 1 108.8080 0.0419 4.5569 1762 -0.1444 17.9890 0.1338 2.4073 1853 -0.4043 16.5474 0.0865 1.4314
1763 1 108.8261 0.0419 4.5587 1763 -0.1445 17.9945 0.1338 2.4084 1854 -0.4046 16.5484 0.08651 1.4316
LENGTH
(in cm)
WEIGHT-FOR-LENGTH
HEIGHT
(in cm)
WEIGHT-FOR-HEIGHT
DAYS
HEIGHT/LENGTH-FOR-AGE
DAYS
WEIGHT-FOR-AGE
DAYS
MUAC
L M S SD L M S SD L M S SD L M S SD L M S SD
1764 1 108.8441 0.0419 4.5595 1764 -0.1446 17.9999 0.1339 2.4095 1855 -0.4048 16.5495 0.08651 1.4317
1765 1 108.8621 0.0419 4.5613 1765 -0.1447 18.0053 0.1339 2.4107 1856 -0.405 16.5506 0.08652 1.4320
1766 1 108.8801 0.0419 4.5621 1766 -0.1448 18.0107 0.1339 2.4118
1767 1 108.8982 0.0419 4.5628 1767 -0.1449 18.0162 0.1339 2.4129
1768 1 108.9162 0.0419 4.5647 1768 -0.1450 18.0216 0.1340 2.4140
1769 1 108.9342 0.0419 4.5654 1769 -0.1451 18.0270 0.1340 2.4151
1770 1 108.9522 0.0419 4.5673 1770 -0.1452 18.0324 0.1340 2.4162
1771 1 108.9702 0.0419 4.5680 1771 -0.1453 18.0378 0.1340 2.4172
1772 1 108.9883 0.0419 4.5688 1772 -0.1454 18.0432 0.1340 2.4183
1773 1 109.0063 0.0419 4.5706 1773 -0.1455 18.0487 0.1341 2.4194
1774 1 109.0243 0.0419 4.5714 1774 -0.1456 18.0541 0.1341 2.4207
1775 1 109.0423 0.0419 4.5732 1775 -0.1457 18.0595 0.1341 2.4218
1776 1 109.0603 0.0419 4.5740 1776 -0.1458 18.0649 0.1341 2.4229
1777 1 109.0783 0.0419 4.5747 1777 -0.1459 18.0703 0.1341 2.4240
1778 1 109.0963 0.0420 4.5766 1778 -0.1460 18.0758 0.1342 2.4250
1779 1 109.1144 0.0420 4.5773 1779 -0.1461 18.0812 0.1342 2.4261
1780 1 109.1324 0.0420 4.5792 1780 -0.1462 18.0866 0.1342 2.4272
1781 1 109.1504 0.0420 4.5800 1781 -0.1462 18.0920 0.1342 2.4283
1782 1 109.1684 0.0420 4.5807 1782 -0.1463 18.0974 0.1342 2.4294
1783 1 109.1864 0.0420 4.5826 1783 -0.1464 18.1028 0.1343 2.4305
1784 1 109.2044 0.0420 4.5833 1784 -0.1465 18.1082 0.1343 2.4318
1785 1 109.2224 0.0420 4.5852 1785 -0.1466 18.1137 0.1343 2.4329
1786 1 109.2404 0.0420 4.5859 1786 -0.1467 18.1191 0.1343 2.4339
1787 1 109.2584 0.0420 4.5867 1787 -0.1468 18.1245 0.1344 2.4350
1788 1 109.2764 0.0420 4.5885 1788 -0.1469 18.1299 0.1344 2.4361
1789 1 109.2944 0.0420 4.5893 1789 -0.1470 18.1353 0.1344 2.4372
1790 1 109.3124 0.0420 4.5911 1790 -0.1471 18.1407 0.1344 2.4383
1791 1 109.3304 0.0420 4.5919 1791 -0.1472 18.1461 0.1344 2.4394
1792 1 109.3484 0.0420 4.5926 1792 -0.1473 18.1515 0.1345 2.4405
1793 1 109.3664 0.0420 4.5945 1793 -0.1474 18.1570 0.1345 2.4418
1794 1 109.3843 0.0420 4.5952 1794 -0.1475 18.1624 0.1345 2.4428
1795 1 109.4023 0.0420 4.5971 1795 -0.1476 18.1678 0.1345 2.4439
1796 1 109.4203 0.0420 4.5978 1796 -0.1477 18.1732 0.1345 2.4450
1797 1 109.4383 0.0420 4.5986 1797 -0.1478 18.1786 0.1346 2.4461
1798 1 109.4563 0.0420 4.6004 1798 -0.1479 18.1840 0.1346 2.4472
1799 1 109.4743 0.0420 4.6012 1799 -0.1480 18.1894 0.1346 2.4483
1800 1 109.4923 0.0420 4.6031 1800 -0.1481 18.1948 0.1346 2.4494
1801 1 109.5102 0.0420 4.6038 1801 -0.1482 18.2002 0.1346 2.4505
1802 1 109.5282 0.0420 4.6046 1802 -0.1483 18.2056 0.1347 2.4516
1803 1 109.5462 0.0421 4.6064 1803 -0.1484 18.2110 0.1347 2.4528
1804 1 109.5642 0.0421 4.6072 1804 -0.1485 18.2164 0.1347 2.4539
1805 1 109.5822 0.0421 4.6090 1805 -0.1486 18.2218 0.1347 2.4550
1806 1 109.6001 0.0421 4.6098 1806 -0.1487 18.2272 0.1348 2.4561
1807 1 109.6181 0.0421 4.6105 1807 -0.1488 18.2327 0.1348 2.4572
1808 1 109.6361 0.0421 4.6124 1808 -0.1489 18.2381 0.1348 2.4583
1809 1 109.6540 0.0421 4.6131 1809 -0.1490 18.2435 0.1348 2.4594
1810 1 109.6720 0.0421 4.6150 1810 -0.1491 18.2489 0.1348 2.4605
1811 1 109.6900 0.0421 4.6158 1811 -0.1491 18.2543 0.1349 2.4616
1812 1 109.7079 0.0421 4.6165 1812 -0.1492 18.2597 0.1349 2.4627
LENGTH
(in cm)
WEIGHT-FOR-LENGTH
HEIGHT
(in cm)
WEIGHT-FOR-HEIGHT
DAYS
HEIGHT/LENGTH-FOR-AGE
DAYS
WEIGHT-FOR-AGE
DAYS
MUAC
L M S SD L M S SD L M S SD L M S SD L M S SD
1813 1 109.7259 0.0421 4.6184 1813 -0.1493 18.2651 0.1349 2.4640
1814 1 109.7439 0.0421 4.6191 1814 -0.1494 18.2705 0.1349 2.4651
1815 1 109.7618 0.0421 4.6210 1815 -0.1495 18.2759 0.1349 2.4661
1816 1 109.7798 0.0421 4.6217 1816 -0.1496 18.2813 0.1350 2.4672
1817 1 109.7978 0.0421 4.6225 1817 -0.1497 18.2867 0.1350 2.4683
1818 1 109.8157 0.0421 4.6243 1818 -0.1498 18.2921 0.1350 2.4694
1819 1 109.8337 0.0421 4.6251 1819 -0.1499 18.2975 0.1350 2.4705
1820 1 109.8516 0.0421 4.6269 1820 -0.1500 18.3029 0.1350 2.4716
1821 1 109.8696 0.0421 4.6277 1821 -0.1501 18.3083 0.1351 2.4727
1822 1 109.8875 0.0421 4.6285 1822 -0.1502 18.3137 0.1351 2.4738
1823 1 109.9055 0.0421 4.6303 1823 -0.1503 18.3190 0.1351 2.4751
1824 1 109.9234 0.0421 4.6311 1824 -0.1504 18.3244 0.1351 2.4762
1825 1 109.9414 0.0421 4.6329 1825 -0.1505 18.3298 0.1352 2.4773
1826 1 109.9593 0.0421 4.6337 1826 -0.1506 18.3352 0.1352 2.4784
1827 1 109.9773 0.0421 4.6344 1827 -0.1507 18.3406 0.1352 2.4795
1828 1 109.9952 0.0422 4.6363 1828 -0.1508 18.3460 0.1352 2.4806
1829 1 110.0131 0.0422 4.6371 1829 -0.1509 18.3514 0.1352 2.4817
1830 1 110.0311 0.0422 4.6389 1830 -0.1510 18.3568 0.1353 2.4828
1831 1 110.0490 0.0422 4.6397 1831 -0.1511 18.3622 0.1353 2.4839
1832 1 110.0669 0.0422 4.6404 1832 -0.1512 18.3676 0.1353 2.4850
1833 1 110.0849 0.0422 4.6423 1833 -0.1513 18.3730 0.1353 2.4861
1834 1 110.1028 0.0422 4.6430 1834 -0.1514 18.3784 0.1353 2.4873
1835 1 110.1207 0.0422 4.6449 1835 -0.1514 18.3838 0.1354 2.4884
1836 1 110.1387 0.0422 4.6457 1836 -0.1515 18.3891 0.1354 2.4895
1837 1 110.1566 0.0422 4.6464 1837 -0.1516 18.3945 0.1354 2.4906
1838 1 110.1745 0.0422 4.6483 1838 -0.1517 18.3999 0.1354 2.4917
1839 1 110.1924 0.0422 4.6490 1839 -0.1518 18.4053 0.1354 2.4928
1840 1 110.2104 0.0422 4.6509 1840 -0.1519 18.4107 0.1355 2.4939
1841 1 110.2283 0.0422 4.6516 1841 -0.1520 18.4161 0.1355 2.4950
1842 1 110.2462 0.0422 4.6524 1842 -0.1521 18.4215 0.1355 2.4961
1843 1 110.2641 0.0422 4.6542 1843 -0.1522 18.4268 0.1355 2.4972
1844 1 110.2820 0.0422 4.6550 1844 -0.1523 18.4322 0.1355 2.4983
1845 1 110.3000 0.0422 4.6569 1845 -0.1524 18.4376 0.1356 2.4996
1846 1 110.3179 0.0422 4.6576 1846 -0.1525 18.4430 0.1356 2.5007
1847 1 110.3358 0.0422 4.6584 1847 -0.1526 18.4484 0.1356 2.5018
1848 1 110.3537 0.0422 4.6602 1848 -0.1527 18.4538 0.1356 2.5029
1849 1 110.3716 0.0422 4.6610 1849 -0.1528 18.4591 0.1357 2.5040
1850 1 110.3895 0.0422 4.6617 1850 -0.1529 18.4645 0.1357 2.5051
1851 1 110.4074 0.0422 4.6636 1851 -0.1530 18.4699 0.1357 2.5062
1852 1 110.4253 0.0422 4.6644 1852 -0.1531 18.4753 0.1357 2.5073
1853 1 110.4432 0.0423 4.6662 1853 -0.1532 18.4807 0.1357 2.5084
1854 1 110.4611 0.0423 4.6670 1854 -0.1533 18.4860 0.1358 2.5095
1855 1 110.4790 0.0423 4.6677 1855 -0.1533 18.4914 0.1358 2.5106
1856 1 110.4969 0.0423 4.6696 1856 -0.1534 18.4968 0.1358 2.5119
